evaluation,experiment,comparison,level,error_type,code,n_cases
Evaluation 1: EXP1 vs PHY,EXP1,EXP1_pooled_any_type vs PHY_pooled_any_type,full,false_negative_phy_code_missed_by_llm,01-01-00,156
Evaluation 1: EXP1 vs PHY,EXP1,EXP1_pooled_any_type vs PHY_pooled_any_type,full,false_negative_phy_code_missed_by_llm,01-04-02,151
Evaluation 1: EXP1 vs PHY,EXP1,EXP1_pooled_any_type vs PHY_pooled_any_type,full,false_negative_phy_code_missed_by_llm,03-03-00,106
Evaluation 1: EXP1 vs PHY,EXP1,EXP1_pooled_any_type vs PHY_pooled_any_type,full,false_negative_phy_code_missed_by_llm,03-06-00,63
Evaluation 1: EXP1 vs PHY,EXP1,EXP1_pooled_any_type vs PHY_pooled_any_type,full,false_negative_phy_code_missed_by_llm,03-00-00,53
Evaluation 1: EXP1 vs PHY,EXP1,EXP1_pooled_any_type vs PHY_pooled_any_type,full,false_negative_phy_code_missed_by_llm,01-04-00,47
Evaluation 1: EXP1 vs PHY,EXP1,EXP1_pooled_any_type vs PHY_pooled_any_type,full,false_negative_phy_code_missed_by_llm,01-00-00,46
Evaluation 1: EXP1 vs PHY,EXP1,EXP1_pooled_any_type vs PHY_pooled_any_type,full,false_negative_phy_code_missed_by_llm,01-01-01,44
Evaluation 1: EXP1 vs PHY,EXP1,EXP1_pooled_any_type vs PHY_pooled_any_type,full,false_negative_phy_code_missed_by_llm,01-01-05,41
Evaluation 1: EXP1 vs PHY,EXP1,EXP1_pooled_any_type vs PHY_pooled_any_type,full,false_negative_phy_code_missed_by_llm,03-04-00,38
Evaluation 1: EXP1 vs PHY,EXP1,EXP1_pooled_any_type vs PHY_pooled_any_type,full,false_negative_phy_code_missed_by_llm,03-01-02,37
Evaluation 1: EXP1 vs PHY,EXP1,EXP1_pooled_any_type vs PHY_pooled_any_type,full,false_negative_phy_code_missed_by_llm,04-00-00,34
Evaluation 1: EXP1 vs PHY,EXP1,EXP1_pooled_any_type vs PHY_pooled_any_type,full,false_negative_phy_code_missed_by_llm,01-01-04,33
Evaluation 1: EXP1 vs PHY,EXP1,EXP1_pooled_any_type vs PHY_pooled_any_type,full,false_negative_phy_code_missed_by_llm,03-01-00,30
Evaluation 1: EXP1 vs PHY,EXP1,EXP1_pooled_any_type vs PHY_pooled_any_type,full,false_negative_phy_code_missed_by_llm,01-01-06,29
Evaluation 1: EXP1 vs PHY,EXP1,EXP1_pooled_any_type vs PHY_pooled_any_type,full,false_negative_phy_code_missed_by_llm,05-05-00,28
Evaluation 1: EXP1 vs PHY,EXP1,EXP1_pooled_any_type vs PHY_pooled_any_type,full,false_negative_phy_code_missed_by_llm,03-08-01,23
Evaluation 1: EXP1 vs PHY,EXP1,EXP1_pooled_any_type vs PHY_pooled_any_type,full,false_negative_phy_code_missed_by_llm,03-06-04,22
Evaluation 1: EXP1 vs PHY,EXP1,EXP1_pooled_any_type vs PHY_pooled_any_type,full,false_negative_phy_code_missed_by_llm,03-08-00,22
Evaluation 1: EXP1 vs PHY,EXP1,EXP1_pooled_any_type vs PHY_pooled_any_type,full,false_negative_phy_code_missed_by_llm,05-00-00,22
Evaluation 1: EXP1 vs PHY,EXP1,EXP1_pooled_any_type vs PHY_pooled_any_type,full,false_negative_phy_code_missed_by_llm,04-05-00,21
Evaluation 1: EXP1 vs PHY,EXP1,EXP1_pooled_any_type vs PHY_pooled_any_type,full,false_negative_phy_code_missed_by_llm,01-04-03,19
Evaluation 1: EXP1 vs PHY,EXP1,EXP1_pooled_any_type vs PHY_pooled_any_type,full,false_negative_phy_code_missed_by_llm,05-03-00,19
Evaluation 1: EXP1 vs PHY,EXP1,EXP1_pooled_any_type vs PHY_pooled_any_type,full,false_negative_phy_code_missed_by_llm,05-06-00,18
Evaluation 1: EXP1 vs PHY,EXP1,EXP1_pooled_any_type vs PHY_pooled_any_type,full,false_negative_phy_code_missed_by_llm,03-01-04,17
Evaluation 1: EXP1 vs PHY,EXP1,EXP1_pooled_any_type vs PHY_pooled_any_type,full,false_negative_phy_code_missed_by_llm,03-07-00,16
Evaluation 1: EXP1 vs PHY,EXP1,EXP1_pooled_any_type vs PHY_pooled_any_type,full,false_negative_phy_code_missed_by_llm,01-03-00,14
Evaluation 1: EXP1 vs PHY,EXP1,EXP1_pooled_any_type vs PHY_pooled_any_type,full,false_negative_phy_code_missed_by_llm,05-04-00,13
Evaluation 1: EXP1 vs PHY,EXP1,EXP1_pooled_any_type vs PHY_pooled_any_type,full,false_negative_phy_code_missed_by_llm,01-04-01,12
Evaluation 1: EXP1 vs PHY,EXP1,EXP1_pooled_any_type vs PHY_pooled_any_type,full,false_negative_phy_code_missed_by_llm,01-01-02,12
Evaluation 1: EXP1 vs PHY,EXP1,EXP1_pooled_any_type vs PHY_pooled_any_type,full,false_negative_phy_code_missed_by_llm,02-00-00,10
Evaluation 1: EXP1 vs PHY,EXP1,EXP1_pooled_any_type vs PHY_pooled_any_type,full,false_negative_phy_code_missed_by_llm,01-05-00,10
Evaluation 1: EXP1 vs PHY,EXP1,EXP1_pooled_any_type vs PHY_pooled_any_type,full,false_negative_phy_code_missed_by_llm,03-03-02,8
Evaluation 1: EXP1 vs PHY,EXP1,EXP1_pooled_any_type vs PHY_pooled_any_type,full,false_negative_phy_code_missed_by_llm,03-01-03,8
Evaluation 1: EXP1 vs PHY,EXP1,EXP1_pooled_any_type vs PHY_pooled_any_type,full,false_negative_phy_code_missed_by_llm,03-09-01,7
Evaluation 1: EXP1 vs PHY,EXP1,EXP1_pooled_any_type vs PHY_pooled_any_type,full,false_negative_phy_code_missed_by_llm,03-03-03,7
Evaluation 1: EXP1 vs PHY,EXP1,EXP1_pooled_any_type vs PHY_pooled_any_type,full,false_negative_phy_code_missed_by_llm,03-06-03,7
Evaluation 1: EXP1 vs PHY,EXP1,EXP1_pooled_any_type vs PHY_pooled_any_type,full,false_negative_phy_code_missed_by_llm,03-06-02,6
Evaluation 1: EXP1 vs PHY,EXP1,EXP1_pooled_any_type vs PHY_pooled_any_type,full,false_negative_phy_code_missed_by_llm,03-03-01,6
Evaluation 1: EXP1 vs PHY,EXP1,EXP1_pooled_any_type vs PHY_pooled_any_type,full,false_negative_phy_code_missed_by_llm,03-09-00,5
Evaluation 1: EXP1 vs PHY,EXP1,EXP1_pooled_any_type vs PHY_pooled_any_type,full,false_negative_phy_code_missed_by_llm,03-01-01,5
Evaluation 1: EXP1 vs PHY,EXP1,EXP1_pooled_any_type vs PHY_pooled_any_type,full,false_negative_phy_code_missed_by_llm,03-04-01,5
Evaluation 1: EXP1 vs PHY,EXP1,EXP1_pooled_any_type vs PHY_pooled_any_type,full,false_negative_phy_code_missed_by_llm,04-02-00,4
Evaluation 1: EXP1 vs PHY,EXP1,EXP1_pooled_any_type vs PHY_pooled_any_type,full,false_negative_phy_code_missed_by_llm,03-07-01,4
Evaluation 1: EXP1 vs PHY,EXP1,EXP1_pooled_any_type vs PHY_pooled_any_type,full,false_negative_phy_code_missed_by_llm,03-02-00,4
Evaluation 1: EXP1 vs PHY,EXP1,EXP1_pooled_any_type vs PHY_pooled_any_type,full,false_negative_phy_code_missed_by_llm,03-05-01,3
Evaluation 1: EXP1 vs PHY,EXP1,EXP1_pooled_any_type vs PHY_pooled_any_type,full,false_negative_phy_code_missed_by_llm,02-01-00,2
Evaluation 1: EXP1 vs PHY,EXP1,EXP1_pooled_any_type vs PHY_pooled_any_type,full,false_negative_phy_code_missed_by_llm,04-08-00,2
Evaluation 1: EXP1 vs PHY,EXP1,EXP1_pooled_any_type vs PHY_pooled_any_type,full,false_negative_phy_code_missed_by_llm,04-01-00,2
Evaluation 1: EXP1 vs PHY,EXP1,EXP1_pooled_any_type vs PHY_pooled_any_type,full,false_negative_phy_code_missed_by_llm,03-02-01,2
Evaluation 1: EXP1 vs PHY,EXP1,EXP1_pooled_any_type vs PHY_pooled_any_type,full,false_negative_phy_code_missed_by_llm,03-05-00,2
Evaluation 1: EXP1 vs PHY,EXP1,EXP1_pooled_any_type vs PHY_pooled_any_type,full,false_negative_phy_code_missed_by_llm,04-03-00,2
Evaluation 1: EXP1 vs PHY,EXP1,EXP1_pooled_any_type vs PHY_pooled_any_type,full,false_negative_phy_code_missed_by_llm,03-02-02,2
Evaluation 1: EXP1 vs PHY,EXP1,EXP1_pooled_any_type vs PHY_pooled_any_type,full,false_negative_phy_code_missed_by_llm,02-06-00,1
Evaluation 1: EXP1 vs PHY,EXP1,EXP1_pooled_any_type vs PHY_pooled_any_type,full,false_negative_phy_code_missed_by_llm,02-04-00,1
Evaluation 1: EXP1 vs PHY,EXP1,EXP1_pooled_any_type vs PHY_pooled_any_type,full,false_negative_phy_code_missed_by_llm,04-04-00,1
Evaluation 1: EXP1 vs PHY,EXP1,EXP1_pooled_any_type vs PHY_pooled_any_type,full,false_negative_phy_code_missed_by_llm,02-05-00,1
Evaluation 1: EXP1 vs PHY,EXP1,EXP1_pooled_any_type vs PHY_pooled_any_type,full,false_negative_phy_code_missed_by_llm,02-03-00,1
Evaluation 1: EXP1 vs PHY,EXP1,EXP1_pooled_any_type vs PHY_pooled_any_type,full,false_negative_phy_code_missed_by_llm,02-02-00,1
Evaluation 1: EXP1 vs PHY,EXP1,EXP1_pooled_any_type vs PHY_pooled_any_type,full,false_positive_llm_extra_code_not_in_phy,03-09-01,722
Evaluation 1: EXP1 vs PHY,EXP1,EXP1_pooled_any_type vs PHY_pooled_any_type,full,false_positive_llm_extra_code_not_in_phy,01-01-04,577
Evaluation 1: EXP1 vs PHY,EXP1,EXP1_pooled_any_type vs PHY_pooled_any_type,full,false_positive_llm_extra_code_not_in_phy,03-08-00,500
Evaluation 1: EXP1 vs PHY,EXP1,EXP1_pooled_any_type vs PHY_pooled_any_type,full,false_positive_llm_extra_code_not_in_phy,01-05-00,447
Evaluation 1: EXP1 vs PHY,EXP1,EXP1_pooled_any_type vs PHY_pooled_any_type,full,false_positive_llm_extra_code_not_in_phy,01-01-01,420
Evaluation 1: EXP1 vs PHY,EXP1,EXP1_pooled_any_type vs PHY_pooled_any_type,full,false_positive_llm_extra_code_not_in_phy,01-01-00,404
Evaluation 1: EXP1 vs PHY,EXP1,EXP1_pooled_any_type vs PHY_pooled_any_type,full,false_positive_llm_extra_code_not_in_phy,03-02-00,398
Evaluation 1: EXP1 vs PHY,EXP1,EXP1_pooled_any_type vs PHY_pooled_any_type,full,false_positive_llm_extra_code_not_in_phy,03-01-01,358
Evaluation 1: EXP1 vs PHY,EXP1,EXP1_pooled_any_type vs PHY_pooled_any_type,full,false_positive_llm_extra_code_not_in_phy,03-08-99,292
Evaluation 1: EXP1 vs PHY,EXP1,EXP1_pooled_any_type vs PHY_pooled_any_type,full,false_positive_llm_extra_code_not_in_phy,01-04-01,271
Evaluation 1: EXP1 vs PHY,EXP1,EXP1_pooled_any_type vs PHY_pooled_any_type,full,false_positive_llm_extra_code_not_in_phy,01-99-00,247
Evaluation 1: EXP1 vs PHY,EXP1,EXP1_pooled_any_type vs PHY_pooled_any_type,full,false_positive_llm_extra_code_not_in_phy,03-03-99,239
Evaluation 1: EXP1 vs PHY,EXP1,EXP1_pooled_any_type vs PHY_pooled_any_type,full,false_positive_llm_extra_code_not_in_phy,03-04-99,225
Evaluation 1: EXP1 vs PHY,EXP1,EXP1_pooled_any_type vs PHY_pooled_any_type,full,false_positive_llm_extra_code_not_in_phy,01-01-05,224
Evaluation 1: EXP1 vs PHY,EXP1,EXP1_pooled_any_type vs PHY_pooled_any_type,full,false_positive_llm_extra_code_not_in_phy,00-02-00,191
Evaluation 1: EXP1 vs PHY,EXP1,EXP1_pooled_any_type vs PHY_pooled_any_type,full,false_positive_llm_extra_code_not_in_phy,03-03-03,188
Evaluation 1: EXP1 vs PHY,EXP1,EXP1_pooled_any_type vs PHY_pooled_any_type,full,false_positive_llm_extra_code_not_in_phy,03-01-99,179
Evaluation 1: EXP1 vs PHY,EXP1,EXP1_pooled_any_type vs PHY_pooled_any_type,full,false_positive_llm_extra_code_not_in_phy,03-99-00,172
Evaluation 1: EXP1 vs PHY,EXP1,EXP1_pooled_any_type vs PHY_pooled_any_type,full,false_positive_llm_extra_code_not_in_phy,01-01-06,171
Evaluation 1: EXP1 vs PHY,EXP1,EXP1_pooled_any_type vs PHY_pooled_any_type,full,false_positive_llm_extra_code_not_in_phy,03-07-01,155
Evaluation 1: EXP1 vs PHY,EXP1,EXP1_pooled_any_type vs PHY_pooled_any_type,full,false_positive_llm_extra_code_not_in_phy,01-01-99,152
Evaluation 1: EXP1 vs PHY,EXP1,EXP1_pooled_any_type vs PHY_pooled_any_type,full,false_positive_llm_extra_code_not_in_phy,01-01-02,147
Evaluation 1: EXP1 vs PHY,EXP1,EXP1_pooled_any_type vs PHY_pooled_any_type,full,false_positive_llm_extra_code_not_in_phy,03-06-99,136
Evaluation 1: EXP1 vs PHY,EXP1,EXP1_pooled_any_type vs PHY_pooled_any_type,full,false_positive_llm_extra_code_not_in_phy,03-07-99,124
Evaluation 1: EXP1 vs PHY,EXP1,EXP1_pooled_any_type vs PHY_pooled_any_type,full,false_positive_llm_extra_code_not_in_phy,03-01-02,123
Evaluation 1: EXP1 vs PHY,EXP1,EXP1_pooled_any_type vs PHY_pooled_any_type,full,false_positive_llm_extra_code_not_in_phy,03-03-02,114
Evaluation 1: EXP1 vs PHY,EXP1,EXP1_pooled_any_type vs PHY_pooled_any_type,full,false_positive_llm_extra_code_not_in_phy,03-04-02,111
Evaluation 1: EXP1 vs PHY,EXP1,EXP1_pooled_any_type vs PHY_pooled_any_type,full,false_positive_llm_extra_code_not_in_phy,01-04-02,110
Evaluation 1: EXP1 vs PHY,EXP1,EXP1_pooled_any_type vs PHY_pooled_any_type,full,false_positive_llm_extra_code_not_in_phy,03-01-04,109
Evaluation 1: EXP1 vs PHY,EXP1,EXP1_pooled_any_type vs PHY_pooled_any_type,full,false_positive_llm_extra_code_not_in_phy,02-04-00,104
Evaluation 1: EXP1 vs PHY,EXP1,EXP1_pooled_any_type vs PHY_pooled_any_type,full,false_positive_llm_extra_code_not_in_phy,04-99-00,94
Evaluation 1: EXP1 vs PHY,EXP1,EXP1_pooled_any_type vs PHY_pooled_any_type,full,false_positive_llm_extra_code_not_in_phy,05-03-00,93
Evaluation 1: EXP1 vs PHY,EXP1,EXP1_pooled_any_type vs PHY_pooled_any_type,full,false_positive_llm_extra_code_not_in_phy,03-02-02,82
Evaluation 1: EXP1 vs PHY,EXP1,EXP1_pooled_any_type vs PHY_pooled_any_type,full,false_positive_llm_extra_code_not_in_phy,05-05-00,81
Evaluation 1: EXP1 vs PHY,EXP1,EXP1_pooled_any_type vs PHY_pooled_any_type,full,false_positive_llm_extra_code_not_in_phy,05-06-00,81
Evaluation 1: EXP1 vs PHY,EXP1,EXP1_pooled_any_type vs PHY_pooled_any_type,full,false_positive_llm_extra_code_not_in_phy,03-02-99,72
Evaluation 1: EXP1 vs PHY,EXP1,EXP1_pooled_any_type vs PHY_pooled_any_type,full,false_positive_llm_extra_code_not_in_phy,05-99-00,71
Evaluation 1: EXP1 vs PHY,EXP1,EXP1_pooled_any_type vs PHY_pooled_any_type,full,false_positive_llm_extra_code_not_in_phy,03-05-01,66
Evaluation 1: EXP1 vs PHY,EXP1,EXP1_pooled_any_type vs PHY_pooled_any_type,full,false_positive_llm_extra_code_not_in_phy,03-01-03,65
Evaluation 1: EXP1 vs PHY,EXP1,EXP1_pooled_any_type vs PHY_pooled_any_type,full,false_positive_llm_extra_code_not_in_phy,03-03-01,57
Evaluation 1: EXP1 vs PHY,EXP1,EXP1_pooled_any_type vs PHY_pooled_any_type,full,false_positive_llm_extra_code_not_in_phy,03-03-00,43
Evaluation 1: EXP1 vs PHY,EXP1,EXP1_pooled_any_type vs PHY_pooled_any_type,full,false_positive_llm_extra_code_not_in_phy,00-04-00,41
Evaluation 1: EXP1 vs PHY,EXP1,EXP1_pooled_any_type vs PHY_pooled_any_type,full,false_positive_llm_extra_code_not_in_phy,03-08-01,40
Evaluation 1: EXP1 vs PHY,EXP1,EXP1_pooled_any_type vs PHY_pooled_any_type,full,false_positive_llm_extra_code_not_in_phy,03-04-01,38
Evaluation 1: EXP1 vs PHY,EXP1,EXP1_pooled_any_type vs PHY_pooled_any_type,full,false_positive_llm_extra_code_not_in_phy,04-09-00,32
Evaluation 1: EXP1 vs PHY,EXP1,EXP1_pooled_any_type vs PHY_pooled_any_type,full,false_positive_llm_extra_code_not_in_phy,03-06-07,31
Evaluation 1: EXP1 vs PHY,EXP1,EXP1_pooled_any_type vs PHY_pooled_any_type,full,false_positive_llm_extra_code_not_in_phy,03-06-04,31
Evaluation 1: EXP1 vs PHY,EXP1,EXP1_pooled_any_type vs PHY_pooled_any_type,full,false_positive_llm_extra_code_not_in_phy,99-00-00,30
Evaluation 1: EXP1 vs PHY,EXP1,EXP1_pooled_any_type vs PHY_pooled_any_type,full,false_positive_llm_extra_code_not_in_phy,00-03-00,30
Evaluation 1: EXP1 vs PHY,EXP1,EXP1_pooled_any_type vs PHY_pooled_any_type,full,false_positive_llm_extra_code_not_in_phy,01-04-03,29
Evaluation 1: EXP1 vs PHY,EXP1,EXP1_pooled_any_type vs PHY_pooled_any_type,full,false_positive_llm_extra_code_not_in_phy,02-99-00,27
Evaluation 1: EXP1 vs PHY,EXP1,EXP1_pooled_any_type vs PHY_pooled_any_type,full,false_positive_llm_extra_code_not_in_phy,05-08-00,25
Evaluation 1: EXP1 vs PHY,EXP1,EXP1_pooled_any_type vs PHY_pooled_any_type,full,false_positive_llm_extra_code_not_in_phy,04-02-00,24
Evaluation 1: EXP1 vs PHY,EXP1,EXP1_pooled_any_type vs PHY_pooled_any_type,full,false_positive_llm_extra_code_not_in_phy,01-03-00,24
Evaluation 1: EXP1 vs PHY,EXP1,EXP1_pooled_any_type vs PHY_pooled_any_type,full,false_positive_llm_extra_code_not_in_phy,01-04-00,22
Evaluation 1: EXP1 vs PHY,EXP1,EXP1_pooled_any_type vs PHY_pooled_any_type,full,false_positive_llm_extra_code_not_in_phy,03-02-01,20
Evaluation 1: EXP1 vs PHY,EXP1,EXP1_pooled_any_type vs PHY_pooled_any_type,full,false_positive_llm_extra_code_not_in_phy,03-06-06,18
Evaluation 1: EXP1 vs PHY,EXP1,EXP1_pooled_any_type vs PHY_pooled_any_type,full,false_positive_llm_extra_code_not_in_phy,05-04-00,18
Evaluation 1: EXP1 vs PHY,EXP1,EXP1_pooled_any_type vs PHY_pooled_any_type,full,false_positive_llm_extra_code_not_in_phy,04-05-00,18
Evaluation 1: EXP1 vs PHY,EXP1,EXP1_pooled_any_type vs PHY_pooled_any_type,full,false_positive_llm_extra_code_not_in_phy,02-03-00,17
Evaluation 1: EXP1 vs PHY,EXP1,EXP1_pooled_any_type vs PHY_pooled_any_type,full,false_positive_llm_extra_code_not_in_phy,04-06-00,16
Evaluation 1: EXP1 vs PHY,EXP1,EXP1_pooled_any_type vs PHY_pooled_any_type,full,false_positive_llm_extra_code_not_in_phy,03-09-99,16
Evaluation 1: EXP1 vs PHY,EXP1,EXP1_pooled_any_type vs PHY_pooled_any_type,full,false_positive_llm_extra_code_not_in_phy,03-04-00,15
Evaluation 1: EXP1 vs PHY,EXP1,EXP1_pooled_any_type vs PHY_pooled_any_type,full,false_positive_llm_extra_code_not_in_phy,01-04-99,15
Evaluation 1: EXP1 vs PHY,EXP1,EXP1_pooled_any_type vs PHY_pooled_any_type,full,false_positive_llm_extra_code_not_in_phy,02-05-00,13
Evaluation 1: EXP1 vs PHY,EXP1,EXP1_pooled_any_type vs PHY_pooled_any_type,full,false_positive_llm_extra_code_not_in_phy,04-00-00,11
Evaluation 1: EXP1 vs PHY,EXP1,EXP1_pooled_any_type vs PHY_pooled_any_type,full,false_positive_llm_extra_code_not_in_phy,05-00-00,10
Evaluation 1: EXP1 vs PHY,EXP1,EXP1_pooled_any_type vs PHY_pooled_any_type,full,false_positive_llm_extra_code_not_in_phy,03-06-01,8
Evaluation 1: EXP1 vs PHY,EXP1,EXP1_pooled_any_type vs PHY_pooled_any_type,full,false_positive_llm_extra_code_not_in_phy,01-01-03,8
Evaluation 1: EXP1 vs PHY,EXP1,EXP1_pooled_any_type vs PHY_pooled_any_type,full,false_positive_llm_extra_code_not_in_phy,03-05-99,8
Evaluation 1: EXP1 vs PHY,EXP1,EXP1_pooled_any_type vs PHY_pooled_any_type,full,false_positive_llm_extra_code_not_in_phy,05-02-00,8
Evaluation 1: EXP1 vs PHY,EXP1,EXP1_pooled_any_type vs PHY_pooled_any_type,full,false_positive_llm_extra_code_not_in_phy,02-02-00,7
Evaluation 1: EXP1 vs PHY,EXP1,EXP1_pooled_any_type vs PHY_pooled_any_type,full,false_positive_llm_extra_code_not_in_phy,02-00-00,7
Evaluation 1: EXP1 vs PHY,EXP1,EXP1_pooled_any_type vs PHY_pooled_any_type,full,false_positive_llm_extra_code_not_in_phy,04-03-00,7
Evaluation 1: EXP1 vs PHY,EXP1,EXP1_pooled_any_type vs PHY_pooled_any_type,full,false_positive_llm_extra_code_not_in_phy,03-06-00,7
Evaluation 1: EXP1 vs PHY,EXP1,EXP1_pooled_any_type vs PHY_pooled_any_type,full,false_positive_llm_extra_code_not_in_phy,03-06-03,6
Evaluation 1: EXP1 vs PHY,EXP1,EXP1_pooled_any_type vs PHY_pooled_any_type,full,false_positive_llm_extra_code_not_in_phy,03-06-05,6
Evaluation 1: EXP1 vs PHY,EXP1,EXP1_pooled_any_type vs PHY_pooled_any_type,full,false_positive_llm_extra_code_not_in_phy,04-07-00,5
Evaluation 1: EXP1 vs PHY,EXP1,EXP1_pooled_any_type vs PHY_pooled_any_type,full,false_positive_llm_extra_code_not_in_phy,03-06-02,5
Evaluation 1: EXP1 vs PHY,EXP1,EXP1_pooled_any_type vs PHY_pooled_any_type,full,false_positive_llm_extra_code_not_in_phy,04-08-00,5
Evaluation 1: EXP1 vs PHY,EXP1,EXP1_pooled_any_type vs PHY_pooled_any_type,full,false_positive_llm_extra_code_not_in_phy,03-01-00,5
Evaluation 1: EXP1 vs PHY,EXP1,EXP1_pooled_any_type vs PHY_pooled_any_type,full,false_positive_llm_extra_code_not_in_phy,04-01-00,4
Evaluation 1: EXP1 vs PHY,EXP1,EXP1_pooled_any_type vs PHY_pooled_any_type,full,false_positive_llm_extra_code_not_in_phy,02-06-00,4
Evaluation 1: EXP1 vs PHY,EXP1,EXP1_pooled_any_type vs PHY_pooled_any_type,full,false_positive_llm_extra_code_not_in_phy,05-01-00,3
Evaluation 1: EXP1 vs PHY,EXP1,EXP1_pooled_any_type vs PHY_pooled_any_type,full,false_positive_llm_extra_code_not_in_phy,04-04-00,2
Evaluation 1: EXP1 vs PHY,EXP1,EXP1_pooled_any_type vs PHY_pooled_any_type,full,false_positive_llm_extra_code_not_in_phy,02-01-00,2
Evaluation 1: EXP1 vs PHY,EXP1,EXP1_pooled_any_type vs PHY_pooled_any_type,full,false_positive_llm_extra_code_not_in_phy,03-07-00,2
Evaluation 1: EXP1 vs PHY,EXP1,EXP1_pooled_any_type vs PHY_pooled_any_type,full,false_positive_llm_extra_code_not_in_phy,03-09-00,1
Evaluation 1: EXP1 vs PHY,EXP1,EXP1_pooled_any_type vs PHY_pooled_any_type,full,false_positive_llm_extra_code_not_in_phy,00-01-00,1
Evaluation 1: EXP1 vs PHY,EXP1,EXP1_pooled_any_type vs PHY_pooled_any_type,full,false_positive_llm_extra_code_not_in_phy,01-00-00,1
Evaluation 1: EXP1 vs PHY,EXP1,EXP1_pooled_any_type vs PHY_pooled_any_type,full,false_positive_llm_extra_code_not_in_phy,05-09-00,1
Evaluation 1: EXP1 vs PHY,EXP1,EXP1_pooled_any_type vs PHY_pooled_any_type,full,true_positive_code_found_by_both,01-04-02,677
Evaluation 1: EXP1 vs PHY,EXP1,EXP1_pooled_any_type vs PHY_pooled_any_type,full,true_positive_code_found_by_both,03-01-01,202
Evaluation 1: EXP1 vs PHY,EXP1,EXP1_pooled_any_type vs PHY_pooled_any_type,full,true_positive_code_found_by_both,01-01-04,202
Evaluation 1: EXP1 vs PHY,EXP1,EXP1_pooled_any_type vs PHY_pooled_any_type,full,true_positive_code_found_by_both,03-01-04,184
Evaluation 1: EXP1 vs PHY,EXP1,EXP1_pooled_any_type vs PHY_pooled_any_type,full,true_positive_code_found_by_both,05-05-00,182
Evaluation 1: EXP1 vs PHY,EXP1,EXP1_pooled_any_type vs PHY_pooled_any_type,full,true_positive_code_found_by_both,01-01-01,177
Evaluation 1: EXP1 vs PHY,EXP1,EXP1_pooled_any_type vs PHY_pooled_any_type,full,true_positive_code_found_by_both,03-01-02,140
Evaluation 1: EXP1 vs PHY,EXP1,EXP1_pooled_any_type vs PHY_pooled_any_type,full,true_positive_code_found_by_both,05-03-00,131
Evaluation 1: EXP1 vs PHY,EXP1,EXP1_pooled_any_type vs PHY_pooled_any_type,full,true_positive_code_found_by_both,03-05-01,108
Evaluation 1: EXP1 vs PHY,EXP1,EXP1_pooled_any_type vs PHY_pooled_any_type,full,true_positive_code_found_by_both,05-06-00,99
Evaluation 1: EXP1 vs PHY,EXP1,EXP1_pooled_any_type vs PHY_pooled_any_type,full,true_positive_code_found_by_both,01-01-00,73
Evaluation 1: EXP1 vs PHY,EXP1,EXP1_pooled_any_type vs PHY_pooled_any_type,full,true_positive_code_found_by_both,04-01-00,70
Evaluation 1: EXP1 vs PHY,EXP1,EXP1_pooled_any_type vs PHY_pooled_any_type,full,true_positive_code_found_by_both,03-06-02,59
Evaluation 1: EXP1 vs PHY,EXP1,EXP1_pooled_any_type vs PHY_pooled_any_type,full,true_positive_code_found_by_both,03-09-01,58
Evaluation 1: EXP1 vs PHY,EXP1,EXP1_pooled_any_type vs PHY_pooled_any_type,full,true_positive_code_found_by_both,04-03-00,56
Evaluation 1: EXP1 vs PHY,EXP1,EXP1_pooled_any_type vs PHY_pooled_any_type,full,true_positive_code_found_by_both,01-04-01,55
Evaluation 1: EXP1 vs PHY,EXP1,EXP1_pooled_any_type vs PHY_pooled_any_type,full,true_positive_code_found_by_both,01-01-02,55
Evaluation 1: EXP1 vs PHY,EXP1,EXP1_pooled_any_type vs PHY_pooled_any_type,full,true_positive_code_found_by_both,03-03-02,47
Evaluation 1: EXP1 vs PHY,EXP1,EXP1_pooled_any_type vs PHY_pooled_any_type,full,true_positive_code_found_by_both,01-05-00,45
Evaluation 1: EXP1 vs PHY,EXP1,EXP1_pooled_any_type vs PHY_pooled_any_type,full,true_positive_code_found_by_both,03-03-03,43
Evaluation 1: EXP1 vs PHY,EXP1,EXP1_pooled_any_type vs PHY_pooled_any_type,full,true_positive_code_found_by_both,03-04-02,42
Evaluation 1: EXP1 vs PHY,EXP1,EXP1_pooled_any_type vs PHY_pooled_any_type,full,true_positive_code_found_by_both,03-02-02,38
Evaluation 1: EXP1 vs PHY,EXP1,EXP1_pooled_any_type vs PHY_pooled_any_type,full,true_positive_code_found_by_both,01-01-05,38
Evaluation 1: EXP1 vs PHY,EXP1,EXP1_pooled_any_type vs PHY_pooled_any_type,full,true_positive_code_found_by_both,03-08-00,36
Evaluation 1: EXP1 vs PHY,EXP1,EXP1_pooled_any_type vs PHY_pooled_any_type,full,true_positive_code_found_by_both,04-05-00,36
Evaluation 1: EXP1 vs PHY,EXP1,EXP1_pooled_any_type vs PHY_pooled_any_type,full,true_positive_code_found_by_both,04-08-00,24
Evaluation 1: EXP1 vs PHY,EXP1,EXP1_pooled_any_type vs PHY_pooled_any_type,full,true_positive_code_found_by_both,04-02-00,18
Evaluation 1: EXP1 vs PHY,EXP1,EXP1_pooled_any_type vs PHY_pooled_any_type,full,true_positive_code_found_by_both,02-03-00,17
Evaluation 1: EXP1 vs PHY,EXP1,EXP1_pooled_any_type vs PHY_pooled_any_type,full,true_positive_code_found_by_both,05-04-00,16
Evaluation 1: EXP1 vs PHY,EXP1,EXP1_pooled_any_type vs PHY_pooled_any_type,full,true_positive_code_found_by_both,03-07-01,15
Evaluation 1: EXP1 vs PHY,EXP1,EXP1_pooled_any_type vs PHY_pooled_any_type,full,true_positive_code_found_by_both,01-01-06,14
Evaluation 1: EXP1 vs PHY,EXP1,EXP1_pooled_any_type vs PHY_pooled_any_type,full,true_positive_code_found_by_both,01-04-03,14
Evaluation 1: EXP1 vs PHY,EXP1,EXP1_pooled_any_type vs PHY_pooled_any_type,full,true_positive_code_found_by_both,04-06-00,14
Evaluation 1: EXP1 vs PHY,EXP1,EXP1_pooled_any_type vs PHY_pooled_any_type,full,true_positive_code_found_by_both,03-06-04,13
Evaluation 1: EXP1 vs PHY,EXP1,EXP1_pooled_any_type vs PHY_pooled_any_type,full,true_positive_code_found_by_both,03-01-03,12
Evaluation 1: EXP1 vs PHY,EXP1,EXP1_pooled_any_type vs PHY_pooled_any_type,full,true_positive_code_found_by_both,03-06-01,11
Evaluation 1: EXP1 vs PHY,EXP1,EXP1_pooled_any_type vs PHY_pooled_any_type,full,true_positive_code_found_by_both,02-04-00,10
Evaluation 1: EXP1 vs PHY,EXP1,EXP1_pooled_any_type vs PHY_pooled_any_type,full,true_positive_code_found_by_both,03-06-03,9
Evaluation 1: EXP1 vs PHY,EXP1,EXP1_pooled_any_type vs PHY_pooled_any_type,full,true_positive_code_found_by_both,03-04-01,7
Evaluation 1: EXP1 vs PHY,EXP1,EXP1_pooled_any_type vs PHY_pooled_any_type,full,true_positive_code_found_by_both,03-06-05,7
Evaluation 1: EXP1 vs PHY,EXP1,EXP1_pooled_any_type vs PHY_pooled_any_type,full,true_positive_code_found_by_both,03-02-00,7
Evaluation 1: EXP1 vs PHY,EXP1,EXP1_pooled_any_type vs PHY_pooled_any_type,full,true_positive_code_found_by_both,02-05-00,7
Evaluation 1: EXP1 vs PHY,EXP1,EXP1_pooled_any_type vs PHY_pooled_any_type,full,true_positive_code_found_by_both,03-03-00,6
Evaluation 1: EXP1 vs PHY,EXP1,EXP1_pooled_any_type vs PHY_pooled_any_type,full,true_positive_code_found_by_both,03-06-00,6
Evaluation 1: EXP1 vs PHY,EXP1,EXP1_pooled_any_type vs PHY_pooled_any_type,full,true_positive_code_found_by_both,01-03-00,5
Evaluation 1: EXP1 vs PHY,EXP1,EXP1_pooled_any_type vs PHY_pooled_any_type,full,true_positive_code_found_by_both,05-08-00,5
Evaluation 1: EXP1 vs PHY,EXP1,EXP1_pooled_any_type vs PHY_pooled_any_type,full,true_positive_code_found_by_both,02-01-00,4
Evaluation 1: EXP1 vs PHY,EXP1,EXP1_pooled_any_type vs PHY_pooled_any_type,full,true_positive_code_found_by_both,03-03-01,4
Evaluation 1: EXP1 vs PHY,EXP1,EXP1_pooled_any_type vs PHY_pooled_any_type,full,true_positive_code_found_by_both,04-07-00,4
Evaluation 1: EXP1 vs PHY,EXP1,EXP1_pooled_any_type vs PHY_pooled_any_type,full,true_positive_code_found_by_both,02-02-00,4
Evaluation 1: EXP1 vs PHY,EXP1,EXP1_pooled_any_type vs PHY_pooled_any_type,full,true_positive_code_found_by_both,04-04-00,4
Evaluation 1: EXP1 vs PHY,EXP1,EXP1_pooled_any_type vs PHY_pooled_any_type,full,true_positive_code_found_by_both,03-01-00,3
Evaluation 1: EXP1 vs PHY,EXP1,EXP1_pooled_any_type vs PHY_pooled_any_type,full,true_positive_code_found_by_both,01-07-00,3
Evaluation 1: EXP1 vs PHY,EXP1,EXP1_pooled_any_type vs PHY_pooled_any_type,full,true_positive_code_found_by_both,05-00-00,2
Evaluation 1: EXP1 vs PHY,EXP1,EXP1_pooled_any_type vs PHY_pooled_any_type,full,true_positive_code_found_by_both,03-08-01,2
Evaluation 1: EXP1 vs PHY,EXP1,EXP1_pooled_any_type vs PHY_pooled_any_type,full,true_positive_code_found_by_both,01-04-00,1
Evaluation 1: EXP1 vs PHY,EXP1,EXP1_pooled_any_type vs PHY_pooled_any_type,full,true_positive_code_found_by_both,03-06-06,1
Evaluation 1: EXP1 vs PHY,EXP1,EXP1_pooled_any_type vs PHY_pooled_any_type,full,true_positive_code_found_by_both,03-02-01,1
Evaluation 1: EXP1 vs PHY,EXP1,EXP1_pooled_any_type vs PHY_pooled_any_type,full,true_positive_code_found_by_both,04-09-00,1
Evaluation 1: EXP1 vs PHY,EXP1,EXP1_pooled_any_type vs PHY_pooled_any_type,level1,false_negative_phy_code_missed_by_llm,01,50
Evaluation 1: EXP1 vs PHY,EXP1,EXP1_pooled_any_type vs PHY_pooled_any_type,level1,false_negative_phy_code_missed_by_llm,05,29
Evaluation 1: EXP1 vs PHY,EXP1,EXP1_pooled_any_type vs PHY_pooled_any_type,level1,false_negative_phy_code_missed_by_llm,04,26
Evaluation 1: EXP1 vs PHY,EXP1,EXP1_pooled_any_type vs PHY_pooled_any_type,level1,false_negative_phy_code_missed_by_llm,03,23
Evaluation 1: EXP1 vs PHY,EXP1,EXP1_pooled_any_type vs PHY_pooled_any_type,level1,false_negative_phy_code_missed_by_llm,02,3
Evaluation 1: EXP1 vs PHY,EXP1,EXP1_pooled_any_type vs PHY_pooled_any_type,level1,false_positive_llm_extra_code_not_in_phy,03,1320
Evaluation 1: EXP1 vs PHY,EXP1,EXP1_pooled_any_type vs PHY_pooled_any_type,level1,false_positive_llm_extra_code_not_in_phy,01,623
Evaluation 1: EXP1 vs PHY,EXP1,EXP1_pooled_any_type vs PHY_pooled_any_type,level1,false_positive_llm_extra_code_not_in_phy,00,255
Evaluation 1: EXP1 vs PHY,EXP1,EXP1_pooled_any_type vs PHY_pooled_any_type,level1,false_positive_llm_extra_code_not_in_phy,02,126
Evaluation 1: EXP1 vs PHY,EXP1,EXP1_pooled_any_type vs PHY_pooled_any_type,level1,false_positive_llm_extra_code_not_in_phy,04,75
Evaluation 1: EXP1 vs PHY,EXP1,EXP1_pooled_any_type vs PHY_pooled_any_type,level1,false_positive_llm_extra_code_not_in_phy,05,53
Evaluation 1: EXP1 vs PHY,EXP1,EXP1_pooled_any_type vs PHY_pooled_any_type,level1,false_positive_llm_extra_code_not_in_phy,99,30
Evaluation 1: EXP1 vs PHY,EXP1,EXP1_pooled_any_type vs PHY_pooled_any_type,level1,true_positive_code_found_by_both,01,1812
Evaluation 1: EXP1 vs PHY,EXP1,EXP1_pooled_any_type vs PHY_pooled_any_type,level1,true_positive_code_found_by_both,03,1330
Evaluation 1: EXP1 vs PHY,EXP1,EXP1_pooled_any_type vs PHY_pooled_any_type,level1,true_positive_code_found_by_both,05,484
Evaluation 1: EXP1 vs PHY,EXP1,EXP1_pooled_any_type vs PHY_pooled_any_type,level1,true_positive_code_found_by_both,04,265
Evaluation 1: EXP1 vs PHY,EXP1,EXP1_pooled_any_type vs PHY_pooled_any_type,level1,true_positive_code_found_by_both,02,54
Evaluation 1: EXP1 vs PHY,EXP1,EXP1_pooled_any_type vs PHY_pooled_any_type,level2,false_negative_phy_code_missed_by_llm,01-04,131
Evaluation 1: EXP1 vs PHY,EXP1,EXP1_pooled_any_type vs PHY_pooled_any_type,level2,false_negative_phy_code_missed_by_llm,01-01,55
Evaluation 1: EXP1 vs PHY,EXP1,EXP1_pooled_any_type vs PHY_pooled_any_type,level2,false_negative_phy_code_missed_by_llm,03-00,53
Evaluation 1: EXP1 vs PHY,EXP1,EXP1_pooled_any_type vs PHY_pooled_any_type,level2,false_negative_phy_code_missed_by_llm,01-00,46
Evaluation 1: EXP1 vs PHY,EXP1,EXP1_pooled_any_type vs PHY_pooled_any_type,level2,false_negative_phy_code_missed_by_llm,04-00,34
Evaluation 1: EXP1 vs PHY,EXP1,EXP1_pooled_any_type vs PHY_pooled_any_type,level2,false_negative_phy_code_missed_by_llm,03-01,33
Evaluation 1: EXP1 vs PHY,EXP1,EXP1_pooled_any_type vs PHY_pooled_any_type,level2,false_negative_phy_code_missed_by_llm,05-05,28
Evaluation 1: EXP1 vs PHY,EXP1,EXP1_pooled_any_type vs PHY_pooled_any_type,level2,false_negative_phy_code_missed_by_llm,03-03,27
Evaluation 1: EXP1 vs PHY,EXP1,EXP1_pooled_any_type vs PHY_pooled_any_type,level2,false_negative_phy_code_missed_by_llm,03-06,26
Evaluation 1: EXP1 vs PHY,EXP1,EXP1_pooled_any_type vs PHY_pooled_any_type,level2,false_negative_phy_code_missed_by_llm,05-00,22
Evaluation 1: EXP1 vs PHY,EXP1,EXP1_pooled_any_type vs PHY_pooled_any_type,level2,false_negative_phy_code_missed_by_llm,04-05,21
Evaluation 1: EXP1 vs PHY,EXP1,EXP1_pooled_any_type vs PHY_pooled_any_type,level2,false_negative_phy_code_missed_by_llm,05-03,19
Evaluation 1: EXP1 vs PHY,EXP1,EXP1_pooled_any_type vs PHY_pooled_any_type,level2,false_negative_phy_code_missed_by_llm,05-06,18
Evaluation 1: EXP1 vs PHY,EXP1,EXP1_pooled_any_type vs PHY_pooled_any_type,level2,false_negative_phy_code_missed_by_llm,03-04,17
Evaluation 1: EXP1 vs PHY,EXP1,EXP1_pooled_any_type vs PHY_pooled_any_type,level2,false_negative_phy_code_missed_by_llm,01-03,14
Evaluation 1: EXP1 vs PHY,EXP1,EXP1_pooled_any_type vs PHY_pooled_any_type,level2,false_negative_phy_code_missed_by_llm,05-04,13
Evaluation 1: EXP1 vs PHY,EXP1,EXP1_pooled_any_type vs PHY_pooled_any_type,level2,false_negative_phy_code_missed_by_llm,02-00,10
Evaluation 1: EXP1 vs PHY,EXP1,EXP1_pooled_any_type vs PHY_pooled_any_type,level2,false_negative_phy_code_missed_by_llm,01-05,10
Evaluation 1: EXP1 vs PHY,EXP1,EXP1_pooled_any_type vs PHY_pooled_any_type,level2,false_negative_phy_code_missed_by_llm,03-09,8
Evaluation 1: EXP1 vs PHY,EXP1,EXP1_pooled_any_type vs PHY_pooled_any_type,level2,false_negative_phy_code_missed_by_llm,03-08,6
Evaluation 1: EXP1 vs PHY,EXP1,EXP1_pooled_any_type vs PHY_pooled_any_type,level2,false_negative_phy_code_missed_by_llm,03-07,5
Evaluation 1: EXP1 vs PHY,EXP1,EXP1_pooled_any_type vs PHY_pooled_any_type,level2,false_negative_phy_code_missed_by_llm,04-02,4
Evaluation 1: EXP1 vs PHY,EXP1,EXP1_pooled_any_type vs PHY_pooled_any_type,level2,false_negative_phy_code_missed_by_llm,03-05,3
Evaluation 1: EXP1 vs PHY,EXP1,EXP1_pooled_any_type vs PHY_pooled_any_type,level2,false_negative_phy_code_missed_by_llm,03-02,3
Evaluation 1: EXP1 vs PHY,EXP1,EXP1_pooled_any_type vs PHY_pooled_any_type,level2,false_negative_phy_code_missed_by_llm,02-01,2
Evaluation 1: EXP1 vs PHY,EXP1,EXP1_pooled_any_type vs PHY_pooled_any_type,level2,false_negative_phy_code_missed_by_llm,04-08,2
Evaluation 1: EXP1 vs PHY,EXP1,EXP1_pooled_any_type vs PHY_pooled_any_type,level2,false_negative_phy_code_missed_by_llm,04-01,2
Evaluation 1: EXP1 vs PHY,EXP1,EXP1_pooled_any_type vs PHY_pooled_any_type,level2,false_negative_phy_code_missed_by_llm,04-03,2
Evaluation 1: EXP1 vs PHY,EXP1,EXP1_pooled_any_type vs PHY_pooled_any_type,level2,false_negative_phy_code_missed_by_llm,02-06,1
Evaluation 1: EXP1 vs PHY,EXP1,EXP1_pooled_any_type vs PHY_pooled_any_type,level2,false_negative_phy_code_missed_by_llm,02-04,1
Evaluation 1: EXP1 vs PHY,EXP1,EXP1_pooled_any_type vs PHY_pooled_any_type,level2,false_negative_phy_code_missed_by_llm,04-04,1
Evaluation 1: EXP1 vs PHY,EXP1,EXP1_pooled_any_type vs PHY_pooled_any_type,level2,false_negative_phy_code_missed_by_llm,02-05,1
Evaluation 1: EXP1 vs PHY,EXP1,EXP1_pooled_any_type vs PHY_pooled_any_type,level2,false_negative_phy_code_missed_by_llm,02-03,1
Evaluation 1: EXP1 vs PHY,EXP1,EXP1_pooled_any_type vs PHY_pooled_any_type,level2,false_negative_phy_code_missed_by_llm,02-02,1
Evaluation 1: EXP1 vs PHY,EXP1,EXP1_pooled_any_type vs PHY_pooled_any_type,level2,false_positive_llm_extra_code_not_in_phy,01-01,1070
Evaluation 1: EXP1 vs PHY,EXP1,EXP1_pooled_any_type vs PHY_pooled_any_type,level2,false_positive_llm_extra_code_not_in_phy,03-08,790
Evaluation 1: EXP1 vs PHY,EXP1,EXP1_pooled_any_type vs PHY_pooled_any_type,level2,false_positive_llm_extra_code_not_in_phy,03-09,727
Evaluation 1: EXP1 vs PHY,EXP1,EXP1_pooled_any_type vs PHY_pooled_any_type,level2,false_positive_llm_extra_code_not_in_phy,03-02,529
Evaluation 1: EXP1 vs PHY,EXP1,EXP1_pooled_any_type vs PHY_pooled_any_type,level2,false_positive_llm_extra_code_not_in_phy,01-05,447
Evaluation 1: EXP1 vs PHY,EXP1,EXP1_pooled_any_type vs PHY_pooled_any_type,level2,false_positive_llm_extra_code_not_in_phy,03-01,413
Evaluation 1: EXP1 vs PHY,EXP1,EXP1_pooled_any_type vs PHY_pooled_any_type,level2,false_positive_llm_extra_code_not_in_phy,03-03,406
Evaluation 1: EXP1 vs PHY,EXP1,EXP1_pooled_any_type vs PHY_pooled_any_type,level2,false_positive_llm_extra_code_not_in_phy,03-04,333
Evaluation 1: EXP1 vs PHY,EXP1,EXP1_pooled_any_type vs PHY_pooled_any_type,level2,false_positive_llm_extra_code_not_in_phy,03-07,252
Evaluation 1: EXP1 vs PHY,EXP1,EXP1_pooled_any_type vs PHY_pooled_any_type,level2,false_positive_llm_extra_code_not_in_phy,01-99,247
Evaluation 1: EXP1 vs PHY,EXP1,EXP1_pooled_any_type vs PHY_pooled_any_type,level2,false_positive_llm_extra_code_not_in_phy,00-02,191
Evaluation 1: EXP1 vs PHY,EXP1,EXP1_pooled_any_type vs PHY_pooled_any_type,level2,false_positive_llm_extra_code_not_in_phy,03-99,172
Evaluation 1: EXP1 vs PHY,EXP1,EXP1_pooled_any_type vs PHY_pooled_any_type,level2,false_positive_llm_extra_code_not_in_phy,03-06,158
Evaluation 1: EXP1 vs PHY,EXP1,EXP1_pooled_any_type vs PHY_pooled_any_type,level2,false_positive_llm_extra_code_not_in_phy,01-04,150
Evaluation 1: EXP1 vs PHY,EXP1,EXP1_pooled_any_type vs PHY_pooled_any_type,level2,false_positive_llm_extra_code_not_in_phy,02-04,104
Evaluation 1: EXP1 vs PHY,EXP1,EXP1_pooled_any_type vs PHY_pooled_any_type,level2,false_positive_llm_extra_code_not_in_phy,04-99,94
Evaluation 1: EXP1 vs PHY,EXP1,EXP1_pooled_any_type vs PHY_pooled_any_type,level2,false_positive_llm_extra_code_not_in_phy,05-03,93
Evaluation 1: EXP1 vs PHY,EXP1,EXP1_pooled_any_type vs PHY_pooled_any_type,level2,false_positive_llm_extra_code_not_in_phy,05-05,81
Evaluation 1: EXP1 vs PHY,EXP1,EXP1_pooled_any_type vs PHY_pooled_any_type,level2,false_positive_llm_extra_code_not_in_phy,05-06,81
Evaluation 1: EXP1 vs PHY,EXP1,EXP1_pooled_any_type vs PHY_pooled_any_type,level2,false_positive_llm_extra_code_not_in_phy,03-05,72
Evaluation 1: EXP1 vs PHY,EXP1,EXP1_pooled_any_type vs PHY_pooled_any_type,level2,false_positive_llm_extra_code_not_in_phy,05-99,71
Evaluation 1: EXP1 vs PHY,EXP1,EXP1_pooled_any_type vs PHY_pooled_any_type,level2,false_positive_llm_extra_code_not_in_phy,00-04,41
Evaluation 1: EXP1 vs PHY,EXP1,EXP1_pooled_any_type vs PHY_pooled_any_type,level2,false_positive_llm_extra_code_not_in_phy,04-09,32
Evaluation 1: EXP1 vs PHY,EXP1,EXP1_pooled_any_type vs PHY_pooled_any_type,level2,false_positive_llm_extra_code_not_in_phy,99-00,30
Evaluation 1: EXP1 vs PHY,EXP1,EXP1_pooled_any_type vs PHY_pooled_any_type,level2,false_positive_llm_extra_code_not_in_phy,00-03,30
Evaluation 1: EXP1 vs PHY,EXP1,EXP1_pooled_any_type vs PHY_pooled_any_type,level2,false_positive_llm_extra_code_not_in_phy,02-99,27
Evaluation 1: EXP1 vs PHY,EXP1,EXP1_pooled_any_type vs PHY_pooled_any_type,level2,false_positive_llm_extra_code_not_in_phy,05-08,25
Evaluation 1: EXP1 vs PHY,EXP1,EXP1_pooled_any_type vs PHY_pooled_any_type,level2,false_positive_llm_extra_code_not_in_phy,04-02,24
Evaluation 1: EXP1 vs PHY,EXP1,EXP1_pooled_any_type vs PHY_pooled_any_type,level2,false_positive_llm_extra_code_not_in_phy,01-03,24
Evaluation 1: EXP1 vs PHY,EXP1,EXP1_pooled_any_type vs PHY_pooled_any_type,level2,false_positive_llm_extra_code_not_in_phy,05-04,18
Evaluation 1: EXP1 vs PHY,EXP1,EXP1_pooled_any_type vs PHY_pooled_any_type,level2,false_positive_llm_extra_code_not_in_phy,04-05,18
Evaluation 1: EXP1 vs PHY,EXP1,EXP1_pooled_any_type vs PHY_pooled_any_type,level2,false_positive_llm_extra_code_not_in_phy,02-03,17
Evaluation 1: EXP1 vs PHY,EXP1,EXP1_pooled_any_type vs PHY_pooled_any_type,level2,false_positive_llm_extra_code_not_in_phy,04-06,16
Evaluation 1: EXP1 vs PHY,EXP1,EXP1_pooled_any_type vs PHY_pooled_any_type,level2,false_positive_llm_extra_code_not_in_phy,02-05,13
Evaluation 1: EXP1 vs PHY,EXP1,EXP1_pooled_any_type vs PHY_pooled_any_type,level2,false_positive_llm_extra_code_not_in_phy,04-00,11
Evaluation 1: EXP1 vs PHY,EXP1,EXP1_pooled_any_type vs PHY_pooled_any_type,level2,false_positive_llm_extra_code_not_in_phy,05-00,10
Evaluation 1: EXP1 vs PHY,EXP1,EXP1_pooled_any_type vs PHY_pooled_any_type,level2,false_positive_llm_extra_code_not_in_phy,05-02,8
Evaluation 1: EXP1 vs PHY,EXP1,EXP1_pooled_any_type vs PHY_pooled_any_type,level2,false_positive_llm_extra_code_not_in_phy,02-02,7
Evaluation 1: EXP1 vs PHY,EXP1,EXP1_pooled_any_type vs PHY_pooled_any_type,level2,false_positive_llm_extra_code_not_in_phy,02-00,7
Evaluation 1: EXP1 vs PHY,EXP1,EXP1_pooled_any_type vs PHY_pooled_any_type,level2,false_positive_llm_extra_code_not_in_phy,04-03,7
Evaluation 1: EXP1 vs PHY,EXP1,EXP1_pooled_any_type vs PHY_pooled_any_type,level2,false_positive_llm_extra_code_not_in_phy,04-07,5
Evaluation 1: EXP1 vs PHY,EXP1,EXP1_pooled_any_type vs PHY_pooled_any_type,level2,false_positive_llm_extra_code_not_in_phy,04-08,5
Evaluation 1: EXP1 vs PHY,EXP1,EXP1_pooled_any_type vs PHY_pooled_any_type,level2,false_positive_llm_extra_code_not_in_phy,04-01,4
Evaluation 1: EXP1 vs PHY,EXP1,EXP1_pooled_any_type vs PHY_pooled_any_type,level2,false_positive_llm_extra_code_not_in_phy,02-06,4
Evaluation 1: EXP1 vs PHY,EXP1,EXP1_pooled_any_type vs PHY_pooled_any_type,level2,false_positive_llm_extra_code_not_in_phy,05-01,3
Evaluation 1: EXP1 vs PHY,EXP1,EXP1_pooled_any_type vs PHY_pooled_any_type,level2,false_positive_llm_extra_code_not_in_phy,04-04,2
Evaluation 1: EXP1 vs PHY,EXP1,EXP1_pooled_any_type vs PHY_pooled_any_type,level2,false_positive_llm_extra_code_not_in_phy,02-01,2
Evaluation 1: EXP1 vs PHY,EXP1,EXP1_pooled_any_type vs PHY_pooled_any_type,level2,false_positive_llm_extra_code_not_in_phy,00-01,1
Evaluation 1: EXP1 vs PHY,EXP1,EXP1_pooled_any_type vs PHY_pooled_any_type,level2,false_positive_llm_extra_code_not_in_phy,01-00,1
Evaluation 1: EXP1 vs PHY,EXP1,EXP1_pooled_any_type vs PHY_pooled_any_type,level2,false_positive_llm_extra_code_not_in_phy,05-09,1
Evaluation 1: EXP1 vs PHY,EXP1,EXP1_pooled_any_type vs PHY_pooled_any_type,level2,true_positive_code_found_by_both,01-01,817
Evaluation 1: EXP1 vs PHY,EXP1,EXP1_pooled_any_type vs PHY_pooled_any_type,level2,true_positive_code_found_by_both,01-04,806
Evaluation 1: EXP1 vs PHY,EXP1,EXP1_pooled_any_type vs PHY_pooled_any_type,level2,true_positive_code_found_by_both,03-01,479
Evaluation 1: EXP1 vs PHY,EXP1,EXP1_pooled_any_type vs PHY_pooled_any_type,level2,true_positive_code_found_by_both,03-03,192
Evaluation 1: EXP1 vs PHY,EXP1,EXP1_pooled_any_type vs PHY_pooled_any_type,level2,true_positive_code_found_by_both,05-05,182
Evaluation 1: EXP1 vs PHY,EXP1,EXP1_pooled_any_type vs PHY_pooled_any_type,level2,true_positive_code_found_by_both,03-06,178
Evaluation 1: EXP1 vs PHY,EXP1,EXP1_pooled_any_type vs PHY_pooled_any_type,level2,true_positive_code_found_by_both,05-03,131
Evaluation 1: EXP1 vs PHY,EXP1,EXP1_pooled_any_type vs PHY_pooled_any_type,level2,true_positive_code_found_by_both,03-05,109
Evaluation 1: EXP1 vs PHY,EXP1,EXP1_pooled_any_type vs PHY_pooled_any_type,level2,true_positive_code_found_by_both,05-06,99
Evaluation 1: EXP1 vs PHY,EXP1,EXP1_pooled_any_type vs PHY_pooled_any_type,level2,true_positive_code_found_by_both,03-08,77
Evaluation 1: EXP1 vs PHY,EXP1,EXP1_pooled_any_type vs PHY_pooled_any_type,level2,true_positive_code_found_by_both,03-04,75
Evaluation 1: EXP1 vs PHY,EXP1,EXP1_pooled_any_type vs PHY_pooled_any_type,level2,true_positive_code_found_by_both,04-01,70
Evaluation 1: EXP1 vs PHY,EXP1,EXP1_pooled_any_type vs PHY_pooled_any_type,level2,true_positive_code_found_by_both,03-09,62
Evaluation 1: EXP1 vs PHY,EXP1,EXP1_pooled_any_type vs PHY_pooled_any_type,level2,true_positive_code_found_by_both,04-03,56
Evaluation 1: EXP1 vs PHY,EXP1,EXP1_pooled_any_type vs PHY_pooled_any_type,level2,true_positive_code_found_by_both,03-02,51
Evaluation 1: EXP1 vs PHY,EXP1,EXP1_pooled_any_type vs PHY_pooled_any_type,level2,true_positive_code_found_by_both,01-05,45
Evaluation 1: EXP1 vs PHY,EXP1,EXP1_pooled_any_type vs PHY_pooled_any_type,level2,true_positive_code_found_by_both,04-05,36
Evaluation 1: EXP1 vs PHY,EXP1,EXP1_pooled_any_type vs PHY_pooled_any_type,level2,true_positive_code_found_by_both,03-07,30
Evaluation 1: EXP1 vs PHY,EXP1,EXP1_pooled_any_type vs PHY_pooled_any_type,level2,true_positive_code_found_by_both,04-08,24
Evaluation 1: EXP1 vs PHY,EXP1,EXP1_pooled_any_type vs PHY_pooled_any_type,level2,true_positive_code_found_by_both,04-02,18
Evaluation 1: EXP1 vs PHY,EXP1,EXP1_pooled_any_type vs PHY_pooled_any_type,level2,true_positive_code_found_by_both,02-03,17
Evaluation 1: EXP1 vs PHY,EXP1,EXP1_pooled_any_type vs PHY_pooled_any_type,level2,true_positive_code_found_by_both,05-04,16
Evaluation 1: EXP1 vs PHY,EXP1,EXP1_pooled_any_type vs PHY_pooled_any_type,level2,true_positive_code_found_by_both,04-06,14
Evaluation 1: EXP1 vs PHY,EXP1,EXP1_pooled_any_type vs PHY_pooled_any_type,level2,true_positive_code_found_by_both,02-04,10
Evaluation 1: EXP1 vs PHY,EXP1,EXP1_pooled_any_type vs PHY_pooled_any_type,level2,true_positive_code_found_by_both,02-05,7
Evaluation 1: EXP1 vs PHY,EXP1,EXP1_pooled_any_type vs PHY_pooled_any_type,level2,true_positive_code_found_by_both,01-03,5
Evaluation 1: EXP1 vs PHY,EXP1,EXP1_pooled_any_type vs PHY_pooled_any_type,level2,true_positive_code_found_by_both,05-08,5
Evaluation 1: EXP1 vs PHY,EXP1,EXP1_pooled_any_type vs PHY_pooled_any_type,level2,true_positive_code_found_by_both,02-01,4
Evaluation 1: EXP1 vs PHY,EXP1,EXP1_pooled_any_type vs PHY_pooled_any_type,level2,true_positive_code_found_by_both,04-07,4
Evaluation 1: EXP1 vs PHY,EXP1,EXP1_pooled_any_type vs PHY_pooled_any_type,level2,true_positive_code_found_by_both,02-02,4
Evaluation 1: EXP1 vs PHY,EXP1,EXP1_pooled_any_type vs PHY_pooled_any_type,level2,true_positive_code_found_by_both,04-04,4
Evaluation 1: EXP1 vs PHY,EXP1,EXP1_pooled_any_type vs PHY_pooled_any_type,level2,true_positive_code_found_by_both,01-07,3
Evaluation 1: EXP1 vs PHY,EXP1,EXP1_pooled_any_type vs PHY_pooled_any_type,level2,true_positive_code_found_by_both,05-00,2
Evaluation 1: EXP1 vs PHY,EXP1,EXP1_pooled_any_type vs PHY_pooled_any_type,level2,true_positive_code_found_by_both,04-09,1
Evaluation 2: EXP3 vs PHY,EXP3,EXP3_pooled_any_type vs PHY_pooled_any_type,full,false_negative_phy_code_missed_by_llm,01-04-02,384
Evaluation 2: EXP3 vs PHY,EXP3,EXP3_pooled_any_type vs PHY_pooled_any_type,full,false_negative_phy_code_missed_by_llm,01-01-00,153
Evaluation 2: EXP3 vs PHY,EXP3,EXP3_pooled_any_type vs PHY_pooled_any_type,full,false_negative_phy_code_missed_by_llm,03-03-00,101
Evaluation 2: EXP3 vs PHY,EXP3,EXP3_pooled_any_type vs PHY_pooled_any_type,full,false_negative_phy_code_missed_by_llm,03-06-00,66
Evaluation 2: EXP3 vs PHY,EXP3,EXP3_pooled_any_type vs PHY_pooled_any_type,full,false_negative_phy_code_missed_by_llm,03-01-02,64
Evaluation 2: EXP3 vs PHY,EXP3,EXP3_pooled_any_type vs PHY_pooled_any_type,full,false_negative_phy_code_missed_by_llm,01-01-01,59
Evaluation 2: EXP3 vs PHY,EXP3,EXP3_pooled_any_type vs PHY_pooled_any_type,full,false_negative_phy_code_missed_by_llm,03-01-01,58
Evaluation 2: EXP3 vs PHY,EXP3,EXP3_pooled_any_type vs PHY_pooled_any_type,full,false_negative_phy_code_missed_by_llm,03-00-00,53
Evaluation 2: EXP3 vs PHY,EXP3,EXP3_pooled_any_type vs PHY_pooled_any_type,full,false_negative_phy_code_missed_by_llm,01-01-04,52
Evaluation 2: EXP3 vs PHY,EXP3,EXP3_pooled_any_type vs PHY_pooled_any_type,full,false_negative_phy_code_missed_by_llm,05-05-00,49
Evaluation 2: EXP3 vs PHY,EXP3,EXP3_pooled_any_type vs PHY_pooled_any_type,full,false_negative_phy_code_missed_by_llm,01-01-05,48
Evaluation 2: EXP3 vs PHY,EXP3,EXP3_pooled_any_type vs PHY_pooled_any_type,full,false_negative_phy_code_missed_by_llm,01-00-00,46
Evaluation 2: EXP3 vs PHY,EXP3,EXP3_pooled_any_type vs PHY_pooled_any_type,full,false_negative_phy_code_missed_by_llm,01-04-00,44
Evaluation 2: EXP3 vs PHY,EXP3,EXP3_pooled_any_type vs PHY_pooled_any_type,full,false_negative_phy_code_missed_by_llm,03-01-04,38
Evaluation 2: EXP3 vs PHY,EXP3,EXP3_pooled_any_type vs PHY_pooled_any_type,full,false_negative_phy_code_missed_by_llm,03-04-00,37
Evaluation 2: EXP3 vs PHY,EXP3,EXP3_pooled_any_type vs PHY_pooled_any_type,full,false_negative_phy_code_missed_by_llm,05-03-00,37
Evaluation 2: EXP3 vs PHY,EXP3,EXP3_pooled_any_type vs PHY_pooled_any_type,full,false_negative_phy_code_missed_by_llm,04-00-00,34
Evaluation 2: EXP3 vs PHY,EXP3,EXP3_pooled_any_type vs PHY_pooled_any_type,full,false_negative_phy_code_missed_by_llm,03-01-00,31
Evaluation 2: EXP3 vs PHY,EXP3,EXP3_pooled_any_type vs PHY_pooled_any_type,full,false_negative_phy_code_missed_by_llm,05-06-00,31
Evaluation 2: EXP3 vs PHY,EXP3,EXP3_pooled_any_type vs PHY_pooled_any_type,full,false_negative_phy_code_missed_by_llm,04-05-00,28
Evaluation 2: EXP3 vs PHY,EXP3,EXP3_pooled_any_type vs PHY_pooled_any_type,full,false_negative_phy_code_missed_by_llm,03-06-04,25
Evaluation 2: EXP3 vs PHY,EXP3,EXP3_pooled_any_type vs PHY_pooled_any_type,full,false_negative_phy_code_missed_by_llm,03-08-01,25
Evaluation 2: EXP3 vs PHY,EXP3,EXP3_pooled_any_type vs PHY_pooled_any_type,full,false_negative_phy_code_missed_by_llm,01-04-03,23
Evaluation 2: EXP3 vs PHY,EXP3,EXP3_pooled_any_type vs PHY_pooled_any_type,full,false_negative_phy_code_missed_by_llm,05-00-00,22
Evaluation 2: EXP3 vs PHY,EXP3,EXP3_pooled_any_type vs PHY_pooled_any_type,full,false_negative_phy_code_missed_by_llm,03-05-01,21
Evaluation 2: EXP3 vs PHY,EXP3,EXP3_pooled_any_type vs PHY_pooled_any_type,full,false_negative_phy_code_missed_by_llm,01-01-06,20
Evaluation 2: EXP3 vs PHY,EXP3,EXP3_pooled_any_type vs PHY_pooled_any_type,full,false_negative_phy_code_missed_by_llm,01-01-02,18
Evaluation 2: EXP3 vs PHY,EXP3,EXP3_pooled_any_type vs PHY_pooled_any_type,full,false_negative_phy_code_missed_by_llm,03-08-00,15
Evaluation 2: EXP3 vs PHY,EXP3,EXP3_pooled_any_type vs PHY_pooled_any_type,full,false_negative_phy_code_missed_by_llm,04-01-00,15
Evaluation 2: EXP3 vs PHY,EXP3,EXP3_pooled_any_type vs PHY_pooled_any_type,full,false_negative_phy_code_missed_by_llm,05-04-00,15
Evaluation 2: EXP3 vs PHY,EXP3,EXP3_pooled_any_type vs PHY_pooled_any_type,full,false_negative_phy_code_missed_by_llm,01-03-00,14
Evaluation 2: EXP3 vs PHY,EXP3,EXP3_pooled_any_type vs PHY_pooled_any_type,full,false_negative_phy_code_missed_by_llm,03-07-00,14
Evaluation 2: EXP3 vs PHY,EXP3,EXP3_pooled_any_type vs PHY_pooled_any_type,full,false_negative_phy_code_missed_by_llm,01-05-00,14
Evaluation 2: EXP3 vs PHY,EXP3,EXP3_pooled_any_type vs PHY_pooled_any_type,full,false_negative_phy_code_missed_by_llm,03-09-01,14
Evaluation 2: EXP3 vs PHY,EXP3,EXP3_pooled_any_type vs PHY_pooled_any_type,full,false_negative_phy_code_missed_by_llm,01-04-01,12
Evaluation 2: EXP3 vs PHY,EXP3,EXP3_pooled_any_type vs PHY_pooled_any_type,full,false_negative_phy_code_missed_by_llm,03-03-03,11
Evaluation 2: EXP3 vs PHY,EXP3,EXP3_pooled_any_type vs PHY_pooled_any_type,full,false_negative_phy_code_missed_by_llm,02-00-00,10
Evaluation 2: EXP3 vs PHY,EXP3,EXP3_pooled_any_type vs PHY_pooled_any_type,full,false_negative_phy_code_missed_by_llm,03-06-02,9
Evaluation 2: EXP3 vs PHY,EXP3,EXP3_pooled_any_type vs PHY_pooled_any_type,full,false_negative_phy_code_missed_by_llm,03-03-02,8
Evaluation 2: EXP3 vs PHY,EXP3,EXP3_pooled_any_type vs PHY_pooled_any_type,full,false_negative_phy_code_missed_by_llm,03-06-03,8
Evaluation 2: EXP3 vs PHY,EXP3,EXP3_pooled_any_type vs PHY_pooled_any_type,full,false_negative_phy_code_missed_by_llm,03-01-03,7
Evaluation 2: EXP3 vs PHY,EXP3,EXP3_pooled_any_type vs PHY_pooled_any_type,full,false_negative_phy_code_missed_by_llm,03-02-00,7
Evaluation 2: EXP3 vs PHY,EXP3,EXP3_pooled_any_type vs PHY_pooled_any_type,full,false_negative_phy_code_missed_by_llm,03-03-01,7
Evaluation 2: EXP3 vs PHY,EXP3,EXP3_pooled_any_type vs PHY_pooled_any_type,full,false_negative_phy_code_missed_by_llm,04-02-00,6
Evaluation 2: EXP3 vs PHY,EXP3,EXP3_pooled_any_type vs PHY_pooled_any_type,full,false_negative_phy_code_missed_by_llm,03-09-00,5
Evaluation 2: EXP3 vs PHY,EXP3,EXP3_pooled_any_type vs PHY_pooled_any_type,full,false_negative_phy_code_missed_by_llm,03-07-01,5
Evaluation 2: EXP3 vs PHY,EXP3,EXP3_pooled_any_type vs PHY_pooled_any_type,full,false_negative_phy_code_missed_by_llm,03-04-01,5
Evaluation 2: EXP3 vs PHY,EXP3,EXP3_pooled_any_type vs PHY_pooled_any_type,full,false_negative_phy_code_missed_by_llm,03-04-02,5
Evaluation 2: EXP3 vs PHY,EXP3,EXP3_pooled_any_type vs PHY_pooled_any_type,full,false_negative_phy_code_missed_by_llm,04-03-00,4
Evaluation 2: EXP3 vs PHY,EXP3,EXP3_pooled_any_type vs PHY_pooled_any_type,full,false_negative_phy_code_missed_by_llm,03-02-02,4
Evaluation 2: EXP3 vs PHY,EXP3,EXP3_pooled_any_type vs PHY_pooled_any_type,full,false_negative_phy_code_missed_by_llm,03-02-01,3
Evaluation 2: EXP3 vs PHY,EXP3,EXP3_pooled_any_type vs PHY_pooled_any_type,full,false_negative_phy_code_missed_by_llm,04-06-00,3
Evaluation 2: EXP3 vs PHY,EXP3,EXP3_pooled_any_type vs PHY_pooled_any_type,full,false_negative_phy_code_missed_by_llm,02-05-00,3
Evaluation 2: EXP3 vs PHY,EXP3,EXP3_pooled_any_type vs PHY_pooled_any_type,full,false_negative_phy_code_missed_by_llm,02-01-00,2
Evaluation 2: EXP3 vs PHY,EXP3,EXP3_pooled_any_type vs PHY_pooled_any_type,full,false_negative_phy_code_missed_by_llm,03-05-00,2
Evaluation 2: EXP3 vs PHY,EXP3,EXP3_pooled_any_type vs PHY_pooled_any_type,full,false_negative_phy_code_missed_by_llm,02-03-00,2
Evaluation 2: EXP3 vs PHY,EXP3,EXP3_pooled_any_type vs PHY_pooled_any_type,full,false_negative_phy_code_missed_by_llm,02-02-00,2
Evaluation 2: EXP3 vs PHY,EXP3,EXP3_pooled_any_type vs PHY_pooled_any_type,full,false_negative_phy_code_missed_by_llm,05-08-00,2
Evaluation 2: EXP3 vs PHY,EXP3,EXP3_pooled_any_type vs PHY_pooled_any_type,full,false_negative_phy_code_missed_by_llm,04-08-00,1
Evaluation 2: EXP3 vs PHY,EXP3,EXP3_pooled_any_type vs PHY_pooled_any_type,full,false_negative_phy_code_missed_by_llm,03-06-05,1
Evaluation 2: EXP3 vs PHY,EXP3,EXP3_pooled_any_type vs PHY_pooled_any_type,full,false_negative_phy_code_missed_by_llm,01-07-00,1
Evaluation 2: EXP3 vs PHY,EXP3,EXP3_pooled_any_type vs PHY_pooled_any_type,full,false_negative_phy_code_missed_by_llm,04-04-00,1
Evaluation 2: EXP3 vs PHY,EXP3,EXP3_pooled_any_type vs PHY_pooled_any_type,full,false_negative_phy_code_missed_by_llm,04-07-00,1
Evaluation 2: EXP3 vs PHY,EXP3,EXP3_pooled_any_type vs PHY_pooled_any_type,full,false_positive_llm_extra_code_not_in_phy,01-01-01,414
Evaluation 2: EXP3 vs PHY,EXP3,EXP3_pooled_any_type vs PHY_pooled_any_type,full,false_positive_llm_extra_code_not_in_phy,03-09-01,398
Evaluation 2: EXP3 vs PHY,EXP3,EXP3_pooled_any_type vs PHY_pooled_any_type,full,false_positive_llm_extra_code_not_in_phy,03-08-00,347
Evaluation 2: EXP3 vs PHY,EXP3,EXP3_pooled_any_type vs PHY_pooled_any_type,full,false_positive_llm_extra_code_not_in_phy,03-02-00,330
Evaluation 2: EXP3 vs PHY,EXP3,EXP3_pooled_any_type vs PHY_pooled_any_type,full,false_positive_llm_extra_code_not_in_phy,00-02-00,303
Evaluation 2: EXP3 vs PHY,EXP3,EXP3_pooled_any_type vs PHY_pooled_any_type,full,false_positive_llm_extra_code_not_in_phy,01-01-00,300
Evaluation 2: EXP3 vs PHY,EXP3,EXP3_pooled_any_type vs PHY_pooled_any_type,full,false_positive_llm_extra_code_not_in_phy,01-01-04,294
Evaluation 2: EXP3 vs PHY,EXP3,EXP3_pooled_any_type vs PHY_pooled_any_type,full,false_positive_llm_extra_code_not_in_phy,01-05-00,234
Evaluation 2: EXP3 vs PHY,EXP3,EXP3_pooled_any_type vs PHY_pooled_any_type,full,false_positive_llm_extra_code_not_in_phy,01-04-01,212
Evaluation 2: EXP3 vs PHY,EXP3,EXP3_pooled_any_type vs PHY_pooled_any_type,full,false_positive_llm_extra_code_not_in_phy,03-03-03,196
Evaluation 2: EXP3 vs PHY,EXP3,EXP3_pooled_any_type vs PHY_pooled_any_type,full,false_positive_llm_extra_code_not_in_phy,01-01-06,182
Evaluation 2: EXP3 vs PHY,EXP3,EXP3_pooled_any_type vs PHY_pooled_any_type,full,false_positive_llm_extra_code_not_in_phy,03-01-01,176
Evaluation 2: EXP3 vs PHY,EXP3,EXP3_pooled_any_type vs PHY_pooled_any_type,full,false_positive_llm_extra_code_not_in_phy,03-04-99,169
Evaluation 2: EXP3 vs PHY,EXP3,EXP3_pooled_any_type vs PHY_pooled_any_type,full,false_positive_llm_extra_code_not_in_phy,01-01-05,167
Evaluation 2: EXP3 vs PHY,EXP3,EXP3_pooled_any_type vs PHY_pooled_any_type,full,false_positive_llm_extra_code_not_in_phy,03-01-99,152
Evaluation 2: EXP3 vs PHY,EXP3,EXP3_pooled_any_type vs PHY_pooled_any_type,full,false_positive_llm_extra_code_not_in_phy,03-03-99,139
Evaluation 2: EXP3 vs PHY,EXP3,EXP3_pooled_any_type vs PHY_pooled_any_type,full,false_positive_llm_extra_code_not_in_phy,03-07-01,124
Evaluation 2: EXP3 vs PHY,EXP3,EXP3_pooled_any_type vs PHY_pooled_any_type,full,false_positive_llm_extra_code_not_in_phy,03-06-99,120
Evaluation 2: EXP3 vs PHY,EXP3,EXP3_pooled_any_type vs PHY_pooled_any_type,full,false_positive_llm_extra_code_not_in_phy,03-01-02,108
Evaluation 2: EXP3 vs PHY,EXP3,EXP3_pooled_any_type vs PHY_pooled_any_type,full,false_positive_llm_extra_code_not_in_phy,03-01-04,105
Evaluation 2: EXP3 vs PHY,EXP3,EXP3_pooled_any_type vs PHY_pooled_any_type,full,false_positive_llm_extra_code_not_in_phy,01-01-99,101
Evaluation 2: EXP3 vs PHY,EXP3,EXP3_pooled_any_type vs PHY_pooled_any_type,full,false_positive_llm_extra_code_not_in_phy,01-01-02,101
Evaluation 2: EXP3 vs PHY,EXP3,EXP3_pooled_any_type vs PHY_pooled_any_type,full,false_positive_llm_extra_code_not_in_phy,02-04-00,99
Evaluation 2: EXP3 vs PHY,EXP3,EXP3_pooled_any_type vs PHY_pooled_any_type,full,false_positive_llm_extra_code_not_in_phy,05-05-00,94
Evaluation 2: EXP3 vs PHY,EXP3,EXP3_pooled_any_type vs PHY_pooled_any_type,full,false_positive_llm_extra_code_not_in_phy,03-99-00,91
Evaluation 2: EXP3 vs PHY,EXP3,EXP3_pooled_any_type vs PHY_pooled_any_type,full,false_positive_llm_extra_code_not_in_phy,01-99-00,85
Evaluation 2: EXP3 vs PHY,EXP3,EXP3_pooled_any_type vs PHY_pooled_any_type,full,false_positive_llm_extra_code_not_in_phy,03-03-02,85
Evaluation 2: EXP3 vs PHY,EXP3,EXP3_pooled_any_type vs PHY_pooled_any_type,full,false_positive_llm_extra_code_not_in_phy,04-99-00,85
Evaluation 2: EXP3 vs PHY,EXP3,EXP3_pooled_any_type vs PHY_pooled_any_type,full,false_positive_llm_extra_code_not_in_phy,05-03-00,85
Evaluation 2: EXP3 vs PHY,EXP3,EXP3_pooled_any_type vs PHY_pooled_any_type,full,false_positive_llm_extra_code_not_in_phy,05-06-00,75
Evaluation 2: EXP3 vs PHY,EXP3,EXP3_pooled_any_type vs PHY_pooled_any_type,full,false_positive_llm_extra_code_not_in_phy,03-04-02,63
Evaluation 2: EXP3 vs PHY,EXP3,EXP3_pooled_any_type vs PHY_pooled_any_type,full,false_positive_llm_extra_code_not_in_phy,03-03-01,57
Evaluation 2: EXP3 vs PHY,EXP3,EXP3_pooled_any_type vs PHY_pooled_any_type,full,false_positive_llm_extra_code_not_in_phy,03-07-99,56
Evaluation 2: EXP3 vs PHY,EXP3,EXP3_pooled_any_type vs PHY_pooled_any_type,full,false_positive_llm_extra_code_not_in_phy,03-02-99,55
Evaluation 2: EXP3 vs PHY,EXP3,EXP3_pooled_any_type vs PHY_pooled_any_type,full,false_positive_llm_extra_code_not_in_phy,03-03-00,51
Evaluation 2: EXP3 vs PHY,EXP3,EXP3_pooled_any_type vs PHY_pooled_any_type,full,false_positive_llm_extra_code_not_in_phy,03-02-02,47
Evaluation 2: EXP3 vs PHY,EXP3,EXP3_pooled_any_type vs PHY_pooled_any_type,full,false_positive_llm_extra_code_not_in_phy,03-08-99,44
Evaluation 2: EXP3 vs PHY,EXP3,EXP3_pooled_any_type vs PHY_pooled_any_type,full,false_positive_llm_extra_code_not_in_phy,03-01-03,39
Evaluation 2: EXP3 vs PHY,EXP3,EXP3_pooled_any_type vs PHY_pooled_any_type,full,false_positive_llm_extra_code_not_in_phy,01-04-02,34
Evaluation 2: EXP3 vs PHY,EXP3,EXP3_pooled_any_type vs PHY_pooled_any_type,full,false_positive_llm_extra_code_not_in_phy,02-99-00,33
Evaluation 2: EXP3 vs PHY,EXP3,EXP3_pooled_any_type vs PHY_pooled_any_type,full,false_positive_llm_extra_code_not_in_phy,03-05-01,32
Evaluation 2: EXP3 vs PHY,EXP3,EXP3_pooled_any_type vs PHY_pooled_any_type,full,false_positive_llm_extra_code_not_in_phy,05-99-00,31
Evaluation 2: EXP3 vs PHY,EXP3,EXP3_pooled_any_type vs PHY_pooled_any_type,full,false_positive_llm_extra_code_not_in_phy,03-06-07,28
Evaluation 2: EXP3 vs PHY,EXP3,EXP3_pooled_any_type vs PHY_pooled_any_type,full,false_positive_llm_extra_code_not_in_phy,03-04-01,27
Evaluation 2: EXP3 vs PHY,EXP3,EXP3_pooled_any_type vs PHY_pooled_any_type,full,false_positive_llm_extra_code_not_in_phy,01-04-03,26
Evaluation 2: EXP3 vs PHY,EXP3,EXP3_pooled_any_type vs PHY_pooled_any_type,full,false_positive_llm_extra_code_not_in_phy,03-02-01,24
Evaluation 2: EXP3 vs PHY,EXP3,EXP3_pooled_any_type vs PHY_pooled_any_type,full,false_positive_llm_extra_code_not_in_phy,05-04-00,23
Evaluation 2: EXP3 vs PHY,EXP3,EXP3_pooled_any_type vs PHY_pooled_any_type,full,false_positive_llm_extra_code_not_in_phy,02-03-00,21
Evaluation 2: EXP3 vs PHY,EXP3,EXP3_pooled_any_type vs PHY_pooled_any_type,full,false_positive_llm_extra_code_not_in_phy,03-04-00,21
Evaluation 2: EXP3 vs PHY,EXP3,EXP3_pooled_any_type vs PHY_pooled_any_type,full,false_positive_llm_extra_code_not_in_phy,00-04-00,20
Evaluation 2: EXP3 vs PHY,EXP3,EXP3_pooled_any_type vs PHY_pooled_any_type,full,false_positive_llm_extra_code_not_in_phy,04-09-00,19
Evaluation 2: EXP3 vs PHY,EXP3,EXP3_pooled_any_type vs PHY_pooled_any_type,full,false_positive_llm_extra_code_not_in_phy,04-02-00,18
Evaluation 2: EXP3 vs PHY,EXP3,EXP3_pooled_any_type vs PHY_pooled_any_type,full,false_positive_llm_extra_code_not_in_phy,01-04-00,18
Evaluation 2: EXP3 vs PHY,EXP3,EXP3_pooled_any_type vs PHY_pooled_any_type,full,false_positive_llm_extra_code_not_in_phy,00-03-00,17
Evaluation 2: EXP3 vs PHY,EXP3,EXP3_pooled_any_type vs PHY_pooled_any_type,full,false_positive_llm_extra_code_not_in_phy,01-03-00,16
Evaluation 2: EXP3 vs PHY,EXP3,EXP3_pooled_any_type vs PHY_pooled_any_type,full,false_positive_llm_extra_code_not_in_phy,03-06-04,16
Evaluation 2: EXP3 vs PHY,EXP3,EXP3_pooled_any_type vs PHY_pooled_any_type,full,false_positive_llm_extra_code_not_in_phy,03-09-99,16
Evaluation 2: EXP3 vs PHY,EXP3,EXP3_pooled_any_type vs PHY_pooled_any_type,full,false_positive_llm_extra_code_not_in_phy,04-05-00,16
Evaluation 2: EXP3 vs PHY,EXP3,EXP3_pooled_any_type vs PHY_pooled_any_type,full,false_positive_llm_extra_code_not_in_phy,03-01-00,13
Evaluation 2: EXP3 vs PHY,EXP3,EXP3_pooled_any_type vs PHY_pooled_any_type,full,false_positive_llm_extra_code_not_in_phy,05-02-00,12
Evaluation 2: EXP3 vs PHY,EXP3,EXP3_pooled_any_type vs PHY_pooled_any_type,full,false_positive_llm_extra_code_not_in_phy,02-05-00,11
Evaluation 2: EXP3 vs PHY,EXP3,EXP3_pooled_any_type vs PHY_pooled_any_type,full,false_positive_llm_extra_code_not_in_phy,03-06-06,10
Evaluation 2: EXP3 vs PHY,EXP3,EXP3_pooled_any_type vs PHY_pooled_any_type,full,false_positive_llm_extra_code_not_in_phy,02-02-00,10
Evaluation 2: EXP3 vs PHY,EXP3,EXP3_pooled_any_type vs PHY_pooled_any_type,full,false_positive_llm_extra_code_not_in_phy,05-08-00,10
Evaluation 2: EXP3 vs PHY,EXP3,EXP3_pooled_any_type vs PHY_pooled_any_type,full,false_positive_llm_extra_code_not_in_phy,03-07-00,8
Evaluation 2: EXP3 vs PHY,EXP3,EXP3_pooled_any_type vs PHY_pooled_any_type,full,false_positive_llm_extra_code_not_in_phy,03-08-01,7
Evaluation 2: EXP3 vs PHY,EXP3,EXP3_pooled_any_type vs PHY_pooled_any_type,full,false_positive_llm_extra_code_not_in_phy,04-03-00,7
Evaluation 2: EXP3 vs PHY,EXP3,EXP3_pooled_any_type vs PHY_pooled_any_type,full,false_positive_llm_extra_code_not_in_phy,01-04-99,7
Evaluation 2: EXP3 vs PHY,EXP3,EXP3_pooled_any_type vs PHY_pooled_any_type,full,false_positive_llm_extra_code_not_in_phy,01-01-03,7
Evaluation 2: EXP3 vs PHY,EXP3,EXP3_pooled_any_type vs PHY_pooled_any_type,full,false_positive_llm_extra_code_not_in_phy,03-06-02,6
Evaluation 2: EXP3 vs PHY,EXP3,EXP3_pooled_any_type vs PHY_pooled_any_type,full,false_positive_llm_extra_code_not_in_phy,03-00-00,6
Evaluation 2: EXP3 vs PHY,EXP3,EXP3_pooled_any_type vs PHY_pooled_any_type,full,false_positive_llm_extra_code_not_in_phy,04-08-00,6
Evaluation 2: EXP3 vs PHY,EXP3,EXP3_pooled_any_type vs PHY_pooled_any_type,full,false_positive_llm_extra_code_not_in_phy,04-04-00,5
Evaluation 2: EXP3 vs PHY,EXP3,EXP3_pooled_any_type vs PHY_pooled_any_type,full,false_positive_llm_extra_code_not_in_phy,02-06-00,5
Evaluation 2: EXP3 vs PHY,EXP3,EXP3_pooled_any_type vs PHY_pooled_any_type,full,false_positive_llm_extra_code_not_in_phy,99-00-00,5
Evaluation 2: EXP3 vs PHY,EXP3,EXP3_pooled_any_type vs PHY_pooled_any_type,full,false_positive_llm_extra_code_not_in_phy,04-06-00,5
Evaluation 2: EXP3 vs PHY,EXP3,EXP3_pooled_any_type vs PHY_pooled_any_type,full,false_positive_llm_extra_code_not_in_phy,05-00-00,5
Evaluation 2: EXP3 vs PHY,EXP3,EXP3_pooled_any_type vs PHY_pooled_any_type,full,false_positive_llm_extra_code_not_in_phy,04-01-00,4
Evaluation 2: EXP3 vs PHY,EXP3,EXP3_pooled_any_type vs PHY_pooled_any_type,full,false_positive_llm_extra_code_not_in_phy,03-06-00,4
Evaluation 2: EXP3 vs PHY,EXP3,EXP3_pooled_any_type vs PHY_pooled_any_type,full,false_positive_llm_extra_code_not_in_phy,03-05-99,3
Evaluation 2: EXP3 vs PHY,EXP3,EXP3_pooled_any_type vs PHY_pooled_any_type,full,false_positive_llm_extra_code_not_in_phy,05-01-00,3
Evaluation 2: EXP3 vs PHY,EXP3,EXP3_pooled_any_type vs PHY_pooled_any_type,full,false_positive_llm_extra_code_not_in_phy,00-01-00,2
Evaluation 2: EXP3 vs PHY,EXP3,EXP3_pooled_any_type vs PHY_pooled_any_type,full,false_positive_llm_extra_code_not_in_phy,03-06-03,2
Evaluation 2: EXP3 vs PHY,EXP3,EXP3_pooled_any_type vs PHY_pooled_any_type,full,false_positive_llm_extra_code_not_in_phy,03-06-05,2
Evaluation 2: EXP3 vs PHY,EXP3,EXP3_pooled_any_type vs PHY_pooled_any_type,full,false_positive_llm_extra_code_not_in_phy,03-09-00,2
Evaluation 2: EXP3 vs PHY,EXP3,EXP3_pooled_any_type vs PHY_pooled_any_type,full,false_positive_llm_extra_code_not_in_phy,02-01-00,2
Evaluation 2: EXP3 vs PHY,EXP3,EXP3_pooled_any_type vs PHY_pooled_any_type,full,false_positive_llm_extra_code_not_in_phy,05-09-00,2
Evaluation 2: EXP3 vs PHY,EXP3,EXP3_pooled_any_type vs PHY_pooled_any_type,full,false_positive_llm_extra_code_not_in_phy,02-00-00,1
Evaluation 2: EXP3 vs PHY,EXP3,EXP3_pooled_any_type vs PHY_pooled_any_type,full,false_positive_llm_extra_code_not_in_phy,01-07-00,1
Evaluation 2: EXP3 vs PHY,EXP3,EXP3_pooled_any_type vs PHY_pooled_any_type,full,false_positive_llm_extra_code_not_in_phy,03-05-00,1
Evaluation 2: EXP3 vs PHY,EXP3,EXP3_pooled_any_type vs PHY_pooled_any_type,full,false_positive_llm_extra_code_not_in_phy,04-07-00,1
Evaluation 2: EXP3 vs PHY,EXP3,EXP3_pooled_any_type vs PHY_pooled_any_type,full,false_positive_llm_extra_code_not_in_phy,05-01-99,1
Evaluation 2: EXP3 vs PHY,EXP3,EXP3_pooled_any_type vs PHY_pooled_any_type,full,false_positive_llm_extra_code_not_in_phy,01-06-00,1
Evaluation 2: EXP3 vs PHY,EXP3,EXP3_pooled_any_type vs PHY_pooled_any_type,full,true_positive_code_found_by_both,01-04-02,444
Evaluation 2: EXP3 vs PHY,EXP3,EXP3_pooled_any_type vs PHY_pooled_any_type,full,true_positive_code_found_by_both,01-01-04,183
Evaluation 2: EXP3 vs PHY,EXP3,EXP3_pooled_any_type vs PHY_pooled_any_type,full,true_positive_code_found_by_both,03-01-04,163
Evaluation 2: EXP3 vs PHY,EXP3,EXP3_pooled_any_type vs PHY_pooled_any_type,full,true_positive_code_found_by_both,01-01-01,162
Evaluation 2: EXP3 vs PHY,EXP3,EXP3_pooled_any_type vs PHY_pooled_any_type,full,true_positive_code_found_by_both,05-05-00,161
Evaluation 2: EXP3 vs PHY,EXP3,EXP3_pooled_any_type vs PHY_pooled_any_type,full,true_positive_code_found_by_both,03-01-01,149
Evaluation 2: EXP3 vs PHY,EXP3,EXP3_pooled_any_type vs PHY_pooled_any_type,full,true_positive_code_found_by_both,03-01-02,113
Evaluation 2: EXP3 vs PHY,EXP3,EXP3_pooled_any_type vs PHY_pooled_any_type,full,true_positive_code_found_by_both,05-03-00,113
Evaluation 2: EXP3 vs PHY,EXP3,EXP3_pooled_any_type vs PHY_pooled_any_type,full,true_positive_code_found_by_both,03-05-01,90
Evaluation 2: EXP3 vs PHY,EXP3,EXP3_pooled_any_type vs PHY_pooled_any_type,full,true_positive_code_found_by_both,05-06-00,86
Evaluation 2: EXP3 vs PHY,EXP3,EXP3_pooled_any_type vs PHY_pooled_any_type,full,true_positive_code_found_by_both,01-01-00,76
Evaluation 2: EXP3 vs PHY,EXP3,EXP3_pooled_any_type vs PHY_pooled_any_type,full,true_positive_code_found_by_both,04-01-00,57
Evaluation 2: EXP3 vs PHY,EXP3,EXP3_pooled_any_type vs PHY_pooled_any_type,full,true_positive_code_found_by_both,03-06-02,56
Evaluation 2: EXP3 vs PHY,EXP3,EXP3_pooled_any_type vs PHY_pooled_any_type,full,true_positive_code_found_by_both,01-04-01,55
Evaluation 2: EXP3 vs PHY,EXP3,EXP3_pooled_any_type vs PHY_pooled_any_type,full,true_positive_code_found_by_both,04-03-00,54
Evaluation 2: EXP3 vs PHY,EXP3,EXP3_pooled_any_type vs PHY_pooled_any_type,full,true_positive_code_found_by_both,03-09-01,51
Evaluation 2: EXP3 vs PHY,EXP3,EXP3_pooled_any_type vs PHY_pooled_any_type,full,true_positive_code_found_by_both,01-01-02,49
Evaluation 2: EXP3 vs PHY,EXP3,EXP3_pooled_any_type vs PHY_pooled_any_type,full,true_positive_code_found_by_both,03-03-02,47
Evaluation 2: EXP3 vs PHY,EXP3,EXP3_pooled_any_type vs PHY_pooled_any_type,full,true_positive_code_found_by_both,03-08-00,43
Evaluation 2: EXP3 vs PHY,EXP3,EXP3_pooled_any_type vs PHY_pooled_any_type,full,true_positive_code_found_by_both,01-05-00,41
Evaluation 2: EXP3 vs PHY,EXP3,EXP3_pooled_any_type vs PHY_pooled_any_type,full,true_positive_code_found_by_both,03-03-03,39
Evaluation 2: EXP3 vs PHY,EXP3,EXP3_pooled_any_type vs PHY_pooled_any_type,full,true_positive_code_found_by_both,03-04-02,37
Evaluation 2: EXP3 vs PHY,EXP3,EXP3_pooled_any_type vs PHY_pooled_any_type,full,true_positive_code_found_by_both,03-02-02,36
Evaluation 2: EXP3 vs PHY,EXP3,EXP3_pooled_any_type vs PHY_pooled_any_type,full,true_positive_code_found_by_both,01-01-05,31
Evaluation 2: EXP3 vs PHY,EXP3,EXP3_pooled_any_type vs PHY_pooled_any_type,full,true_positive_code_found_by_both,04-05-00,29
Evaluation 2: EXP3 vs PHY,EXP3,EXP3_pooled_any_type vs PHY_pooled_any_type,full,true_positive_code_found_by_both,04-08-00,25
Evaluation 2: EXP3 vs PHY,EXP3,EXP3_pooled_any_type vs PHY_pooled_any_type,full,true_positive_code_found_by_both,01-01-06,23
Evaluation 2: EXP3 vs PHY,EXP3,EXP3_pooled_any_type vs PHY_pooled_any_type,full,true_positive_code_found_by_both,04-02-00,16
Evaluation 2: EXP3 vs PHY,EXP3,EXP3_pooled_any_type vs PHY_pooled_any_type,full,true_positive_code_found_by_both,02-03-00,16
Evaluation 2: EXP3 vs PHY,EXP3,EXP3_pooled_any_type vs PHY_pooled_any_type,full,true_positive_code_found_by_both,03-07-01,14
Evaluation 2: EXP3 vs PHY,EXP3,EXP3_pooled_any_type vs PHY_pooled_any_type,full,true_positive_code_found_by_both,05-04-00,14
Evaluation 2: EXP3 vs PHY,EXP3,EXP3_pooled_any_type vs PHY_pooled_any_type,full,true_positive_code_found_by_both,03-01-03,13
Evaluation 2: EXP3 vs PHY,EXP3,EXP3_pooled_any_type vs PHY_pooled_any_type,full,true_positive_code_found_by_both,03-03-00,11
Evaluation 2: EXP3 vs PHY,EXP3,EXP3_pooled_any_type vs PHY_pooled_any_type,full,true_positive_code_found_by_both,03-06-01,11
Evaluation 2: EXP3 vs PHY,EXP3,EXP3_pooled_any_type vs PHY_pooled_any_type,full,true_positive_code_found_by_both,02-04-00,11
Evaluation 2: EXP3 vs PHY,EXP3,EXP3_pooled_any_type vs PHY_pooled_any_type,full,true_positive_code_found_by_both,04-06-00,11
Evaluation 2: EXP3 vs PHY,EXP3,EXP3_pooled_any_type vs PHY_pooled_any_type,full,true_positive_code_found_by_both,03-06-04,10
Evaluation 2: EXP3 vs PHY,EXP3,EXP3_pooled_any_type vs PHY_pooled_any_type,full,true_positive_code_found_by_both,01-04-03,10
Evaluation 2: EXP3 vs PHY,EXP3,EXP3_pooled_any_type vs PHY_pooled_any_type,full,true_positive_code_found_by_both,03-06-03,8
Evaluation 2: EXP3 vs PHY,EXP3,EXP3_pooled_any_type vs PHY_pooled_any_type,full,true_positive_code_found_by_both,03-04-01,7
Evaluation 2: EXP3 vs PHY,EXP3,EXP3_pooled_any_type vs PHY_pooled_any_type,full,true_positive_code_found_by_both,03-06-05,6
Evaluation 2: EXP3 vs PHY,EXP3,EXP3_pooled_any_type vs PHY_pooled_any_type,full,true_positive_code_found_by_both,01-03-00,5
Evaluation 2: EXP3 vs PHY,EXP3,EXP3_pooled_any_type vs PHY_pooled_any_type,full,true_positive_code_found_by_both,02-05-00,5
Evaluation 2: EXP3 vs PHY,EXP3,EXP3_pooled_any_type vs PHY_pooled_any_type,full,true_positive_code_found_by_both,02-01-00,4
Evaluation 2: EXP3 vs PHY,EXP3,EXP3_pooled_any_type vs PHY_pooled_any_type,full,true_positive_code_found_by_both,03-02-00,4
Evaluation 2: EXP3 vs PHY,EXP3,EXP3_pooled_any_type vs PHY_pooled_any_type,full,true_positive_code_found_by_both,01-04-00,4
Evaluation 2: EXP3 vs PHY,EXP3,EXP3_pooled_any_type vs PHY_pooled_any_type,full,true_positive_code_found_by_both,04-04-00,4
Evaluation 2: EXP3 vs PHY,EXP3,EXP3_pooled_any_type vs PHY_pooled_any_type,full,true_positive_code_found_by_both,03-06-00,3
Evaluation 2: EXP3 vs PHY,EXP3,EXP3_pooled_any_type vs PHY_pooled_any_type,full,true_positive_code_found_by_both,03-03-01,3
Evaluation 2: EXP3 vs PHY,EXP3,EXP3_pooled_any_type vs PHY_pooled_any_type,full,true_positive_code_found_by_both,04-07-00,3
Evaluation 2: EXP3 vs PHY,EXP3,EXP3_pooled_any_type vs PHY_pooled_any_type,full,true_positive_code_found_by_both,02-02-00,3
Evaluation 2: EXP3 vs PHY,EXP3,EXP3_pooled_any_type vs PHY_pooled_any_type,full,true_positive_code_found_by_both,05-08-00,3
Evaluation 2: EXP3 vs PHY,EXP3,EXP3_pooled_any_type vs PHY_pooled_any_type,full,true_positive_code_found_by_both,03-07-00,2
Evaluation 2: EXP3 vs PHY,EXP3,EXP3_pooled_any_type vs PHY_pooled_any_type,full,true_positive_code_found_by_both,03-01-00,2
Evaluation 2: EXP3 vs PHY,EXP3,EXP3_pooled_any_type vs PHY_pooled_any_type,full,true_positive_code_found_by_both,01-07-00,2
Evaluation 2: EXP3 vs PHY,EXP3,EXP3_pooled_any_type vs PHY_pooled_any_type,full,true_positive_code_found_by_both,05-00-00,2
Evaluation 2: EXP3 vs PHY,EXP3,EXP3_pooled_any_type vs PHY_pooled_any_type,full,true_positive_code_found_by_both,02-06-00,1
Evaluation 2: EXP3 vs PHY,EXP3,EXP3_pooled_any_type vs PHY_pooled_any_type,full,true_positive_code_found_by_both,03-04-00,1
Evaluation 2: EXP3 vs PHY,EXP3,EXP3_pooled_any_type vs PHY_pooled_any_type,full,true_positive_code_found_by_both,03-06-06,1
Evaluation 2: EXP3 vs PHY,EXP3,EXP3_pooled_any_type vs PHY_pooled_any_type,full,true_positive_code_found_by_both,04-09-00,1
Evaluation 2: EXP3 vs PHY,EXP3,EXP3_pooled_any_type vs PHY_pooled_any_type,level1,false_negative_phy_code_missed_by_llm,01,249
Evaluation 2: EXP3 vs PHY,EXP3,EXP3_pooled_any_type vs PHY_pooled_any_type,level1,false_negative_phy_code_missed_by_llm,03,161
Evaluation 2: EXP3 vs PHY,EXP3,EXP3_pooled_any_type vs PHY_pooled_any_type,level1,false_negative_phy_code_missed_by_llm,05,113
Evaluation 2: EXP3 vs PHY,EXP3,EXP3_pooled_any_type vs PHY_pooled_any_type,level1,false_negative_phy_code_missed_by_llm,04,60
Evaluation 2: EXP3 vs PHY,EXP3,EXP3_pooled_any_type vs PHY_pooled_any_type,level1,false_negative_phy_code_missed_by_llm,02,6
Evaluation 2: EXP3 vs PHY,EXP3,EXP3_pooled_any_type vs PHY_pooled_any_type,level1,false_positive_llm_extra_code_not_in_phy,03,1026
Evaluation 2: EXP3 vs PHY,EXP3,EXP3_pooled_any_type vs PHY_pooled_any_type,level1,false_positive_llm_extra_code_not_in_phy,01,350
Evaluation 2: EXP3 vs PHY,EXP3,EXP3_pooled_any_type vs PHY_pooled_any_type,level1,false_positive_llm_extra_code_not_in_phy,00,335
Evaluation 2: EXP3 vs PHY,EXP3,EXP3_pooled_any_type vs PHY_pooled_any_type,level1,false_positive_llm_extra_code_not_in_phy,02,123
Evaluation 2: EXP3 vs PHY,EXP3,EXP3_pooled_any_type vs PHY_pooled_any_type,level1,false_positive_llm_extra_code_not_in_phy,04,59
Evaluation 2: EXP3 vs PHY,EXP3,EXP3_pooled_any_type vs PHY_pooled_any_type,level1,false_positive_llm_extra_code_not_in_phy,05,49
Evaluation 2: EXP3 vs PHY,EXP3,EXP3_pooled_any_type vs PHY_pooled_any_type,level1,false_positive_llm_extra_code_not_in_phy,99,5
Evaluation 2: EXP3 vs PHY,EXP3,EXP3_pooled_any_type vs PHY_pooled_any_type,level1,true_positive_code_found_by_both,01,1613
Evaluation 2: EXP3 vs PHY,EXP3,EXP3_pooled_any_type vs PHY_pooled_any_type,level1,true_positive_code_found_by_both,03,1192
Evaluation 2: EXP3 vs PHY,EXP3,EXP3_pooled_any_type vs PHY_pooled_any_type,level1,true_positive_code_found_by_both,05,400
Evaluation 2: EXP3 vs PHY,EXP3,EXP3_pooled_any_type vs PHY_pooled_any_type,level1,true_positive_code_found_by_both,04,231
Evaluation 2: EXP3 vs PHY,EXP3,EXP3_pooled_any_type vs PHY_pooled_any_type,level1,true_positive_code_found_by_both,02,51
Evaluation 2: EXP3 vs PHY,EXP3,EXP3_pooled_any_type vs PHY_pooled_any_type,level2,false_negative_phy_code_missed_by_llm,01-04,341
Evaluation 2: EXP3 vs PHY,EXP3,EXP3_pooled_any_type vs PHY_pooled_any_type,level2,false_negative_phy_code_missed_by_llm,01-01,145
Evaluation 2: EXP3 vs PHY,EXP3,EXP3_pooled_any_type vs PHY_pooled_any_type,level2,false_negative_phy_code_missed_by_llm,03-01,108
Evaluation 2: EXP3 vs PHY,EXP3,EXP3_pooled_any_type vs PHY_pooled_any_type,level2,false_negative_phy_code_missed_by_llm,03-00,53
Evaluation 2: EXP3 vs PHY,EXP3,EXP3_pooled_any_type vs PHY_pooled_any_type,level2,false_negative_phy_code_missed_by_llm,05-05,49
Evaluation 2: EXP3 vs PHY,EXP3,EXP3_pooled_any_type vs PHY_pooled_any_type,level2,false_negative_phy_code_missed_by_llm,01-00,46
Evaluation 2: EXP3 vs PHY,EXP3,EXP3_pooled_any_type vs PHY_pooled_any_type,level2,false_negative_phy_code_missed_by_llm,03-03,43
Evaluation 2: EXP3 vs PHY,EXP3,EXP3_pooled_any_type vs PHY_pooled_any_type,level2,false_negative_phy_code_missed_by_llm,03-06,40
Evaluation 2: EXP3 vs PHY,EXP3,EXP3_pooled_any_type vs PHY_pooled_any_type,level2,false_negative_phy_code_missed_by_llm,05-03,37
Evaluation 2: EXP3 vs PHY,EXP3,EXP3_pooled_any_type vs PHY_pooled_any_type,level2,false_negative_phy_code_missed_by_llm,04-00,34
Evaluation 2: EXP3 vs PHY,EXP3,EXP3_pooled_any_type vs PHY_pooled_any_type,level2,false_negative_phy_code_missed_by_llm,05-06,31
Evaluation 2: EXP3 vs PHY,EXP3,EXP3_pooled_any_type vs PHY_pooled_any_type,level2,false_negative_phy_code_missed_by_llm,04-05,28
Evaluation 2: EXP3 vs PHY,EXP3,EXP3_pooled_any_type vs PHY_pooled_any_type,level2,false_negative_phy_code_missed_by_llm,03-04,23
Evaluation 2: EXP3 vs PHY,EXP3,EXP3_pooled_any_type vs PHY_pooled_any_type,level2,false_negative_phy_code_missed_by_llm,05-00,22
Evaluation 2: EXP3 vs PHY,EXP3,EXP3_pooled_any_type vs PHY_pooled_any_type,level2,false_negative_phy_code_missed_by_llm,03-05,21
Evaluation 2: EXP3 vs PHY,EXP3,EXP3_pooled_any_type vs PHY_pooled_any_type,level2,false_negative_phy_code_missed_by_llm,03-08,19
Evaluation 2: EXP3 vs PHY,EXP3,EXP3_pooled_any_type vs PHY_pooled_any_type,level2,false_negative_phy_code_missed_by_llm,04-01,15
Evaluation 2: EXP3 vs PHY,EXP3,EXP3_pooled_any_type vs PHY_pooled_any_type,level2,false_negative_phy_code_missed_by_llm,05-04,15
Evaluation 2: EXP3 vs PHY,EXP3,EXP3_pooled_any_type vs PHY_pooled_any_type,level2,false_negative_phy_code_missed_by_llm,01-03,14
Evaluation 2: EXP3 vs PHY,EXP3,EXP3_pooled_any_type vs PHY_pooled_any_type,level2,false_negative_phy_code_missed_by_llm,01-05,14
Evaluation 2: EXP3 vs PHY,EXP3,EXP3_pooled_any_type vs PHY_pooled_any_type,level2,false_negative_phy_code_missed_by_llm,03-09,14
Evaluation 2: EXP3 vs PHY,EXP3,EXP3_pooled_any_type vs PHY_pooled_any_type,level2,false_negative_phy_code_missed_by_llm,02-00,10
Evaluation 2: EXP3 vs PHY,EXP3,EXP3_pooled_any_type vs PHY_pooled_any_type,level2,false_negative_phy_code_missed_by_llm,03-02,10
Evaluation 2: EXP3 vs PHY,EXP3,EXP3_pooled_any_type vs PHY_pooled_any_type,level2,false_negative_phy_code_missed_by_llm,03-07,8
Evaluation 2: EXP3 vs PHY,EXP3,EXP3_pooled_any_type vs PHY_pooled_any_type,level2,false_negative_phy_code_missed_by_llm,04-02,6
Evaluation 2: EXP3 vs PHY,EXP3,EXP3_pooled_any_type vs PHY_pooled_any_type,level2,false_negative_phy_code_missed_by_llm,04-03,4
Evaluation 2: EXP3 vs PHY,EXP3,EXP3_pooled_any_type vs PHY_pooled_any_type,level2,false_negative_phy_code_missed_by_llm,04-06,3
Evaluation 2: EXP3 vs PHY,EXP3,EXP3_pooled_any_type vs PHY_pooled_any_type,level2,false_negative_phy_code_missed_by_llm,02-05,3
Evaluation 2: EXP3 vs PHY,EXP3,EXP3_pooled_any_type vs PHY_pooled_any_type,level2,false_negative_phy_code_missed_by_llm,02-01,2
Evaluation 2: EXP3 vs PHY,EXP3,EXP3_pooled_any_type vs PHY_pooled_any_type,level2,false_negative_phy_code_missed_by_llm,02-03,2
Evaluation 2: EXP3 vs PHY,EXP3,EXP3_pooled_any_type vs PHY_pooled_any_type,level2,false_negative_phy_code_missed_by_llm,02-02,2
Evaluation 2: EXP3 vs PHY,EXP3,EXP3_pooled_any_type vs PHY_pooled_any_type,level2,false_negative_phy_code_missed_by_llm,05-08,2
Evaluation 2: EXP3 vs PHY,EXP3,EXP3_pooled_any_type vs PHY_pooled_any_type,level2,false_negative_phy_code_missed_by_llm,04-08,1
Evaluation 2: EXP3 vs PHY,EXP3,EXP3_pooled_any_type vs PHY_pooled_any_type,level2,false_negative_phy_code_missed_by_llm,01-07,1
Evaluation 2: EXP3 vs PHY,EXP3,EXP3_pooled_any_type vs PHY_pooled_any_type,level2,false_negative_phy_code_missed_by_llm,04-04,1
Evaluation 2: EXP3 vs PHY,EXP3,EXP3_pooled_any_type vs PHY_pooled_any_type,level2,false_negative_phy_code_missed_by_llm,04-07,1
Evaluation 2: EXP3 vs PHY,EXP3,EXP3_pooled_any_type vs PHY_pooled_any_type,level2,false_positive_llm_extra_code_not_in_phy,01-01,743
Evaluation 2: EXP3 vs PHY,EXP3,EXP3_pooled_any_type vs PHY_pooled_any_type,level2,false_positive_llm_extra_code_not_in_phy,03-09,406
Evaluation 2: EXP3 vs PHY,EXP3,EXP3_pooled_any_type vs PHY_pooled_any_type,level2,false_positive_llm_extra_code_not_in_phy,03-02,402
Evaluation 2: EXP3 vs PHY,EXP3,EXP3_pooled_any_type vs PHY_pooled_any_type,level2,false_positive_llm_extra_code_not_in_phy,03-08,376
Evaluation 2: EXP3 vs PHY,EXP3,EXP3_pooled_any_type vs PHY_pooled_any_type,level2,false_positive_llm_extra_code_not_in_phy,03-03,333
Evaluation 2: EXP3 vs PHY,EXP3,EXP3_pooled_any_type vs PHY_pooled_any_type,level2,false_positive_llm_extra_code_not_in_phy,00-02,303
Evaluation 2: EXP3 vs PHY,EXP3,EXP3_pooled_any_type vs PHY_pooled_any_type,level2,false_positive_llm_extra_code_not_in_phy,03-01,275
Evaluation 2: EXP3 vs PHY,EXP3,EXP3_pooled_any_type vs PHY_pooled_any_type,level2,false_positive_llm_extra_code_not_in_phy,01-05,234
Evaluation 2: EXP3 vs PHY,EXP3,EXP3_pooled_any_type vs PHY_pooled_any_type,level2,false_positive_llm_extra_code_not_in_phy,03-04,232
Evaluation 2: EXP3 vs PHY,EXP3,EXP3_pooled_any_type vs PHY_pooled_any_type,level2,false_positive_llm_extra_code_not_in_phy,03-07,159
Evaluation 2: EXP3 vs PHY,EXP3,EXP3_pooled_any_type vs PHY_pooled_any_type,level2,false_positive_llm_extra_code_not_in_phy,02-04,99
Evaluation 2: EXP3 vs PHY,EXP3,EXP3_pooled_any_type vs PHY_pooled_any_type,level2,false_positive_llm_extra_code_not_in_phy,03-06,97
Evaluation 2: EXP3 vs PHY,EXP3,EXP3_pooled_any_type vs PHY_pooled_any_type,level2,false_positive_llm_extra_code_not_in_phy,05-05,94
Evaluation 2: EXP3 vs PHY,EXP3,EXP3_pooled_any_type vs PHY_pooled_any_type,level2,false_positive_llm_extra_code_not_in_phy,03-99,91
Evaluation 2: EXP3 vs PHY,EXP3,EXP3_pooled_any_type vs PHY_pooled_any_type,level2,false_positive_llm_extra_code_not_in_phy,01-99,85
Evaluation 2: EXP3 vs PHY,EXP3,EXP3_pooled_any_type vs PHY_pooled_any_type,level2,false_positive_llm_extra_code_not_in_phy,04-99,85
Evaluation 2: EXP3 vs PHY,EXP3,EXP3_pooled_any_type vs PHY_pooled_any_type,level2,false_positive_llm_extra_code_not_in_phy,05-03,85
Evaluation 2: EXP3 vs PHY,EXP3,EXP3_pooled_any_type vs PHY_pooled_any_type,level2,false_positive_llm_extra_code_not_in_phy,05-06,75
Evaluation 2: EXP3 vs PHY,EXP3,EXP3_pooled_any_type vs PHY_pooled_any_type,level2,false_positive_llm_extra_code_not_in_phy,01-04,72
Evaluation 2: EXP3 vs PHY,EXP3,EXP3_pooled_any_type vs PHY_pooled_any_type,level2,false_positive_llm_extra_code_not_in_phy,03-05,34
Evaluation 2: EXP3 vs PHY,EXP3,EXP3_pooled_any_type vs PHY_pooled_any_type,level2,false_positive_llm_extra_code_not_in_phy,02-99,33
Evaluation 2: EXP3 vs PHY,EXP3,EXP3_pooled_any_type vs PHY_pooled_any_type,level2,false_positive_llm_extra_code_not_in_phy,05-99,31
Evaluation 2: EXP3 vs PHY,EXP3,EXP3_pooled_any_type vs PHY_pooled_any_type,level2,false_positive_llm_extra_code_not_in_phy,05-04,23
Evaluation 2: EXP3 vs PHY,EXP3,EXP3_pooled_any_type vs PHY_pooled_any_type,level2,false_positive_llm_extra_code_not_in_phy,02-03,21
Evaluation 2: EXP3 vs PHY,EXP3,EXP3_pooled_any_type vs PHY_pooled_any_type,level2,false_positive_llm_extra_code_not_in_phy,00-04,20
Evaluation 2: EXP3 vs PHY,EXP3,EXP3_pooled_any_type vs PHY_pooled_any_type,level2,false_positive_llm_extra_code_not_in_phy,04-09,19
Evaluation 2: EXP3 vs PHY,EXP3,EXP3_pooled_any_type vs PHY_pooled_any_type,level2,false_positive_llm_extra_code_not_in_phy,04-02,18
Evaluation 2: EXP3 vs PHY,EXP3,EXP3_pooled_any_type vs PHY_pooled_any_type,level2,false_positive_llm_extra_code_not_in_phy,00-03,17
Evaluation 2: EXP3 vs PHY,EXP3,EXP3_pooled_any_type vs PHY_pooled_any_type,level2,false_positive_llm_extra_code_not_in_phy,01-03,16
Evaluation 2: EXP3 vs PHY,EXP3,EXP3_pooled_any_type vs PHY_pooled_any_type,level2,false_positive_llm_extra_code_not_in_phy,04-05,16
Evaluation 2: EXP3 vs PHY,EXP3,EXP3_pooled_any_type vs PHY_pooled_any_type,level2,false_positive_llm_extra_code_not_in_phy,05-02,12
Evaluation 2: EXP3 vs PHY,EXP3,EXP3_pooled_any_type vs PHY_pooled_any_type,level2,false_positive_llm_extra_code_not_in_phy,02-05,11
Evaluation 2: EXP3 vs PHY,EXP3,EXP3_pooled_any_type vs PHY_pooled_any_type,level2,false_positive_llm_extra_code_not_in_phy,02-02,10
Evaluation 2: EXP3 vs PHY,EXP3,EXP3_pooled_any_type vs PHY_pooled_any_type,level2,false_positive_llm_extra_code_not_in_phy,05-08,10
Evaluation 2: EXP3 vs PHY,EXP3,EXP3_pooled_any_type vs PHY_pooled_any_type,level2,false_positive_llm_extra_code_not_in_phy,04-03,7
Evaluation 2: EXP3 vs PHY,EXP3,EXP3_pooled_any_type vs PHY_pooled_any_type,level2,false_positive_llm_extra_code_not_in_phy,03-00,6
Evaluation 2: EXP3 vs PHY,EXP3,EXP3_pooled_any_type vs PHY_pooled_any_type,level2,false_positive_llm_extra_code_not_in_phy,04-08,6
Evaluation 2: EXP3 vs PHY,EXP3,EXP3_pooled_any_type vs PHY_pooled_any_type,level2,false_positive_llm_extra_code_not_in_phy,04-04,5
Evaluation 2: EXP3 vs PHY,EXP3,EXP3_pooled_any_type vs PHY_pooled_any_type,level2,false_positive_llm_extra_code_not_in_phy,02-06,5
Evaluation 2: EXP3 vs PHY,EXP3,EXP3_pooled_any_type vs PHY_pooled_any_type,level2,false_positive_llm_extra_code_not_in_phy,99-00,5
Evaluation 2: EXP3 vs PHY,EXP3,EXP3_pooled_any_type vs PHY_pooled_any_type,level2,false_positive_llm_extra_code_not_in_phy,04-06,5
Evaluation 2: EXP3 vs PHY,EXP3,EXP3_pooled_any_type vs PHY_pooled_any_type,level2,false_positive_llm_extra_code_not_in_phy,05-00,5
Evaluation 2: EXP3 vs PHY,EXP3,EXP3_pooled_any_type vs PHY_pooled_any_type,level2,false_positive_llm_extra_code_not_in_phy,04-01,4
Evaluation 2: EXP3 vs PHY,EXP3,EXP3_pooled_any_type vs PHY_pooled_any_type,level2,false_positive_llm_extra_code_not_in_phy,05-01,4
Evaluation 2: EXP3 vs PHY,EXP3,EXP3_pooled_any_type vs PHY_pooled_any_type,level2,false_positive_llm_extra_code_not_in_phy,00-01,2
Evaluation 2: EXP3 vs PHY,EXP3,EXP3_pooled_any_type vs PHY_pooled_any_type,level2,false_positive_llm_extra_code_not_in_phy,02-01,2
Evaluation 2: EXP3 vs PHY,EXP3,EXP3_pooled_any_type vs PHY_pooled_any_type,level2,false_positive_llm_extra_code_not_in_phy,05-09,2
Evaluation 2: EXP3 vs PHY,EXP3,EXP3_pooled_any_type vs PHY_pooled_any_type,level2,false_positive_llm_extra_code_not_in_phy,02-00,1
Evaluation 2: EXP3 vs PHY,EXP3,EXP3_pooled_any_type vs PHY_pooled_any_type,level2,false_positive_llm_extra_code_not_in_phy,01-07,1
Evaluation 2: EXP3 vs PHY,EXP3,EXP3_pooled_any_type vs PHY_pooled_any_type,level2,false_positive_llm_extra_code_not_in_phy,04-07,1
Evaluation 2: EXP3 vs PHY,EXP3,EXP3_pooled_any_type vs PHY_pooled_any_type,level2,false_positive_llm_extra_code_not_in_phy,01-06,1
Evaluation 2: EXP3 vs PHY,EXP3,EXP3_pooled_any_type vs PHY_pooled_any_type,level2,true_positive_code_found_by_both,01-01,727
Evaluation 2: EXP3 vs PHY,EXP3,EXP3_pooled_any_type vs PHY_pooled_any_type,level2,true_positive_code_found_by_both,01-04,596
Evaluation 2: EXP3 vs PHY,EXP3,EXP3_pooled_any_type vs PHY_pooled_any_type,level2,true_positive_code_found_by_both,03-01,404
Evaluation 2: EXP3 vs PHY,EXP3,EXP3_pooled_any_type vs PHY_pooled_any_type,level2,true_positive_code_found_by_both,03-03,176
Evaluation 2: EXP3 vs PHY,EXP3,EXP3_pooled_any_type vs PHY_pooled_any_type,level2,true_positive_code_found_by_both,03-06,164
Evaluation 2: EXP3 vs PHY,EXP3,EXP3_pooled_any_type vs PHY_pooled_any_type,level2,true_positive_code_found_by_both,05-05,161
Evaluation 2: EXP3 vs PHY,EXP3,EXP3_pooled_any_type vs PHY_pooled_any_type,level2,true_positive_code_found_by_both,05-03,113
Evaluation 2: EXP3 vs PHY,EXP3,EXP3_pooled_any_type vs PHY_pooled_any_type,level2,true_positive_code_found_by_both,03-05,91
Evaluation 2: EXP3 vs PHY,EXP3,EXP3_pooled_any_type vs PHY_pooled_any_type,level2,true_positive_code_found_by_both,05-06,86
Evaluation 2: EXP3 vs PHY,EXP3,EXP3_pooled_any_type vs PHY_pooled_any_type,level2,true_positive_code_found_by_both,03-04,69
Evaluation 2: EXP3 vs PHY,EXP3,EXP3_pooled_any_type vs PHY_pooled_any_type,level2,true_positive_code_found_by_both,03-08,64
Evaluation 2: EXP3 vs PHY,EXP3,EXP3_pooled_any_type vs PHY_pooled_any_type,level2,true_positive_code_found_by_both,04-01,57
Evaluation 2: EXP3 vs PHY,EXP3,EXP3_pooled_any_type vs PHY_pooled_any_type,level2,true_positive_code_found_by_both,03-09,56
Evaluation 2: EXP3 vs PHY,EXP3,EXP3_pooled_any_type vs PHY_pooled_any_type,level2,true_positive_code_found_by_both,04-03,54
Evaluation 2: EXP3 vs PHY,EXP3,EXP3_pooled_any_type vs PHY_pooled_any_type,level2,true_positive_code_found_by_both,03-02,44
Evaluation 2: EXP3 vs PHY,EXP3,EXP3_pooled_any_type vs PHY_pooled_any_type,level2,true_positive_code_found_by_both,01-05,41
Evaluation 2: EXP3 vs PHY,EXP3,EXP3_pooled_any_type vs PHY_pooled_any_type,level2,true_positive_code_found_by_both,04-05,29
Evaluation 2: EXP3 vs PHY,EXP3,EXP3_pooled_any_type vs PHY_pooled_any_type,level2,true_positive_code_found_by_both,03-07,27
Evaluation 2: EXP3 vs PHY,EXP3,EXP3_pooled_any_type vs PHY_pooled_any_type,level2,true_positive_code_found_by_both,04-08,25
Evaluation 2: EXP3 vs PHY,EXP3,EXP3_pooled_any_type vs PHY_pooled_any_type,level2,true_positive_code_found_by_both,04-02,16
Evaluation 2: EXP3 vs PHY,EXP3,EXP3_pooled_any_type vs PHY_pooled_any_type,level2,true_positive_code_found_by_both,02-03,16
Evaluation 2: EXP3 vs PHY,EXP3,EXP3_pooled_any_type vs PHY_pooled_any_type,level2,true_positive_code_found_by_both,05-04,14
Evaluation 2: EXP3 vs PHY,EXP3,EXP3_pooled_any_type vs PHY_pooled_any_type,level2,true_positive_code_found_by_both,02-04,11
Evaluation 2: EXP3 vs PHY,EXP3,EXP3_pooled_any_type vs PHY_pooled_any_type,level2,true_positive_code_found_by_both,04-06,11
Evaluation 2: EXP3 vs PHY,EXP3,EXP3_pooled_any_type vs PHY_pooled_any_type,level2,true_positive_code_found_by_both,01-03,5
Evaluation 2: EXP3 vs PHY,EXP3,EXP3_pooled_any_type vs PHY_pooled_any_type,level2,true_positive_code_found_by_both,02-05,5
Evaluation 2: EXP3 vs PHY,EXP3,EXP3_pooled_any_type vs PHY_pooled_any_type,level2,true_positive_code_found_by_both,02-01,4
Evaluation 2: EXP3 vs PHY,EXP3,EXP3_pooled_any_type vs PHY_pooled_any_type,level2,true_positive_code_found_by_both,04-04,4
Evaluation 2: EXP3 vs PHY,EXP3,EXP3_pooled_any_type vs PHY_pooled_any_type,level2,true_positive_code_found_by_both,04-07,3
Evaluation 2: EXP3 vs PHY,EXP3,EXP3_pooled_any_type vs PHY_pooled_any_type,level2,true_positive_code_found_by_both,02-02,3
Evaluation 2: EXP3 vs PHY,EXP3,EXP3_pooled_any_type vs PHY_pooled_any_type,level2,true_positive_code_found_by_both,05-08,3
Evaluation 2: EXP3 vs PHY,EXP3,EXP3_pooled_any_type vs PHY_pooled_any_type,level2,true_positive_code_found_by_both,01-07,2
Evaluation 2: EXP3 vs PHY,EXP3,EXP3_pooled_any_type vs PHY_pooled_any_type,level2,true_positive_code_found_by_both,05-00,2
Evaluation 2: EXP3 vs PHY,EXP3,EXP3_pooled_any_type vs PHY_pooled_any_type,level2,true_positive_code_found_by_both,02-06,1
Evaluation 2: EXP3 vs PHY,EXP3,EXP3_pooled_any_type vs PHY_pooled_any_type,level2,true_positive_code_found_by_both,04-09,1
Evaluation 3: EXP2 vs EXP1 vs PHY,EXP1,EXP1_pooled_any_type vs PHY_pooled_any_type,full,false_negative_phy_code_missed_by_llm,01-01-00,156
Evaluation 3: EXP2 vs EXP1 vs PHY,EXP1,EXP1_pooled_any_type vs PHY_pooled_any_type,full,false_negative_phy_code_missed_by_llm,01-04-02,151
Evaluation 3: EXP2 vs EXP1 vs PHY,EXP1,EXP1_pooled_any_type vs PHY_pooled_any_type,full,false_negative_phy_code_missed_by_llm,03-03-00,106
Evaluation 3: EXP2 vs EXP1 vs PHY,EXP1,EXP1_pooled_any_type vs PHY_pooled_any_type,full,false_negative_phy_code_missed_by_llm,03-06-00,63
Evaluation 3: EXP2 vs EXP1 vs PHY,EXP1,EXP1_pooled_any_type vs PHY_pooled_any_type,full,false_negative_phy_code_missed_by_llm,03-00-00,53
Evaluation 3: EXP2 vs EXP1 vs PHY,EXP1,EXP1_pooled_any_type vs PHY_pooled_any_type,full,false_negative_phy_code_missed_by_llm,01-04-00,47
Evaluation 3: EXP2 vs EXP1 vs PHY,EXP1,EXP1_pooled_any_type vs PHY_pooled_any_type,full,false_negative_phy_code_missed_by_llm,01-00-00,46
Evaluation 3: EXP2 vs EXP1 vs PHY,EXP1,EXP1_pooled_any_type vs PHY_pooled_any_type,full,false_negative_phy_code_missed_by_llm,01-01-01,44
Evaluation 3: EXP2 vs EXP1 vs PHY,EXP1,EXP1_pooled_any_type vs PHY_pooled_any_type,full,false_negative_phy_code_missed_by_llm,01-01-05,41
Evaluation 3: EXP2 vs EXP1 vs PHY,EXP1,EXP1_pooled_any_type vs PHY_pooled_any_type,full,false_negative_phy_code_missed_by_llm,03-04-00,38
Evaluation 3: EXP2 vs EXP1 vs PHY,EXP1,EXP1_pooled_any_type vs PHY_pooled_any_type,full,false_negative_phy_code_missed_by_llm,03-01-02,37
Evaluation 3: EXP2 vs EXP1 vs PHY,EXP1,EXP1_pooled_any_type vs PHY_pooled_any_type,full,false_negative_phy_code_missed_by_llm,04-00-00,34
Evaluation 3: EXP2 vs EXP1 vs PHY,EXP1,EXP1_pooled_any_type vs PHY_pooled_any_type,full,false_negative_phy_code_missed_by_llm,01-01-04,33
Evaluation 3: EXP2 vs EXP1 vs PHY,EXP1,EXP1_pooled_any_type vs PHY_pooled_any_type,full,false_negative_phy_code_missed_by_llm,03-01-00,30
Evaluation 3: EXP2 vs EXP1 vs PHY,EXP1,EXP1_pooled_any_type vs PHY_pooled_any_type,full,false_negative_phy_code_missed_by_llm,01-01-06,29
Evaluation 3: EXP2 vs EXP1 vs PHY,EXP1,EXP1_pooled_any_type vs PHY_pooled_any_type,full,false_negative_phy_code_missed_by_llm,05-05-00,28
Evaluation 3: EXP2 vs EXP1 vs PHY,EXP1,EXP1_pooled_any_type vs PHY_pooled_any_type,full,false_negative_phy_code_missed_by_llm,03-08-01,23
Evaluation 3: EXP2 vs EXP1 vs PHY,EXP1,EXP1_pooled_any_type vs PHY_pooled_any_type,full,false_negative_phy_code_missed_by_llm,03-06-04,22
Evaluation 3: EXP2 vs EXP1 vs PHY,EXP1,EXP1_pooled_any_type vs PHY_pooled_any_type,full,false_negative_phy_code_missed_by_llm,03-08-00,22
Evaluation 3: EXP2 vs EXP1 vs PHY,EXP1,EXP1_pooled_any_type vs PHY_pooled_any_type,full,false_negative_phy_code_missed_by_llm,05-00-00,22
Evaluation 3: EXP2 vs EXP1 vs PHY,EXP1,EXP1_pooled_any_type vs PHY_pooled_any_type,full,false_negative_phy_code_missed_by_llm,04-05-00,21
Evaluation 3: EXP2 vs EXP1 vs PHY,EXP1,EXP1_pooled_any_type vs PHY_pooled_any_type,full,false_negative_phy_code_missed_by_llm,01-04-03,19
Evaluation 3: EXP2 vs EXP1 vs PHY,EXP1,EXP1_pooled_any_type vs PHY_pooled_any_type,full,false_negative_phy_code_missed_by_llm,05-03-00,19
Evaluation 3: EXP2 vs EXP1 vs PHY,EXP1,EXP1_pooled_any_type vs PHY_pooled_any_type,full,false_negative_phy_code_missed_by_llm,05-06-00,18
Evaluation 3: EXP2 vs EXP1 vs PHY,EXP1,EXP1_pooled_any_type vs PHY_pooled_any_type,full,false_negative_phy_code_missed_by_llm,03-01-04,17
Evaluation 3: EXP2 vs EXP1 vs PHY,EXP1,EXP1_pooled_any_type vs PHY_pooled_any_type,full,false_negative_phy_code_missed_by_llm,03-07-00,16
Evaluation 3: EXP2 vs EXP1 vs PHY,EXP1,EXP1_pooled_any_type vs PHY_pooled_any_type,full,false_negative_phy_code_missed_by_llm,01-03-00,14
Evaluation 3: EXP2 vs EXP1 vs PHY,EXP1,EXP1_pooled_any_type vs PHY_pooled_any_type,full,false_negative_phy_code_missed_by_llm,05-04-00,13
Evaluation 3: EXP2 vs EXP1 vs PHY,EXP1,EXP1_pooled_any_type vs PHY_pooled_any_type,full,false_negative_phy_code_missed_by_llm,01-04-01,12
Evaluation 3: EXP2 vs EXP1 vs PHY,EXP1,EXP1_pooled_any_type vs PHY_pooled_any_type,full,false_negative_phy_code_missed_by_llm,01-01-02,12
Evaluation 3: EXP2 vs EXP1 vs PHY,EXP1,EXP1_pooled_any_type vs PHY_pooled_any_type,full,false_negative_phy_code_missed_by_llm,02-00-00,10
Evaluation 3: EXP2 vs EXP1 vs PHY,EXP1,EXP1_pooled_any_type vs PHY_pooled_any_type,full,false_negative_phy_code_missed_by_llm,01-05-00,10
Evaluation 3: EXP2 vs EXP1 vs PHY,EXP1,EXP1_pooled_any_type vs PHY_pooled_any_type,full,false_negative_phy_code_missed_by_llm,03-03-02,8
Evaluation 3: EXP2 vs EXP1 vs PHY,EXP1,EXP1_pooled_any_type vs PHY_pooled_any_type,full,false_negative_phy_code_missed_by_llm,03-01-03,8
Evaluation 3: EXP2 vs EXP1 vs PHY,EXP1,EXP1_pooled_any_type vs PHY_pooled_any_type,full,false_negative_phy_code_missed_by_llm,03-09-01,7
Evaluation 3: EXP2 vs EXP1 vs PHY,EXP1,EXP1_pooled_any_type vs PHY_pooled_any_type,full,false_negative_phy_code_missed_by_llm,03-03-03,7
Evaluation 3: EXP2 vs EXP1 vs PHY,EXP1,EXP1_pooled_any_type vs PHY_pooled_any_type,full,false_negative_phy_code_missed_by_llm,03-06-03,7
Evaluation 3: EXP2 vs EXP1 vs PHY,EXP1,EXP1_pooled_any_type vs PHY_pooled_any_type,full,false_negative_phy_code_missed_by_llm,03-06-02,6
Evaluation 3: EXP2 vs EXP1 vs PHY,EXP1,EXP1_pooled_any_type vs PHY_pooled_any_type,full,false_negative_phy_code_missed_by_llm,03-03-01,6
Evaluation 3: EXP2 vs EXP1 vs PHY,EXP1,EXP1_pooled_any_type vs PHY_pooled_any_type,full,false_negative_phy_code_missed_by_llm,03-09-00,5
Evaluation 3: EXP2 vs EXP1 vs PHY,EXP1,EXP1_pooled_any_type vs PHY_pooled_any_type,full,false_negative_phy_code_missed_by_llm,03-01-01,5
Evaluation 3: EXP2 vs EXP1 vs PHY,EXP1,EXP1_pooled_any_type vs PHY_pooled_any_type,full,false_negative_phy_code_missed_by_llm,03-04-01,5
Evaluation 3: EXP2 vs EXP1 vs PHY,EXP1,EXP1_pooled_any_type vs PHY_pooled_any_type,full,false_negative_phy_code_missed_by_llm,04-02-00,4
Evaluation 3: EXP2 vs EXP1 vs PHY,EXP1,EXP1_pooled_any_type vs PHY_pooled_any_type,full,false_negative_phy_code_missed_by_llm,03-07-01,4
Evaluation 3: EXP2 vs EXP1 vs PHY,EXP1,EXP1_pooled_any_type vs PHY_pooled_any_type,full,false_negative_phy_code_missed_by_llm,03-02-00,4
Evaluation 3: EXP2 vs EXP1 vs PHY,EXP1,EXP1_pooled_any_type vs PHY_pooled_any_type,full,false_negative_phy_code_missed_by_llm,03-05-01,3
Evaluation 3: EXP2 vs EXP1 vs PHY,EXP1,EXP1_pooled_any_type vs PHY_pooled_any_type,full,false_negative_phy_code_missed_by_llm,02-01-00,2
Evaluation 3: EXP2 vs EXP1 vs PHY,EXP1,EXP1_pooled_any_type vs PHY_pooled_any_type,full,false_negative_phy_code_missed_by_llm,04-08-00,2
Evaluation 3: EXP2 vs EXP1 vs PHY,EXP1,EXP1_pooled_any_type vs PHY_pooled_any_type,full,false_negative_phy_code_missed_by_llm,04-01-00,2
Evaluation 3: EXP2 vs EXP1 vs PHY,EXP1,EXP1_pooled_any_type vs PHY_pooled_any_type,full,false_negative_phy_code_missed_by_llm,03-02-01,2
Evaluation 3: EXP2 vs EXP1 vs PHY,EXP1,EXP1_pooled_any_type vs PHY_pooled_any_type,full,false_negative_phy_code_missed_by_llm,03-05-00,2
Evaluation 3: EXP2 vs EXP1 vs PHY,EXP1,EXP1_pooled_any_type vs PHY_pooled_any_type,full,false_negative_phy_code_missed_by_llm,04-03-00,2
Evaluation 3: EXP2 vs EXP1 vs PHY,EXP1,EXP1_pooled_any_type vs PHY_pooled_any_type,full,false_negative_phy_code_missed_by_llm,03-02-02,2
Evaluation 3: EXP2 vs EXP1 vs PHY,EXP1,EXP1_pooled_any_type vs PHY_pooled_any_type,full,false_negative_phy_code_missed_by_llm,02-06-00,1
Evaluation 3: EXP2 vs EXP1 vs PHY,EXP1,EXP1_pooled_any_type vs PHY_pooled_any_type,full,false_negative_phy_code_missed_by_llm,02-04-00,1
Evaluation 3: EXP2 vs EXP1 vs PHY,EXP1,EXP1_pooled_any_type vs PHY_pooled_any_type,full,false_negative_phy_code_missed_by_llm,04-04-00,1
Evaluation 3: EXP2 vs EXP1 vs PHY,EXP1,EXP1_pooled_any_type vs PHY_pooled_any_type,full,false_negative_phy_code_missed_by_llm,02-05-00,1
Evaluation 3: EXP2 vs EXP1 vs PHY,EXP1,EXP1_pooled_any_type vs PHY_pooled_any_type,full,false_negative_phy_code_missed_by_llm,02-03-00,1
Evaluation 3: EXP2 vs EXP1 vs PHY,EXP1,EXP1_pooled_any_type vs PHY_pooled_any_type,full,false_negative_phy_code_missed_by_llm,02-02-00,1
Evaluation 3: EXP2 vs EXP1 vs PHY,EXP1,EXP1_pooled_any_type vs PHY_pooled_any_type,full,false_positive_llm_extra_code_not_in_phy,03-09-01,722
Evaluation 3: EXP2 vs EXP1 vs PHY,EXP1,EXP1_pooled_any_type vs PHY_pooled_any_type,full,false_positive_llm_extra_code_not_in_phy,01-01-04,577
Evaluation 3: EXP2 vs EXP1 vs PHY,EXP1,EXP1_pooled_any_type vs PHY_pooled_any_type,full,false_positive_llm_extra_code_not_in_phy,03-08-00,500
Evaluation 3: EXP2 vs EXP1 vs PHY,EXP1,EXP1_pooled_any_type vs PHY_pooled_any_type,full,false_positive_llm_extra_code_not_in_phy,01-05-00,447
Evaluation 3: EXP2 vs EXP1 vs PHY,EXP1,EXP1_pooled_any_type vs PHY_pooled_any_type,full,false_positive_llm_extra_code_not_in_phy,01-01-01,420
Evaluation 3: EXP2 vs EXP1 vs PHY,EXP1,EXP1_pooled_any_type vs PHY_pooled_any_type,full,false_positive_llm_extra_code_not_in_phy,01-01-00,404
Evaluation 3: EXP2 vs EXP1 vs PHY,EXP1,EXP1_pooled_any_type vs PHY_pooled_any_type,full,false_positive_llm_extra_code_not_in_phy,03-02-00,398
Evaluation 3: EXP2 vs EXP1 vs PHY,EXP1,EXP1_pooled_any_type vs PHY_pooled_any_type,full,false_positive_llm_extra_code_not_in_phy,03-01-01,358
Evaluation 3: EXP2 vs EXP1 vs PHY,EXP1,EXP1_pooled_any_type vs PHY_pooled_any_type,full,false_positive_llm_extra_code_not_in_phy,03-08-99,292
Evaluation 3: EXP2 vs EXP1 vs PHY,EXP1,EXP1_pooled_any_type vs PHY_pooled_any_type,full,false_positive_llm_extra_code_not_in_phy,01-04-01,271
Evaluation 3: EXP2 vs EXP1 vs PHY,EXP1,EXP1_pooled_any_type vs PHY_pooled_any_type,full,false_positive_llm_extra_code_not_in_phy,01-99-00,247
Evaluation 3: EXP2 vs EXP1 vs PHY,EXP1,EXP1_pooled_any_type vs PHY_pooled_any_type,full,false_positive_llm_extra_code_not_in_phy,03-03-99,239
Evaluation 3: EXP2 vs EXP1 vs PHY,EXP1,EXP1_pooled_any_type vs PHY_pooled_any_type,full,false_positive_llm_extra_code_not_in_phy,03-04-99,225
Evaluation 3: EXP2 vs EXP1 vs PHY,EXP1,EXP1_pooled_any_type vs PHY_pooled_any_type,full,false_positive_llm_extra_code_not_in_phy,01-01-05,224
Evaluation 3: EXP2 vs EXP1 vs PHY,EXP1,EXP1_pooled_any_type vs PHY_pooled_any_type,full,false_positive_llm_extra_code_not_in_phy,00-02-00,191
Evaluation 3: EXP2 vs EXP1 vs PHY,EXP1,EXP1_pooled_any_type vs PHY_pooled_any_type,full,false_positive_llm_extra_code_not_in_phy,03-03-03,188
Evaluation 3: EXP2 vs EXP1 vs PHY,EXP1,EXP1_pooled_any_type vs PHY_pooled_any_type,full,false_positive_llm_extra_code_not_in_phy,03-01-99,179
Evaluation 3: EXP2 vs EXP1 vs PHY,EXP1,EXP1_pooled_any_type vs PHY_pooled_any_type,full,false_positive_llm_extra_code_not_in_phy,03-99-00,172
Evaluation 3: EXP2 vs EXP1 vs PHY,EXP1,EXP1_pooled_any_type vs PHY_pooled_any_type,full,false_positive_llm_extra_code_not_in_phy,01-01-06,171
Evaluation 3: EXP2 vs EXP1 vs PHY,EXP1,EXP1_pooled_any_type vs PHY_pooled_any_type,full,false_positive_llm_extra_code_not_in_phy,03-07-01,155
Evaluation 3: EXP2 vs EXP1 vs PHY,EXP1,EXP1_pooled_any_type vs PHY_pooled_any_type,full,false_positive_llm_extra_code_not_in_phy,01-01-99,152
Evaluation 3: EXP2 vs EXP1 vs PHY,EXP1,EXP1_pooled_any_type vs PHY_pooled_any_type,full,false_positive_llm_extra_code_not_in_phy,01-01-02,147
Evaluation 3: EXP2 vs EXP1 vs PHY,EXP1,EXP1_pooled_any_type vs PHY_pooled_any_type,full,false_positive_llm_extra_code_not_in_phy,03-06-99,136
Evaluation 3: EXP2 vs EXP1 vs PHY,EXP1,EXP1_pooled_any_type vs PHY_pooled_any_type,full,false_positive_llm_extra_code_not_in_phy,03-07-99,124
Evaluation 3: EXP2 vs EXP1 vs PHY,EXP1,EXP1_pooled_any_type vs PHY_pooled_any_type,full,false_positive_llm_extra_code_not_in_phy,03-01-02,123
Evaluation 3: EXP2 vs EXP1 vs PHY,EXP1,EXP1_pooled_any_type vs PHY_pooled_any_type,full,false_positive_llm_extra_code_not_in_phy,03-03-02,114
Evaluation 3: EXP2 vs EXP1 vs PHY,EXP1,EXP1_pooled_any_type vs PHY_pooled_any_type,full,false_positive_llm_extra_code_not_in_phy,03-04-02,111
Evaluation 3: EXP2 vs EXP1 vs PHY,EXP1,EXP1_pooled_any_type vs PHY_pooled_any_type,full,false_positive_llm_extra_code_not_in_phy,01-04-02,110
Evaluation 3: EXP2 vs EXP1 vs PHY,EXP1,EXP1_pooled_any_type vs PHY_pooled_any_type,full,false_positive_llm_extra_code_not_in_phy,03-01-04,109
Evaluation 3: EXP2 vs EXP1 vs PHY,EXP1,EXP1_pooled_any_type vs PHY_pooled_any_type,full,false_positive_llm_extra_code_not_in_phy,02-04-00,104
Evaluation 3: EXP2 vs EXP1 vs PHY,EXP1,EXP1_pooled_any_type vs PHY_pooled_any_type,full,false_positive_llm_extra_code_not_in_phy,04-99-00,94
Evaluation 3: EXP2 vs EXP1 vs PHY,EXP1,EXP1_pooled_any_type vs PHY_pooled_any_type,full,false_positive_llm_extra_code_not_in_phy,05-03-00,93
Evaluation 3: EXP2 vs EXP1 vs PHY,EXP1,EXP1_pooled_any_type vs PHY_pooled_any_type,full,false_positive_llm_extra_code_not_in_phy,03-02-02,82
Evaluation 3: EXP2 vs EXP1 vs PHY,EXP1,EXP1_pooled_any_type vs PHY_pooled_any_type,full,false_positive_llm_extra_code_not_in_phy,05-05-00,81
Evaluation 3: EXP2 vs EXP1 vs PHY,EXP1,EXP1_pooled_any_type vs PHY_pooled_any_type,full,false_positive_llm_extra_code_not_in_phy,05-06-00,81
Evaluation 3: EXP2 vs EXP1 vs PHY,EXP1,EXP1_pooled_any_type vs PHY_pooled_any_type,full,false_positive_llm_extra_code_not_in_phy,03-02-99,72
Evaluation 3: EXP2 vs EXP1 vs PHY,EXP1,EXP1_pooled_any_type vs PHY_pooled_any_type,full,false_positive_llm_extra_code_not_in_phy,05-99-00,71
Evaluation 3: EXP2 vs EXP1 vs PHY,EXP1,EXP1_pooled_any_type vs PHY_pooled_any_type,full,false_positive_llm_extra_code_not_in_phy,03-05-01,66
Evaluation 3: EXP2 vs EXP1 vs PHY,EXP1,EXP1_pooled_any_type vs PHY_pooled_any_type,full,false_positive_llm_extra_code_not_in_phy,03-01-03,65
Evaluation 3: EXP2 vs EXP1 vs PHY,EXP1,EXP1_pooled_any_type vs PHY_pooled_any_type,full,false_positive_llm_extra_code_not_in_phy,03-03-01,57
Evaluation 3: EXP2 vs EXP1 vs PHY,EXP1,EXP1_pooled_any_type vs PHY_pooled_any_type,full,false_positive_llm_extra_code_not_in_phy,03-03-00,43
Evaluation 3: EXP2 vs EXP1 vs PHY,EXP1,EXP1_pooled_any_type vs PHY_pooled_any_type,full,false_positive_llm_extra_code_not_in_phy,00-04-00,41
Evaluation 3: EXP2 vs EXP1 vs PHY,EXP1,EXP1_pooled_any_type vs PHY_pooled_any_type,full,false_positive_llm_extra_code_not_in_phy,03-08-01,40
Evaluation 3: EXP2 vs EXP1 vs PHY,EXP1,EXP1_pooled_any_type vs PHY_pooled_any_type,full,false_positive_llm_extra_code_not_in_phy,03-04-01,38
Evaluation 3: EXP2 vs EXP1 vs PHY,EXP1,EXP1_pooled_any_type vs PHY_pooled_any_type,full,false_positive_llm_extra_code_not_in_phy,04-09-00,32
Evaluation 3: EXP2 vs EXP1 vs PHY,EXP1,EXP1_pooled_any_type vs PHY_pooled_any_type,full,false_positive_llm_extra_code_not_in_phy,03-06-07,31
Evaluation 3: EXP2 vs EXP1 vs PHY,EXP1,EXP1_pooled_any_type vs PHY_pooled_any_type,full,false_positive_llm_extra_code_not_in_phy,03-06-04,31
Evaluation 3: EXP2 vs EXP1 vs PHY,EXP1,EXP1_pooled_any_type vs PHY_pooled_any_type,full,false_positive_llm_extra_code_not_in_phy,99-00-00,30
Evaluation 3: EXP2 vs EXP1 vs PHY,EXP1,EXP1_pooled_any_type vs PHY_pooled_any_type,full,false_positive_llm_extra_code_not_in_phy,00-03-00,30
Evaluation 3: EXP2 vs EXP1 vs PHY,EXP1,EXP1_pooled_any_type vs PHY_pooled_any_type,full,false_positive_llm_extra_code_not_in_phy,01-04-03,29
Evaluation 3: EXP2 vs EXP1 vs PHY,EXP1,EXP1_pooled_any_type vs PHY_pooled_any_type,full,false_positive_llm_extra_code_not_in_phy,02-99-00,27
Evaluation 3: EXP2 vs EXP1 vs PHY,EXP1,EXP1_pooled_any_type vs PHY_pooled_any_type,full,false_positive_llm_extra_code_not_in_phy,05-08-00,25
Evaluation 3: EXP2 vs EXP1 vs PHY,EXP1,EXP1_pooled_any_type vs PHY_pooled_any_type,full,false_positive_llm_extra_code_not_in_phy,04-02-00,24
Evaluation 3: EXP2 vs EXP1 vs PHY,EXP1,EXP1_pooled_any_type vs PHY_pooled_any_type,full,false_positive_llm_extra_code_not_in_phy,01-03-00,24
Evaluation 3: EXP2 vs EXP1 vs PHY,EXP1,EXP1_pooled_any_type vs PHY_pooled_any_type,full,false_positive_llm_extra_code_not_in_phy,01-04-00,22
Evaluation 3: EXP2 vs EXP1 vs PHY,EXP1,EXP1_pooled_any_type vs PHY_pooled_any_type,full,false_positive_llm_extra_code_not_in_phy,03-02-01,20
Evaluation 3: EXP2 vs EXP1 vs PHY,EXP1,EXP1_pooled_any_type vs PHY_pooled_any_type,full,false_positive_llm_extra_code_not_in_phy,03-06-06,18
Evaluation 3: EXP2 vs EXP1 vs PHY,EXP1,EXP1_pooled_any_type vs PHY_pooled_any_type,full,false_positive_llm_extra_code_not_in_phy,05-04-00,18
Evaluation 3: EXP2 vs EXP1 vs PHY,EXP1,EXP1_pooled_any_type vs PHY_pooled_any_type,full,false_positive_llm_extra_code_not_in_phy,04-05-00,18
Evaluation 3: EXP2 vs EXP1 vs PHY,EXP1,EXP1_pooled_any_type vs PHY_pooled_any_type,full,false_positive_llm_extra_code_not_in_phy,02-03-00,17
Evaluation 3: EXP2 vs EXP1 vs PHY,EXP1,EXP1_pooled_any_type vs PHY_pooled_any_type,full,false_positive_llm_extra_code_not_in_phy,04-06-00,16
Evaluation 3: EXP2 vs EXP1 vs PHY,EXP1,EXP1_pooled_any_type vs PHY_pooled_any_type,full,false_positive_llm_extra_code_not_in_phy,03-09-99,16
Evaluation 3: EXP2 vs EXP1 vs PHY,EXP1,EXP1_pooled_any_type vs PHY_pooled_any_type,full,false_positive_llm_extra_code_not_in_phy,03-04-00,15
Evaluation 3: EXP2 vs EXP1 vs PHY,EXP1,EXP1_pooled_any_type vs PHY_pooled_any_type,full,false_positive_llm_extra_code_not_in_phy,01-04-99,15
Evaluation 3: EXP2 vs EXP1 vs PHY,EXP1,EXP1_pooled_any_type vs PHY_pooled_any_type,full,false_positive_llm_extra_code_not_in_phy,02-05-00,13
Evaluation 3: EXP2 vs EXP1 vs PHY,EXP1,EXP1_pooled_any_type vs PHY_pooled_any_type,full,false_positive_llm_extra_code_not_in_phy,04-00-00,11
Evaluation 3: EXP2 vs EXP1 vs PHY,EXP1,EXP1_pooled_any_type vs PHY_pooled_any_type,full,false_positive_llm_extra_code_not_in_phy,05-00-00,10
Evaluation 3: EXP2 vs EXP1 vs PHY,EXP1,EXP1_pooled_any_type vs PHY_pooled_any_type,full,false_positive_llm_extra_code_not_in_phy,03-06-01,8
Evaluation 3: EXP2 vs EXP1 vs PHY,EXP1,EXP1_pooled_any_type vs PHY_pooled_any_type,full,false_positive_llm_extra_code_not_in_phy,01-01-03,8
Evaluation 3: EXP2 vs EXP1 vs PHY,EXP1,EXP1_pooled_any_type vs PHY_pooled_any_type,full,false_positive_llm_extra_code_not_in_phy,03-05-99,8
Evaluation 3: EXP2 vs EXP1 vs PHY,EXP1,EXP1_pooled_any_type vs PHY_pooled_any_type,full,false_positive_llm_extra_code_not_in_phy,05-02-00,8
Evaluation 3: EXP2 vs EXP1 vs PHY,EXP1,EXP1_pooled_any_type vs PHY_pooled_any_type,full,false_positive_llm_extra_code_not_in_phy,02-02-00,7
Evaluation 3: EXP2 vs EXP1 vs PHY,EXP1,EXP1_pooled_any_type vs PHY_pooled_any_type,full,false_positive_llm_extra_code_not_in_phy,02-00-00,7
Evaluation 3: EXP2 vs EXP1 vs PHY,EXP1,EXP1_pooled_any_type vs PHY_pooled_any_type,full,false_positive_llm_extra_code_not_in_phy,04-03-00,7
Evaluation 3: EXP2 vs EXP1 vs PHY,EXP1,EXP1_pooled_any_type vs PHY_pooled_any_type,full,false_positive_llm_extra_code_not_in_phy,03-06-00,7
Evaluation 3: EXP2 vs EXP1 vs PHY,EXP1,EXP1_pooled_any_type vs PHY_pooled_any_type,full,false_positive_llm_extra_code_not_in_phy,03-06-03,6
Evaluation 3: EXP2 vs EXP1 vs PHY,EXP1,EXP1_pooled_any_type vs PHY_pooled_any_type,full,false_positive_llm_extra_code_not_in_phy,03-06-05,6
Evaluation 3: EXP2 vs EXP1 vs PHY,EXP1,EXP1_pooled_any_type vs PHY_pooled_any_type,full,false_positive_llm_extra_code_not_in_phy,04-07-00,5
Evaluation 3: EXP2 vs EXP1 vs PHY,EXP1,EXP1_pooled_any_type vs PHY_pooled_any_type,full,false_positive_llm_extra_code_not_in_phy,03-06-02,5
Evaluation 3: EXP2 vs EXP1 vs PHY,EXP1,EXP1_pooled_any_type vs PHY_pooled_any_type,full,false_positive_llm_extra_code_not_in_phy,04-08-00,5
Evaluation 3: EXP2 vs EXP1 vs PHY,EXP1,EXP1_pooled_any_type vs PHY_pooled_any_type,full,false_positive_llm_extra_code_not_in_phy,03-01-00,5
Evaluation 3: EXP2 vs EXP1 vs PHY,EXP1,EXP1_pooled_any_type vs PHY_pooled_any_type,full,false_positive_llm_extra_code_not_in_phy,04-01-00,4
Evaluation 3: EXP2 vs EXP1 vs PHY,EXP1,EXP1_pooled_any_type vs PHY_pooled_any_type,full,false_positive_llm_extra_code_not_in_phy,02-06-00,4
Evaluation 3: EXP2 vs EXP1 vs PHY,EXP1,EXP1_pooled_any_type vs PHY_pooled_any_type,full,false_positive_llm_extra_code_not_in_phy,05-01-00,3
Evaluation 3: EXP2 vs EXP1 vs PHY,EXP1,EXP1_pooled_any_type vs PHY_pooled_any_type,full,false_positive_llm_extra_code_not_in_phy,04-04-00,2
Evaluation 3: EXP2 vs EXP1 vs PHY,EXP1,EXP1_pooled_any_type vs PHY_pooled_any_type,full,false_positive_llm_extra_code_not_in_phy,02-01-00,2
Evaluation 3: EXP2 vs EXP1 vs PHY,EXP1,EXP1_pooled_any_type vs PHY_pooled_any_type,full,false_positive_llm_extra_code_not_in_phy,03-07-00,2
Evaluation 3: EXP2 vs EXP1 vs PHY,EXP1,EXP1_pooled_any_type vs PHY_pooled_any_type,full,false_positive_llm_extra_code_not_in_phy,03-09-00,1
Evaluation 3: EXP2 vs EXP1 vs PHY,EXP1,EXP1_pooled_any_type vs PHY_pooled_any_type,full,false_positive_llm_extra_code_not_in_phy,00-01-00,1
Evaluation 3: EXP2 vs EXP1 vs PHY,EXP1,EXP1_pooled_any_type vs PHY_pooled_any_type,full,false_positive_llm_extra_code_not_in_phy,01-00-00,1
Evaluation 3: EXP2 vs EXP1 vs PHY,EXP1,EXP1_pooled_any_type vs PHY_pooled_any_type,full,false_positive_llm_extra_code_not_in_phy,05-09-00,1
Evaluation 3: EXP2 vs EXP1 vs PHY,EXP1,EXP1_pooled_any_type vs PHY_pooled_any_type,full,true_positive_code_found_by_both,01-04-02,677
Evaluation 3: EXP2 vs EXP1 vs PHY,EXP1,EXP1_pooled_any_type vs PHY_pooled_any_type,full,true_positive_code_found_by_both,03-01-01,202
Evaluation 3: EXP2 vs EXP1 vs PHY,EXP1,EXP1_pooled_any_type vs PHY_pooled_any_type,full,true_positive_code_found_by_both,01-01-04,202
Evaluation 3: EXP2 vs EXP1 vs PHY,EXP1,EXP1_pooled_any_type vs PHY_pooled_any_type,full,true_positive_code_found_by_both,03-01-04,184
Evaluation 3: EXP2 vs EXP1 vs PHY,EXP1,EXP1_pooled_any_type vs PHY_pooled_any_type,full,true_positive_code_found_by_both,05-05-00,182
Evaluation 3: EXP2 vs EXP1 vs PHY,EXP1,EXP1_pooled_any_type vs PHY_pooled_any_type,full,true_positive_code_found_by_both,01-01-01,177
Evaluation 3: EXP2 vs EXP1 vs PHY,EXP1,EXP1_pooled_any_type vs PHY_pooled_any_type,full,true_positive_code_found_by_both,03-01-02,140
Evaluation 3: EXP2 vs EXP1 vs PHY,EXP1,EXP1_pooled_any_type vs PHY_pooled_any_type,full,true_positive_code_found_by_both,05-03-00,131
Evaluation 3: EXP2 vs EXP1 vs PHY,EXP1,EXP1_pooled_any_type vs PHY_pooled_any_type,full,true_positive_code_found_by_both,03-05-01,108
Evaluation 3: EXP2 vs EXP1 vs PHY,EXP1,EXP1_pooled_any_type vs PHY_pooled_any_type,full,true_positive_code_found_by_both,05-06-00,99
Evaluation 3: EXP2 vs EXP1 vs PHY,EXP1,EXP1_pooled_any_type vs PHY_pooled_any_type,full,true_positive_code_found_by_both,01-01-00,73
Evaluation 3: EXP2 vs EXP1 vs PHY,EXP1,EXP1_pooled_any_type vs PHY_pooled_any_type,full,true_positive_code_found_by_both,04-01-00,70
Evaluation 3: EXP2 vs EXP1 vs PHY,EXP1,EXP1_pooled_any_type vs PHY_pooled_any_type,full,true_positive_code_found_by_both,03-06-02,59
Evaluation 3: EXP2 vs EXP1 vs PHY,EXP1,EXP1_pooled_any_type vs PHY_pooled_any_type,full,true_positive_code_found_by_both,03-09-01,58
Evaluation 3: EXP2 vs EXP1 vs PHY,EXP1,EXP1_pooled_any_type vs PHY_pooled_any_type,full,true_positive_code_found_by_both,04-03-00,56
Evaluation 3: EXP2 vs EXP1 vs PHY,EXP1,EXP1_pooled_any_type vs PHY_pooled_any_type,full,true_positive_code_found_by_both,01-04-01,55
Evaluation 3: EXP2 vs EXP1 vs PHY,EXP1,EXP1_pooled_any_type vs PHY_pooled_any_type,full,true_positive_code_found_by_both,01-01-02,55
Evaluation 3: EXP2 vs EXP1 vs PHY,EXP1,EXP1_pooled_any_type vs PHY_pooled_any_type,full,true_positive_code_found_by_both,03-03-02,47
Evaluation 3: EXP2 vs EXP1 vs PHY,EXP1,EXP1_pooled_any_type vs PHY_pooled_any_type,full,true_positive_code_found_by_both,01-05-00,45
Evaluation 3: EXP2 vs EXP1 vs PHY,EXP1,EXP1_pooled_any_type vs PHY_pooled_any_type,full,true_positive_code_found_by_both,03-03-03,43
Evaluation 3: EXP2 vs EXP1 vs PHY,EXP1,EXP1_pooled_any_type vs PHY_pooled_any_type,full,true_positive_code_found_by_both,03-04-02,42
Evaluation 3: EXP2 vs EXP1 vs PHY,EXP1,EXP1_pooled_any_type vs PHY_pooled_any_type,full,true_positive_code_found_by_both,03-02-02,38
Evaluation 3: EXP2 vs EXP1 vs PHY,EXP1,EXP1_pooled_any_type vs PHY_pooled_any_type,full,true_positive_code_found_by_both,01-01-05,38
Evaluation 3: EXP2 vs EXP1 vs PHY,EXP1,EXP1_pooled_any_type vs PHY_pooled_any_type,full,true_positive_code_found_by_both,03-08-00,36
Evaluation 3: EXP2 vs EXP1 vs PHY,EXP1,EXP1_pooled_any_type vs PHY_pooled_any_type,full,true_positive_code_found_by_both,04-05-00,36
Evaluation 3: EXP2 vs EXP1 vs PHY,EXP1,EXP1_pooled_any_type vs PHY_pooled_any_type,full,true_positive_code_found_by_both,04-08-00,24
Evaluation 3: EXP2 vs EXP1 vs PHY,EXP1,EXP1_pooled_any_type vs PHY_pooled_any_type,full,true_positive_code_found_by_both,04-02-00,18
Evaluation 3: EXP2 vs EXP1 vs PHY,EXP1,EXP1_pooled_any_type vs PHY_pooled_any_type,full,true_positive_code_found_by_both,02-03-00,17
Evaluation 3: EXP2 vs EXP1 vs PHY,EXP1,EXP1_pooled_any_type vs PHY_pooled_any_type,full,true_positive_code_found_by_both,05-04-00,16
Evaluation 3: EXP2 vs EXP1 vs PHY,EXP1,EXP1_pooled_any_type vs PHY_pooled_any_type,full,true_positive_code_found_by_both,03-07-01,15
Evaluation 3: EXP2 vs EXP1 vs PHY,EXP1,EXP1_pooled_any_type vs PHY_pooled_any_type,full,true_positive_code_found_by_both,01-01-06,14
Evaluation 3: EXP2 vs EXP1 vs PHY,EXP1,EXP1_pooled_any_type vs PHY_pooled_any_type,full,true_positive_code_found_by_both,01-04-03,14
Evaluation 3: EXP2 vs EXP1 vs PHY,EXP1,EXP1_pooled_any_type vs PHY_pooled_any_type,full,true_positive_code_found_by_both,04-06-00,14
Evaluation 3: EXP2 vs EXP1 vs PHY,EXP1,EXP1_pooled_any_type vs PHY_pooled_any_type,full,true_positive_code_found_by_both,03-06-04,13
Evaluation 3: EXP2 vs EXP1 vs PHY,EXP1,EXP1_pooled_any_type vs PHY_pooled_any_type,full,true_positive_code_found_by_both,03-01-03,12
Evaluation 3: EXP2 vs EXP1 vs PHY,EXP1,EXP1_pooled_any_type vs PHY_pooled_any_type,full,true_positive_code_found_by_both,03-06-01,11
Evaluation 3: EXP2 vs EXP1 vs PHY,EXP1,EXP1_pooled_any_type vs PHY_pooled_any_type,full,true_positive_code_found_by_both,02-04-00,10
Evaluation 3: EXP2 vs EXP1 vs PHY,EXP1,EXP1_pooled_any_type vs PHY_pooled_any_type,full,true_positive_code_found_by_both,03-06-03,9
Evaluation 3: EXP2 vs EXP1 vs PHY,EXP1,EXP1_pooled_any_type vs PHY_pooled_any_type,full,true_positive_code_found_by_both,03-04-01,7
Evaluation 3: EXP2 vs EXP1 vs PHY,EXP1,EXP1_pooled_any_type vs PHY_pooled_any_type,full,true_positive_code_found_by_both,03-06-05,7
Evaluation 3: EXP2 vs EXP1 vs PHY,EXP1,EXP1_pooled_any_type vs PHY_pooled_any_type,full,true_positive_code_found_by_both,03-02-00,7
Evaluation 3: EXP2 vs EXP1 vs PHY,EXP1,EXP1_pooled_any_type vs PHY_pooled_any_type,full,true_positive_code_found_by_both,02-05-00,7
Evaluation 3: EXP2 vs EXP1 vs PHY,EXP1,EXP1_pooled_any_type vs PHY_pooled_any_type,full,true_positive_code_found_by_both,03-03-00,6
Evaluation 3: EXP2 vs EXP1 vs PHY,EXP1,EXP1_pooled_any_type vs PHY_pooled_any_type,full,true_positive_code_found_by_both,03-06-00,6
Evaluation 3: EXP2 vs EXP1 vs PHY,EXP1,EXP1_pooled_any_type vs PHY_pooled_any_type,full,true_positive_code_found_by_both,01-03-00,5
Evaluation 3: EXP2 vs EXP1 vs PHY,EXP1,EXP1_pooled_any_type vs PHY_pooled_any_type,full,true_positive_code_found_by_both,05-08-00,5
Evaluation 3: EXP2 vs EXP1 vs PHY,EXP1,EXP1_pooled_any_type vs PHY_pooled_any_type,full,true_positive_code_found_by_both,02-01-00,4
Evaluation 3: EXP2 vs EXP1 vs PHY,EXP1,EXP1_pooled_any_type vs PHY_pooled_any_type,full,true_positive_code_found_by_both,03-03-01,4
Evaluation 3: EXP2 vs EXP1 vs PHY,EXP1,EXP1_pooled_any_type vs PHY_pooled_any_type,full,true_positive_code_found_by_both,04-07-00,4
Evaluation 3: EXP2 vs EXP1 vs PHY,EXP1,EXP1_pooled_any_type vs PHY_pooled_any_type,full,true_positive_code_found_by_both,02-02-00,4
Evaluation 3: EXP2 vs EXP1 vs PHY,EXP1,EXP1_pooled_any_type vs PHY_pooled_any_type,full,true_positive_code_found_by_both,04-04-00,4
Evaluation 3: EXP2 vs EXP1 vs PHY,EXP1,EXP1_pooled_any_type vs PHY_pooled_any_type,full,true_positive_code_found_by_both,03-01-00,3
Evaluation 3: EXP2 vs EXP1 vs PHY,EXP1,EXP1_pooled_any_type vs PHY_pooled_any_type,full,true_positive_code_found_by_both,01-07-00,3
Evaluation 3: EXP2 vs EXP1 vs PHY,EXP1,EXP1_pooled_any_type vs PHY_pooled_any_type,full,true_positive_code_found_by_both,05-00-00,2
Evaluation 3: EXP2 vs EXP1 vs PHY,EXP1,EXP1_pooled_any_type vs PHY_pooled_any_type,full,true_positive_code_found_by_both,03-08-01,2
Evaluation 3: EXP2 vs EXP1 vs PHY,EXP1,EXP1_pooled_any_type vs PHY_pooled_any_type,full,true_positive_code_found_by_both,01-04-00,1
Evaluation 3: EXP2 vs EXP1 vs PHY,EXP1,EXP1_pooled_any_type vs PHY_pooled_any_type,full,true_positive_code_found_by_both,03-06-06,1
Evaluation 3: EXP2 vs EXP1 vs PHY,EXP1,EXP1_pooled_any_type vs PHY_pooled_any_type,full,true_positive_code_found_by_both,03-02-01,1
Evaluation 3: EXP2 vs EXP1 vs PHY,EXP1,EXP1_pooled_any_type vs PHY_pooled_any_type,full,true_positive_code_found_by_both,04-09-00,1
Evaluation 3: EXP2 vs EXP1 vs PHY,EXP1,EXP1_pooled_any_type vs PHY_pooled_any_type,level1,false_negative_phy_code_missed_by_llm,01,50
Evaluation 3: EXP2 vs EXP1 vs PHY,EXP1,EXP1_pooled_any_type vs PHY_pooled_any_type,level1,false_negative_phy_code_missed_by_llm,05,29
Evaluation 3: EXP2 vs EXP1 vs PHY,EXP1,EXP1_pooled_any_type vs PHY_pooled_any_type,level1,false_negative_phy_code_missed_by_llm,04,26
Evaluation 3: EXP2 vs EXP1 vs PHY,EXP1,EXP1_pooled_any_type vs PHY_pooled_any_type,level1,false_negative_phy_code_missed_by_llm,03,23
Evaluation 3: EXP2 vs EXP1 vs PHY,EXP1,EXP1_pooled_any_type vs PHY_pooled_any_type,level1,false_negative_phy_code_missed_by_llm,02,3
Evaluation 3: EXP2 vs EXP1 vs PHY,EXP1,EXP1_pooled_any_type vs PHY_pooled_any_type,level1,false_positive_llm_extra_code_not_in_phy,03,1320
Evaluation 3: EXP2 vs EXP1 vs PHY,EXP1,EXP1_pooled_any_type vs PHY_pooled_any_type,level1,false_positive_llm_extra_code_not_in_phy,01,623
Evaluation 3: EXP2 vs EXP1 vs PHY,EXP1,EXP1_pooled_any_type vs PHY_pooled_any_type,level1,false_positive_llm_extra_code_not_in_phy,00,255
Evaluation 3: EXP2 vs EXP1 vs PHY,EXP1,EXP1_pooled_any_type vs PHY_pooled_any_type,level1,false_positive_llm_extra_code_not_in_phy,02,126
Evaluation 3: EXP2 vs EXP1 vs PHY,EXP1,EXP1_pooled_any_type vs PHY_pooled_any_type,level1,false_positive_llm_extra_code_not_in_phy,04,75
Evaluation 3: EXP2 vs EXP1 vs PHY,EXP1,EXP1_pooled_any_type vs PHY_pooled_any_type,level1,false_positive_llm_extra_code_not_in_phy,05,53
Evaluation 3: EXP2 vs EXP1 vs PHY,EXP1,EXP1_pooled_any_type vs PHY_pooled_any_type,level1,false_positive_llm_extra_code_not_in_phy,99,30
Evaluation 3: EXP2 vs EXP1 vs PHY,EXP1,EXP1_pooled_any_type vs PHY_pooled_any_type,level1,true_positive_code_found_by_both,01,1812
Evaluation 3: EXP2 vs EXP1 vs PHY,EXP1,EXP1_pooled_any_type vs PHY_pooled_any_type,level1,true_positive_code_found_by_both,03,1330
Evaluation 3: EXP2 vs EXP1 vs PHY,EXP1,EXP1_pooled_any_type vs PHY_pooled_any_type,level1,true_positive_code_found_by_both,05,484
Evaluation 3: EXP2 vs EXP1 vs PHY,EXP1,EXP1_pooled_any_type vs PHY_pooled_any_type,level1,true_positive_code_found_by_both,04,265
Evaluation 3: EXP2 vs EXP1 vs PHY,EXP1,EXP1_pooled_any_type vs PHY_pooled_any_type,level1,true_positive_code_found_by_both,02,54
Evaluation 3: EXP2 vs EXP1 vs PHY,EXP1,EXP1_pooled_any_type vs PHY_pooled_any_type,level2,false_negative_phy_code_missed_by_llm,01-04,131
Evaluation 3: EXP2 vs EXP1 vs PHY,EXP1,EXP1_pooled_any_type vs PHY_pooled_any_type,level2,false_negative_phy_code_missed_by_llm,01-01,55
Evaluation 3: EXP2 vs EXP1 vs PHY,EXP1,EXP1_pooled_any_type vs PHY_pooled_any_type,level2,false_negative_phy_code_missed_by_llm,03-00,53
Evaluation 3: EXP2 vs EXP1 vs PHY,EXP1,EXP1_pooled_any_type vs PHY_pooled_any_type,level2,false_negative_phy_code_missed_by_llm,01-00,46
Evaluation 3: EXP2 vs EXP1 vs PHY,EXP1,EXP1_pooled_any_type vs PHY_pooled_any_type,level2,false_negative_phy_code_missed_by_llm,04-00,34
Evaluation 3: EXP2 vs EXP1 vs PHY,EXP1,EXP1_pooled_any_type vs PHY_pooled_any_type,level2,false_negative_phy_code_missed_by_llm,03-01,33
Evaluation 3: EXP2 vs EXP1 vs PHY,EXP1,EXP1_pooled_any_type vs PHY_pooled_any_type,level2,false_negative_phy_code_missed_by_llm,05-05,28
Evaluation 3: EXP2 vs EXP1 vs PHY,EXP1,EXP1_pooled_any_type vs PHY_pooled_any_type,level2,false_negative_phy_code_missed_by_llm,03-03,27
Evaluation 3: EXP2 vs EXP1 vs PHY,EXP1,EXP1_pooled_any_type vs PHY_pooled_any_type,level2,false_negative_phy_code_missed_by_llm,03-06,26
Evaluation 3: EXP2 vs EXP1 vs PHY,EXP1,EXP1_pooled_any_type vs PHY_pooled_any_type,level2,false_negative_phy_code_missed_by_llm,05-00,22
Evaluation 3: EXP2 vs EXP1 vs PHY,EXP1,EXP1_pooled_any_type vs PHY_pooled_any_type,level2,false_negative_phy_code_missed_by_llm,04-05,21
Evaluation 3: EXP2 vs EXP1 vs PHY,EXP1,EXP1_pooled_any_type vs PHY_pooled_any_type,level2,false_negative_phy_code_missed_by_llm,05-03,19
Evaluation 3: EXP2 vs EXP1 vs PHY,EXP1,EXP1_pooled_any_type vs PHY_pooled_any_type,level2,false_negative_phy_code_missed_by_llm,05-06,18
Evaluation 3: EXP2 vs EXP1 vs PHY,EXP1,EXP1_pooled_any_type vs PHY_pooled_any_type,level2,false_negative_phy_code_missed_by_llm,03-04,17
Evaluation 3: EXP2 vs EXP1 vs PHY,EXP1,EXP1_pooled_any_type vs PHY_pooled_any_type,level2,false_negative_phy_code_missed_by_llm,01-03,14
Evaluation 3: EXP2 vs EXP1 vs PHY,EXP1,EXP1_pooled_any_type vs PHY_pooled_any_type,level2,false_negative_phy_code_missed_by_llm,05-04,13
Evaluation 3: EXP2 vs EXP1 vs PHY,EXP1,EXP1_pooled_any_type vs PHY_pooled_any_type,level2,false_negative_phy_code_missed_by_llm,02-00,10
Evaluation 3: EXP2 vs EXP1 vs PHY,EXP1,EXP1_pooled_any_type vs PHY_pooled_any_type,level2,false_negative_phy_code_missed_by_llm,01-05,10
Evaluation 3: EXP2 vs EXP1 vs PHY,EXP1,EXP1_pooled_any_type vs PHY_pooled_any_type,level2,false_negative_phy_code_missed_by_llm,03-09,8
Evaluation 3: EXP2 vs EXP1 vs PHY,EXP1,EXP1_pooled_any_type vs PHY_pooled_any_type,level2,false_negative_phy_code_missed_by_llm,03-08,6
Evaluation 3: EXP2 vs EXP1 vs PHY,EXP1,EXP1_pooled_any_type vs PHY_pooled_any_type,level2,false_negative_phy_code_missed_by_llm,03-07,5
Evaluation 3: EXP2 vs EXP1 vs PHY,EXP1,EXP1_pooled_any_type vs PHY_pooled_any_type,level2,false_negative_phy_code_missed_by_llm,04-02,4
Evaluation 3: EXP2 vs EXP1 vs PHY,EXP1,EXP1_pooled_any_type vs PHY_pooled_any_type,level2,false_negative_phy_code_missed_by_llm,03-05,3
Evaluation 3: EXP2 vs EXP1 vs PHY,EXP1,EXP1_pooled_any_type vs PHY_pooled_any_type,level2,false_negative_phy_code_missed_by_llm,03-02,3
Evaluation 3: EXP2 vs EXP1 vs PHY,EXP1,EXP1_pooled_any_type vs PHY_pooled_any_type,level2,false_negative_phy_code_missed_by_llm,02-01,2
Evaluation 3: EXP2 vs EXP1 vs PHY,EXP1,EXP1_pooled_any_type vs PHY_pooled_any_type,level2,false_negative_phy_code_missed_by_llm,04-08,2
Evaluation 3: EXP2 vs EXP1 vs PHY,EXP1,EXP1_pooled_any_type vs PHY_pooled_any_type,level2,false_negative_phy_code_missed_by_llm,04-01,2
Evaluation 3: EXP2 vs EXP1 vs PHY,EXP1,EXP1_pooled_any_type vs PHY_pooled_any_type,level2,false_negative_phy_code_missed_by_llm,04-03,2
Evaluation 3: EXP2 vs EXP1 vs PHY,EXP1,EXP1_pooled_any_type vs PHY_pooled_any_type,level2,false_negative_phy_code_missed_by_llm,02-06,1
Evaluation 3: EXP2 vs EXP1 vs PHY,EXP1,EXP1_pooled_any_type vs PHY_pooled_any_type,level2,false_negative_phy_code_missed_by_llm,02-04,1
Evaluation 3: EXP2 vs EXP1 vs PHY,EXP1,EXP1_pooled_any_type vs PHY_pooled_any_type,level2,false_negative_phy_code_missed_by_llm,04-04,1
Evaluation 3: EXP2 vs EXP1 vs PHY,EXP1,EXP1_pooled_any_type vs PHY_pooled_any_type,level2,false_negative_phy_code_missed_by_llm,02-05,1
Evaluation 3: EXP2 vs EXP1 vs PHY,EXP1,EXP1_pooled_any_type vs PHY_pooled_any_type,level2,false_negative_phy_code_missed_by_llm,02-03,1
Evaluation 3: EXP2 vs EXP1 vs PHY,EXP1,EXP1_pooled_any_type vs PHY_pooled_any_type,level2,false_negative_phy_code_missed_by_llm,02-02,1
Evaluation 3: EXP2 vs EXP1 vs PHY,EXP1,EXP1_pooled_any_type vs PHY_pooled_any_type,level2,false_positive_llm_extra_code_not_in_phy,01-01,1070
Evaluation 3: EXP2 vs EXP1 vs PHY,EXP1,EXP1_pooled_any_type vs PHY_pooled_any_type,level2,false_positive_llm_extra_code_not_in_phy,03-08,790
Evaluation 3: EXP2 vs EXP1 vs PHY,EXP1,EXP1_pooled_any_type vs PHY_pooled_any_type,level2,false_positive_llm_extra_code_not_in_phy,03-09,727
Evaluation 3: EXP2 vs EXP1 vs PHY,EXP1,EXP1_pooled_any_type vs PHY_pooled_any_type,level2,false_positive_llm_extra_code_not_in_phy,03-02,529
Evaluation 3: EXP2 vs EXP1 vs PHY,EXP1,EXP1_pooled_any_type vs PHY_pooled_any_type,level2,false_positive_llm_extra_code_not_in_phy,01-05,447
Evaluation 3: EXP2 vs EXP1 vs PHY,EXP1,EXP1_pooled_any_type vs PHY_pooled_any_type,level2,false_positive_llm_extra_code_not_in_phy,03-01,413
Evaluation 3: EXP2 vs EXP1 vs PHY,EXP1,EXP1_pooled_any_type vs PHY_pooled_any_type,level2,false_positive_llm_extra_code_not_in_phy,03-03,406
Evaluation 3: EXP2 vs EXP1 vs PHY,EXP1,EXP1_pooled_any_type vs PHY_pooled_any_type,level2,false_positive_llm_extra_code_not_in_phy,03-04,333
Evaluation 3: EXP2 vs EXP1 vs PHY,EXP1,EXP1_pooled_any_type vs PHY_pooled_any_type,level2,false_positive_llm_extra_code_not_in_phy,03-07,252
Evaluation 3: EXP2 vs EXP1 vs PHY,EXP1,EXP1_pooled_any_type vs PHY_pooled_any_type,level2,false_positive_llm_extra_code_not_in_phy,01-99,247
Evaluation 3: EXP2 vs EXP1 vs PHY,EXP1,EXP1_pooled_any_type vs PHY_pooled_any_type,level2,false_positive_llm_extra_code_not_in_phy,00-02,191
Evaluation 3: EXP2 vs EXP1 vs PHY,EXP1,EXP1_pooled_any_type vs PHY_pooled_any_type,level2,false_positive_llm_extra_code_not_in_phy,03-99,172
Evaluation 3: EXP2 vs EXP1 vs PHY,EXP1,EXP1_pooled_any_type vs PHY_pooled_any_type,level2,false_positive_llm_extra_code_not_in_phy,03-06,158
Evaluation 3: EXP2 vs EXP1 vs PHY,EXP1,EXP1_pooled_any_type vs PHY_pooled_any_type,level2,false_positive_llm_extra_code_not_in_phy,01-04,150
Evaluation 3: EXP2 vs EXP1 vs PHY,EXP1,EXP1_pooled_any_type vs PHY_pooled_any_type,level2,false_positive_llm_extra_code_not_in_phy,02-04,104
Evaluation 3: EXP2 vs EXP1 vs PHY,EXP1,EXP1_pooled_any_type vs PHY_pooled_any_type,level2,false_positive_llm_extra_code_not_in_phy,04-99,94
Evaluation 3: EXP2 vs EXP1 vs PHY,EXP1,EXP1_pooled_any_type vs PHY_pooled_any_type,level2,false_positive_llm_extra_code_not_in_phy,05-03,93
Evaluation 3: EXP2 vs EXP1 vs PHY,EXP1,EXP1_pooled_any_type vs PHY_pooled_any_type,level2,false_positive_llm_extra_code_not_in_phy,05-05,81
Evaluation 3: EXP2 vs EXP1 vs PHY,EXP1,EXP1_pooled_any_type vs PHY_pooled_any_type,level2,false_positive_llm_extra_code_not_in_phy,05-06,81
Evaluation 3: EXP2 vs EXP1 vs PHY,EXP1,EXP1_pooled_any_type vs PHY_pooled_any_type,level2,false_positive_llm_extra_code_not_in_phy,03-05,72
Evaluation 3: EXP2 vs EXP1 vs PHY,EXP1,EXP1_pooled_any_type vs PHY_pooled_any_type,level2,false_positive_llm_extra_code_not_in_phy,05-99,71
Evaluation 3: EXP2 vs EXP1 vs PHY,EXP1,EXP1_pooled_any_type vs PHY_pooled_any_type,level2,false_positive_llm_extra_code_not_in_phy,00-04,41
Evaluation 3: EXP2 vs EXP1 vs PHY,EXP1,EXP1_pooled_any_type vs PHY_pooled_any_type,level2,false_positive_llm_extra_code_not_in_phy,04-09,32
Evaluation 3: EXP2 vs EXP1 vs PHY,EXP1,EXP1_pooled_any_type vs PHY_pooled_any_type,level2,false_positive_llm_extra_code_not_in_phy,99-00,30
Evaluation 3: EXP2 vs EXP1 vs PHY,EXP1,EXP1_pooled_any_type vs PHY_pooled_any_type,level2,false_positive_llm_extra_code_not_in_phy,00-03,30
Evaluation 3: EXP2 vs EXP1 vs PHY,EXP1,EXP1_pooled_any_type vs PHY_pooled_any_type,level2,false_positive_llm_extra_code_not_in_phy,02-99,27
Evaluation 3: EXP2 vs EXP1 vs PHY,EXP1,EXP1_pooled_any_type vs PHY_pooled_any_type,level2,false_positive_llm_extra_code_not_in_phy,05-08,25
Evaluation 3: EXP2 vs EXP1 vs PHY,EXP1,EXP1_pooled_any_type vs PHY_pooled_any_type,level2,false_positive_llm_extra_code_not_in_phy,04-02,24
Evaluation 3: EXP2 vs EXP1 vs PHY,EXP1,EXP1_pooled_any_type vs PHY_pooled_any_type,level2,false_positive_llm_extra_code_not_in_phy,01-03,24
Evaluation 3: EXP2 vs EXP1 vs PHY,EXP1,EXP1_pooled_any_type vs PHY_pooled_any_type,level2,false_positive_llm_extra_code_not_in_phy,05-04,18
Evaluation 3: EXP2 vs EXP1 vs PHY,EXP1,EXP1_pooled_any_type vs PHY_pooled_any_type,level2,false_positive_llm_extra_code_not_in_phy,04-05,18
Evaluation 3: EXP2 vs EXP1 vs PHY,EXP1,EXP1_pooled_any_type vs PHY_pooled_any_type,level2,false_positive_llm_extra_code_not_in_phy,02-03,17
Evaluation 3: EXP2 vs EXP1 vs PHY,EXP1,EXP1_pooled_any_type vs PHY_pooled_any_type,level2,false_positive_llm_extra_code_not_in_phy,04-06,16
Evaluation 3: EXP2 vs EXP1 vs PHY,EXP1,EXP1_pooled_any_type vs PHY_pooled_any_type,level2,false_positive_llm_extra_code_not_in_phy,02-05,13
Evaluation 3: EXP2 vs EXP1 vs PHY,EXP1,EXP1_pooled_any_type vs PHY_pooled_any_type,level2,false_positive_llm_extra_code_not_in_phy,04-00,11
Evaluation 3: EXP2 vs EXP1 vs PHY,EXP1,EXP1_pooled_any_type vs PHY_pooled_any_type,level2,false_positive_llm_extra_code_not_in_phy,05-00,10
Evaluation 3: EXP2 vs EXP1 vs PHY,EXP1,EXP1_pooled_any_type vs PHY_pooled_any_type,level2,false_positive_llm_extra_code_not_in_phy,05-02,8
Evaluation 3: EXP2 vs EXP1 vs PHY,EXP1,EXP1_pooled_any_type vs PHY_pooled_any_type,level2,false_positive_llm_extra_code_not_in_phy,02-02,7
Evaluation 3: EXP2 vs EXP1 vs PHY,EXP1,EXP1_pooled_any_type vs PHY_pooled_any_type,level2,false_positive_llm_extra_code_not_in_phy,02-00,7
Evaluation 3: EXP2 vs EXP1 vs PHY,EXP1,EXP1_pooled_any_type vs PHY_pooled_any_type,level2,false_positive_llm_extra_code_not_in_phy,04-03,7
Evaluation 3: EXP2 vs EXP1 vs PHY,EXP1,EXP1_pooled_any_type vs PHY_pooled_any_type,level2,false_positive_llm_extra_code_not_in_phy,04-07,5
Evaluation 3: EXP2 vs EXP1 vs PHY,EXP1,EXP1_pooled_any_type vs PHY_pooled_any_type,level2,false_positive_llm_extra_code_not_in_phy,04-08,5
Evaluation 3: EXP2 vs EXP1 vs PHY,EXP1,EXP1_pooled_any_type vs PHY_pooled_any_type,level2,false_positive_llm_extra_code_not_in_phy,04-01,4
Evaluation 3: EXP2 vs EXP1 vs PHY,EXP1,EXP1_pooled_any_type vs PHY_pooled_any_type,level2,false_positive_llm_extra_code_not_in_phy,02-06,4
Evaluation 3: EXP2 vs EXP1 vs PHY,EXP1,EXP1_pooled_any_type vs PHY_pooled_any_type,level2,false_positive_llm_extra_code_not_in_phy,05-01,3
Evaluation 3: EXP2 vs EXP1 vs PHY,EXP1,EXP1_pooled_any_type vs PHY_pooled_any_type,level2,false_positive_llm_extra_code_not_in_phy,04-04,2
Evaluation 3: EXP2 vs EXP1 vs PHY,EXP1,EXP1_pooled_any_type vs PHY_pooled_any_type,level2,false_positive_llm_extra_code_not_in_phy,02-01,2
Evaluation 3: EXP2 vs EXP1 vs PHY,EXP1,EXP1_pooled_any_type vs PHY_pooled_any_type,level2,false_positive_llm_extra_code_not_in_phy,00-01,1
Evaluation 3: EXP2 vs EXP1 vs PHY,EXP1,EXP1_pooled_any_type vs PHY_pooled_any_type,level2,false_positive_llm_extra_code_not_in_phy,01-00,1
Evaluation 3: EXP2 vs EXP1 vs PHY,EXP1,EXP1_pooled_any_type vs PHY_pooled_any_type,level2,false_positive_llm_extra_code_not_in_phy,05-09,1
Evaluation 3: EXP2 vs EXP1 vs PHY,EXP1,EXP1_pooled_any_type vs PHY_pooled_any_type,level2,true_positive_code_found_by_both,01-01,817
Evaluation 3: EXP2 vs EXP1 vs PHY,EXP1,EXP1_pooled_any_type vs PHY_pooled_any_type,level2,true_positive_code_found_by_both,01-04,806
Evaluation 3: EXP2 vs EXP1 vs PHY,EXP1,EXP1_pooled_any_type vs PHY_pooled_any_type,level2,true_positive_code_found_by_both,03-01,479
Evaluation 3: EXP2 vs EXP1 vs PHY,EXP1,EXP1_pooled_any_type vs PHY_pooled_any_type,level2,true_positive_code_found_by_both,03-03,192
Evaluation 3: EXP2 vs EXP1 vs PHY,EXP1,EXP1_pooled_any_type vs PHY_pooled_any_type,level2,true_positive_code_found_by_both,05-05,182
Evaluation 3: EXP2 vs EXP1 vs PHY,EXP1,EXP1_pooled_any_type vs PHY_pooled_any_type,level2,true_positive_code_found_by_both,03-06,178
Evaluation 3: EXP2 vs EXP1 vs PHY,EXP1,EXP1_pooled_any_type vs PHY_pooled_any_type,level2,true_positive_code_found_by_both,05-03,131
Evaluation 3: EXP2 vs EXP1 vs PHY,EXP1,EXP1_pooled_any_type vs PHY_pooled_any_type,level2,true_positive_code_found_by_both,03-05,109
Evaluation 3: EXP2 vs EXP1 vs PHY,EXP1,EXP1_pooled_any_type vs PHY_pooled_any_type,level2,true_positive_code_found_by_both,05-06,99
Evaluation 3: EXP2 vs EXP1 vs PHY,EXP1,EXP1_pooled_any_type vs PHY_pooled_any_type,level2,true_positive_code_found_by_both,03-08,77
Evaluation 3: EXP2 vs EXP1 vs PHY,EXP1,EXP1_pooled_any_type vs PHY_pooled_any_type,level2,true_positive_code_found_by_both,03-04,75
Evaluation 3: EXP2 vs EXP1 vs PHY,EXP1,EXP1_pooled_any_type vs PHY_pooled_any_type,level2,true_positive_code_found_by_both,04-01,70
Evaluation 3: EXP2 vs EXP1 vs PHY,EXP1,EXP1_pooled_any_type vs PHY_pooled_any_type,level2,true_positive_code_found_by_both,03-09,62
Evaluation 3: EXP2 vs EXP1 vs PHY,EXP1,EXP1_pooled_any_type vs PHY_pooled_any_type,level2,true_positive_code_found_by_both,04-03,56
Evaluation 3: EXP2 vs EXP1 vs PHY,EXP1,EXP1_pooled_any_type vs PHY_pooled_any_type,level2,true_positive_code_found_by_both,03-02,51
Evaluation 3: EXP2 vs EXP1 vs PHY,EXP1,EXP1_pooled_any_type vs PHY_pooled_any_type,level2,true_positive_code_found_by_both,01-05,45
Evaluation 3: EXP2 vs EXP1 vs PHY,EXP1,EXP1_pooled_any_type vs PHY_pooled_any_type,level2,true_positive_code_found_by_both,04-05,36
Evaluation 3: EXP2 vs EXP1 vs PHY,EXP1,EXP1_pooled_any_type vs PHY_pooled_any_type,level2,true_positive_code_found_by_both,03-07,30
Evaluation 3: EXP2 vs EXP1 vs PHY,EXP1,EXP1_pooled_any_type vs PHY_pooled_any_type,level2,true_positive_code_found_by_both,04-08,24
Evaluation 3: EXP2 vs EXP1 vs PHY,EXP1,EXP1_pooled_any_type vs PHY_pooled_any_type,level2,true_positive_code_found_by_both,04-02,18
Evaluation 3: EXP2 vs EXP1 vs PHY,EXP1,EXP1_pooled_any_type vs PHY_pooled_any_type,level2,true_positive_code_found_by_both,02-03,17
Evaluation 3: EXP2 vs EXP1 vs PHY,EXP1,EXP1_pooled_any_type vs PHY_pooled_any_type,level2,true_positive_code_found_by_both,05-04,16
Evaluation 3: EXP2 vs EXP1 vs PHY,EXP1,EXP1_pooled_any_type vs PHY_pooled_any_type,level2,true_positive_code_found_by_both,04-06,14
Evaluation 3: EXP2 vs EXP1 vs PHY,EXP1,EXP1_pooled_any_type vs PHY_pooled_any_type,level2,true_positive_code_found_by_both,02-04,10
Evaluation 3: EXP2 vs EXP1 vs PHY,EXP1,EXP1_pooled_any_type vs PHY_pooled_any_type,level2,true_positive_code_found_by_both,02-05,7
Evaluation 3: EXP2 vs EXP1 vs PHY,EXP1,EXP1_pooled_any_type vs PHY_pooled_any_type,level2,true_positive_code_found_by_both,01-03,5
Evaluation 3: EXP2 vs EXP1 vs PHY,EXP1,EXP1_pooled_any_type vs PHY_pooled_any_type,level2,true_positive_code_found_by_both,05-08,5
Evaluation 3: EXP2 vs EXP1 vs PHY,EXP1,EXP1_pooled_any_type vs PHY_pooled_any_type,level2,true_positive_code_found_by_both,02-01,4
Evaluation 3: EXP2 vs EXP1 vs PHY,EXP1,EXP1_pooled_any_type vs PHY_pooled_any_type,level2,true_positive_code_found_by_both,04-07,4
Evaluation 3: EXP2 vs EXP1 vs PHY,EXP1,EXP1_pooled_any_type vs PHY_pooled_any_type,level2,true_positive_code_found_by_both,02-02,4
Evaluation 3: EXP2 vs EXP1 vs PHY,EXP1,EXP1_pooled_any_type vs PHY_pooled_any_type,level2,true_positive_code_found_by_both,04-04,4
Evaluation 3: EXP2 vs EXP1 vs PHY,EXP1,EXP1_pooled_any_type vs PHY_pooled_any_type,level2,true_positive_code_found_by_both,01-07,3
Evaluation 3: EXP2 vs EXP1 vs PHY,EXP1,EXP1_pooled_any_type vs PHY_pooled_any_type,level2,true_positive_code_found_by_both,05-00,2
Evaluation 3: EXP2 vs EXP1 vs PHY,EXP1,EXP1_pooled_any_type vs PHY_pooled_any_type,level2,true_positive_code_found_by_both,04-09,1
Evaluation 3: EXP2 vs EXP1 vs PHY,EXP2,EXP2_pooled_any_type vs PHY_pooled_any_type,full,false_negative_phy_code_missed_by_llm,01-04-02,199
Evaluation 3: EXP2 vs EXP1 vs PHY,EXP2,EXP2_pooled_any_type vs PHY_pooled_any_type,full,false_negative_phy_code_missed_by_llm,05-05-00,119
Evaluation 3: EXP2 vs EXP1 vs PHY,EXP2,EXP2_pooled_any_type vs PHY_pooled_any_type,full,false_negative_phy_code_missed_by_llm,01-01-00,114
Evaluation 3: EXP2 vs EXP1 vs PHY,EXP2,EXP2_pooled_any_type vs PHY_pooled_any_type,full,false_negative_phy_code_missed_by_llm,01-01-01,105
Evaluation 3: EXP2 vs EXP1 vs PHY,EXP2,EXP2_pooled_any_type vs PHY_pooled_any_type,full,false_negative_phy_code_missed_by_llm,03-03-00,98
Evaluation 3: EXP2 vs EXP1 vs PHY,EXP2,EXP2_pooled_any_type vs PHY_pooled_any_type,full,false_negative_phy_code_missed_by_llm,05-03-00,98
Evaluation 3: EXP2 vs EXP1 vs PHY,EXP2,EXP2_pooled_any_type vs PHY_pooled_any_type,full,false_negative_phy_code_missed_by_llm,03-01-02,61
Evaluation 3: EXP2 vs EXP1 vs PHY,EXP2,EXP2_pooled_any_type vs PHY_pooled_any_type,full,false_negative_phy_code_missed_by_llm,03-06-00,57
Evaluation 3: EXP2 vs EXP1 vs PHY,EXP2,EXP2_pooled_any_type vs PHY_pooled_any_type,full,false_negative_phy_code_missed_by_llm,03-00-00,53
Evaluation 3: EXP2 vs EXP1 vs PHY,EXP2,EXP2_pooled_any_type vs PHY_pooled_any_type,full,false_negative_phy_code_missed_by_llm,05-06-00,50
Evaluation 3: EXP2 vs EXP1 vs PHY,EXP2,EXP2_pooled_any_type vs PHY_pooled_any_type,full,false_negative_phy_code_missed_by_llm,01-04-00,47
Evaluation 3: EXP2 vs EXP1 vs PHY,EXP2,EXP2_pooled_any_type vs PHY_pooled_any_type,full,false_negative_phy_code_missed_by_llm,03-01-04,46
Evaluation 3: EXP2 vs EXP1 vs PHY,EXP2,EXP2_pooled_any_type vs PHY_pooled_any_type,full,false_negative_phy_code_missed_by_llm,01-00-00,46
Evaluation 3: EXP2 vs EXP1 vs PHY,EXP2,EXP2_pooled_any_type vs PHY_pooled_any_type,full,false_negative_phy_code_missed_by_llm,01-01-04,43
Evaluation 3: EXP2 vs EXP1 vs PHY,EXP2,EXP2_pooled_any_type vs PHY_pooled_any_type,full,false_negative_phy_code_missed_by_llm,04-05-00,42
Evaluation 3: EXP2 vs EXP1 vs PHY,EXP2,EXP2_pooled_any_type vs PHY_pooled_any_type,full,false_negative_phy_code_missed_by_llm,01-01-05,42
Evaluation 3: EXP2 vs EXP1 vs PHY,EXP2,EXP2_pooled_any_type vs PHY_pooled_any_type,full,false_negative_phy_code_missed_by_llm,03-04-00,38
Evaluation 3: EXP2 vs EXP1 vs PHY,EXP2,EXP2_pooled_any_type vs PHY_pooled_any_type,full,false_negative_phy_code_missed_by_llm,01-01-06,34
Evaluation 3: EXP2 vs EXP1 vs PHY,EXP2,EXP2_pooled_any_type vs PHY_pooled_any_type,full,false_negative_phy_code_missed_by_llm,04-00-00,33
Evaluation 3: EXP2 vs EXP1 vs PHY,EXP2,EXP2_pooled_any_type vs PHY_pooled_any_type,full,false_negative_phy_code_missed_by_llm,03-06-02,33
Evaluation 3: EXP2 vs EXP1 vs PHY,EXP2,EXP2_pooled_any_type vs PHY_pooled_any_type,full,false_negative_phy_code_missed_by_llm,04-03-00,32
Evaluation 3: EXP2 vs EXP1 vs PHY,EXP2,EXP2_pooled_any_type vs PHY_pooled_any_type,full,false_negative_phy_code_missed_by_llm,01-04-03,32
Evaluation 3: EXP2 vs EXP1 vs PHY,EXP2,EXP2_pooled_any_type vs PHY_pooled_any_type,full,false_negative_phy_code_missed_by_llm,04-01-00,30
Evaluation 3: EXP2 vs EXP1 vs PHY,EXP2,EXP2_pooled_any_type vs PHY_pooled_any_type,full,false_negative_phy_code_missed_by_llm,03-06-04,29
Evaluation 3: EXP2 vs EXP1 vs PHY,EXP2,EXP2_pooled_any_type vs PHY_pooled_any_type,full,false_negative_phy_code_missed_by_llm,03-01-00,29
Evaluation 3: EXP2 vs EXP1 vs PHY,EXP2,EXP2_pooled_any_type vs PHY_pooled_any_type,full,false_negative_phy_code_missed_by_llm,03-08-01,25
Evaluation 3: EXP2 vs EXP1 vs PHY,EXP2,EXP2_pooled_any_type vs PHY_pooled_any_type,full,false_negative_phy_code_missed_by_llm,05-04-00,25
Evaluation 3: EXP2 vs EXP1 vs PHY,EXP2,EXP2_pooled_any_type vs PHY_pooled_any_type,full,false_negative_phy_code_missed_by_llm,03-03-03,24
Evaluation 3: EXP2 vs EXP1 vs PHY,EXP2,EXP2_pooled_any_type vs PHY_pooled_any_type,full,false_negative_phy_code_missed_by_llm,03-03-02,23
Evaluation 3: EXP2 vs EXP1 vs PHY,EXP2,EXP2_pooled_any_type vs PHY_pooled_any_type,full,false_negative_phy_code_missed_by_llm,03-09-01,21
Evaluation 3: EXP2 vs EXP1 vs PHY,EXP2,EXP2_pooled_any_type vs PHY_pooled_any_type,full,false_negative_phy_code_missed_by_llm,01-01-02,20
Evaluation 3: EXP2 vs EXP1 vs PHY,EXP2,EXP2_pooled_any_type vs PHY_pooled_any_type,full,false_negative_phy_code_missed_by_llm,01-04-01,16
Evaluation 3: EXP2 vs EXP1 vs PHY,EXP2,EXP2_pooled_any_type vs PHY_pooled_any_type,full,false_negative_phy_code_missed_by_llm,01-03-00,16
Evaluation 3: EXP2 vs EXP1 vs PHY,EXP2,EXP2_pooled_any_type vs PHY_pooled_any_type,full,false_negative_phy_code_missed_by_llm,05-00-00,16
Evaluation 3: EXP2 vs EXP1 vs PHY,EXP2,EXP2_pooled_any_type vs PHY_pooled_any_type,full,false_negative_phy_code_missed_by_llm,03-01-03,15
Evaluation 3: EXP2 vs EXP1 vs PHY,EXP2,EXP2_pooled_any_type vs PHY_pooled_any_type,full,false_negative_phy_code_missed_by_llm,03-07-00,15
Evaluation 3: EXP2 vs EXP1 vs PHY,EXP2,EXP2_pooled_any_type vs PHY_pooled_any_type,full,false_negative_phy_code_missed_by_llm,03-02-02,14
Evaluation 3: EXP2 vs EXP1 vs PHY,EXP2,EXP2_pooled_any_type vs PHY_pooled_any_type,full,false_negative_phy_code_missed_by_llm,03-01-01,12
Evaluation 3: EXP2 vs EXP1 vs PHY,EXP2,EXP2_pooled_any_type vs PHY_pooled_any_type,full,false_negative_phy_code_missed_by_llm,03-04-01,12
Evaluation 3: EXP2 vs EXP1 vs PHY,EXP2,EXP2_pooled_any_type vs PHY_pooled_any_type,full,false_negative_phy_code_missed_by_llm,01-05-00,12
Evaluation 3: EXP2 vs EXP1 vs PHY,EXP2,EXP2_pooled_any_type vs PHY_pooled_any_type,full,false_negative_phy_code_missed_by_llm,04-02-00,11
Evaluation 3: EXP2 vs EXP1 vs PHY,EXP2,EXP2_pooled_any_type vs PHY_pooled_any_type,full,false_negative_phy_code_missed_by_llm,03-06-03,11
Evaluation 3: EXP2 vs EXP1 vs PHY,EXP2,EXP2_pooled_any_type vs PHY_pooled_any_type,full,false_negative_phy_code_missed_by_llm,02-04-00,10
Evaluation 3: EXP2 vs EXP1 vs PHY,EXP2,EXP2_pooled_any_type vs PHY_pooled_any_type,full,false_negative_phy_code_missed_by_llm,04-08-00,8
Evaluation 3: EXP2 vs EXP1 vs PHY,EXP2,EXP2_pooled_any_type vs PHY_pooled_any_type,full,false_negative_phy_code_missed_by_llm,02-03-00,8
Evaluation 3: EXP2 vs EXP1 vs PHY,EXP2,EXP2_pooled_any_type vs PHY_pooled_any_type,full,false_negative_phy_code_missed_by_llm,02-00-00,7
Evaluation 3: EXP2 vs EXP1 vs PHY,EXP2,EXP2_pooled_any_type vs PHY_pooled_any_type,full,false_negative_phy_code_missed_by_llm,03-02-00,7
Evaluation 3: EXP2 vs EXP1 vs PHY,EXP2,EXP2_pooled_any_type vs PHY_pooled_any_type,full,false_negative_phy_code_missed_by_llm,03-08-00,7
Evaluation 3: EXP2 vs EXP1 vs PHY,EXP2,EXP2_pooled_any_type vs PHY_pooled_any_type,full,false_negative_phy_code_missed_by_llm,03-03-01,7
Evaluation 3: EXP2 vs EXP1 vs PHY,EXP2,EXP2_pooled_any_type vs PHY_pooled_any_type,full,false_negative_phy_code_missed_by_llm,02-01-00,6
Evaluation 3: EXP2 vs EXP1 vs PHY,EXP2,EXP2_pooled_any_type vs PHY_pooled_any_type,full,false_negative_phy_code_missed_by_llm,03-05-01,5
Evaluation 3: EXP2 vs EXP1 vs PHY,EXP2,EXP2_pooled_any_type vs PHY_pooled_any_type,full,false_negative_phy_code_missed_by_llm,03-09-00,5
Evaluation 3: EXP2 vs EXP1 vs PHY,EXP2,EXP2_pooled_any_type vs PHY_pooled_any_type,full,false_negative_phy_code_missed_by_llm,03-06-01,4
Evaluation 3: EXP2 vs EXP1 vs PHY,EXP2,EXP2_pooled_any_type vs PHY_pooled_any_type,full,false_negative_phy_code_missed_by_llm,03-07-01,4
Evaluation 3: EXP2 vs EXP1 vs PHY,EXP2,EXP2_pooled_any_type vs PHY_pooled_any_type,full,false_negative_phy_code_missed_by_llm,04-04-00,4
Evaluation 3: EXP2 vs EXP1 vs PHY,EXP2,EXP2_pooled_any_type vs PHY_pooled_any_type,full,false_negative_phy_code_missed_by_llm,02-05-00,3
Evaluation 3: EXP2 vs EXP1 vs PHY,EXP2,EXP2_pooled_any_type vs PHY_pooled_any_type,full,false_negative_phy_code_missed_by_llm,02-02-00,3
Evaluation 3: EXP2 vs EXP1 vs PHY,EXP2,EXP2_pooled_any_type vs PHY_pooled_any_type,full,false_negative_phy_code_missed_by_llm,03-04-02,2
Evaluation 3: EXP2 vs EXP1 vs PHY,EXP2,EXP2_pooled_any_type vs PHY_pooled_any_type,full,false_negative_phy_code_missed_by_llm,03-02-01,2
Evaluation 3: EXP2 vs EXP1 vs PHY,EXP2,EXP2_pooled_any_type vs PHY_pooled_any_type,full,false_negative_phy_code_missed_by_llm,03-05-00,2
Evaluation 3: EXP2 vs EXP1 vs PHY,EXP2,EXP2_pooled_any_type vs PHY_pooled_any_type,full,false_negative_phy_code_missed_by_llm,03-06-05,2
Evaluation 3: EXP2 vs EXP1 vs PHY,EXP2,EXP2_pooled_any_type vs PHY_pooled_any_type,full,false_negative_phy_code_missed_by_llm,05-08-00,2
Evaluation 3: EXP2 vs EXP1 vs PHY,EXP2,EXP2_pooled_any_type vs PHY_pooled_any_type,full,false_negative_phy_code_missed_by_llm,04-06-00,1
Evaluation 3: EXP2 vs EXP1 vs PHY,EXP2,EXP2_pooled_any_type vs PHY_pooled_any_type,full,false_negative_phy_code_missed_by_llm,01-07-00,1
Evaluation 3: EXP2 vs EXP1 vs PHY,EXP2,EXP2_pooled_any_type vs PHY_pooled_any_type,full,false_negative_phy_code_missed_by_llm,02-06-00,1
Evaluation 3: EXP2 vs EXP1 vs PHY,EXP2,EXP2_pooled_any_type vs PHY_pooled_any_type,full,false_negative_phy_code_missed_by_llm,04-09-00,1
Evaluation 3: EXP2 vs EXP1 vs PHY,EXP2,EXP2_pooled_any_type vs PHY_pooled_any_type,full,false_positive_llm_extra_code_not_in_phy,03-08-00,806
Evaluation 3: EXP2 vs EXP1 vs PHY,EXP2,EXP2_pooled_any_type vs PHY_pooled_any_type,full,false_positive_llm_extra_code_not_in_phy,03-09-01,697
Evaluation 3: EXP2 vs EXP1 vs PHY,EXP2,EXP2_pooled_any_type vs PHY_pooled_any_type,full,false_positive_llm_extra_code_not_in_phy,01-01-00,675
Evaluation 3: EXP2 vs EXP1 vs PHY,EXP2,EXP2_pooled_any_type vs PHY_pooled_any_type,full,false_positive_llm_extra_code_not_in_phy,00-02-00,615
Evaluation 3: EXP2 vs EXP1 vs PHY,EXP2,EXP2_pooled_any_type vs PHY_pooled_any_type,full,false_positive_llm_extra_code_not_in_phy,01-01-04,556
Evaluation 3: EXP2 vs EXP1 vs PHY,EXP2,EXP2_pooled_any_type vs PHY_pooled_any_type,full,false_positive_llm_extra_code_not_in_phy,03-01-01,349
Evaluation 3: EXP2 vs EXP1 vs PHY,EXP2,EXP2_pooled_any_type vs PHY_pooled_any_type,full,false_positive_llm_extra_code_not_in_phy,01-05-00,326
Evaluation 3: EXP2 vs EXP1 vs PHY,EXP2,EXP2_pooled_any_type vs PHY_pooled_any_type,full,false_positive_llm_extra_code_not_in_phy,03-02-00,294
Evaluation 3: EXP2 vs EXP1 vs PHY,EXP2,EXP2_pooled_any_type vs PHY_pooled_any_type,full,false_positive_llm_extra_code_not_in_phy,01-01-01,269
Evaluation 3: EXP2 vs EXP1 vs PHY,EXP2,EXP2_pooled_any_type vs PHY_pooled_any_type,full,false_positive_llm_extra_code_not_in_phy,01-04-01,244
Evaluation 3: EXP2 vs EXP1 vs PHY,EXP2,EXP2_pooled_any_type vs PHY_pooled_any_type,full,false_positive_llm_extra_code_not_in_phy,01-01-05,232
Evaluation 3: EXP2 vs EXP1 vs PHY,EXP2,EXP2_pooled_any_type vs PHY_pooled_any_type,full,false_positive_llm_extra_code_not_in_phy,03-04-99,203
Evaluation 3: EXP2 vs EXP1 vs PHY,EXP2,EXP2_pooled_any_type vs PHY_pooled_any_type,full,false_positive_llm_extra_code_not_in_phy,03-07-01,151
Evaluation 3: EXP2 vs EXP1 vs PHY,EXP2,EXP2_pooled_any_type vs PHY_pooled_any_type,full,false_positive_llm_extra_code_not_in_phy,01-01-02,140
Evaluation 3: EXP2 vs EXP1 vs PHY,EXP2,EXP2_pooled_any_type vs PHY_pooled_any_type,full,false_positive_llm_extra_code_not_in_phy,03-03-99,139
Evaluation 3: EXP2 vs EXP1 vs PHY,EXP2,EXP2_pooled_any_type vs PHY_pooled_any_type,full,false_positive_llm_extra_code_not_in_phy,04-99-00,133
Evaluation 3: EXP2 vs EXP1 vs PHY,EXP2,EXP2_pooled_any_type vs PHY_pooled_any_type,full,false_positive_llm_extra_code_not_in_phy,03-03-03,123
Evaluation 3: EXP2 vs EXP1 vs PHY,EXP2,EXP2_pooled_any_type vs PHY_pooled_any_type,full,false_positive_llm_extra_code_not_in_phy,01-99-00,119
Evaluation 3: EXP2 vs EXP1 vs PHY,EXP2,EXP2_pooled_any_type vs PHY_pooled_any_type,full,false_positive_llm_extra_code_not_in_phy,03-03-00,114
Evaluation 3: EXP2 vs EXP1 vs PHY,EXP2,EXP2_pooled_any_type vs PHY_pooled_any_type,full,false_positive_llm_extra_code_not_in_phy,03-03-02,111
Evaluation 3: EXP2 vs EXP1 vs PHY,EXP2,EXP2_pooled_any_type vs PHY_pooled_any_type,full,false_positive_llm_extra_code_not_in_phy,05-00-00,111
Evaluation 3: EXP2 vs EXP1 vs PHY,EXP2,EXP2_pooled_any_type vs PHY_pooled_any_type,full,false_positive_llm_extra_code_not_in_phy,03-06-99,104
Evaluation 3: EXP2 vs EXP1 vs PHY,EXP2,EXP2_pooled_any_type vs PHY_pooled_any_type,full,false_positive_llm_extra_code_not_in_phy,01-04-02,104
Evaluation 3: EXP2 vs EXP1 vs PHY,EXP2,EXP2_pooled_any_type vs PHY_pooled_any_type,full,false_positive_llm_extra_code_not_in_phy,03-04-02,100
Evaluation 3: EXP2 vs EXP1 vs PHY,EXP2,EXP2_pooled_any_type vs PHY_pooled_any_type,full,false_positive_llm_extra_code_not_in_phy,01-01-06,97
Evaluation 3: EXP2 vs EXP1 vs PHY,EXP2,EXP2_pooled_any_type vs PHY_pooled_any_type,full,false_positive_llm_extra_code_not_in_phy,03-01-99,94
Evaluation 3: EXP2 vs EXP1 vs PHY,EXP2,EXP2_pooled_any_type vs PHY_pooled_any_type,full,false_positive_llm_extra_code_not_in_phy,03-01-02,91
Evaluation 3: EXP2 vs EXP1 vs PHY,EXP2,EXP2_pooled_any_type vs PHY_pooled_any_type,full,false_positive_llm_extra_code_not_in_phy,03-01-04,82
Evaluation 3: EXP2 vs EXP1 vs PHY,EXP2,EXP2_pooled_any_type vs PHY_pooled_any_type,full,false_positive_llm_extra_code_not_in_phy,01-01-99,78
Evaluation 3: EXP2 vs EXP1 vs PHY,EXP2,EXP2_pooled_any_type vs PHY_pooled_any_type,full,false_positive_llm_extra_code_not_in_phy,03-99-00,75
Evaluation 3: EXP2 vs EXP1 vs PHY,EXP2,EXP2_pooled_any_type vs PHY_pooled_any_type,full,false_positive_llm_extra_code_not_in_phy,03-05-01,69
Evaluation 3: EXP2 vs EXP1 vs PHY,EXP2,EXP2_pooled_any_type vs PHY_pooled_any_type,full,false_positive_llm_extra_code_not_in_phy,03-02-02,67
Evaluation 3: EXP2 vs EXP1 vs PHY,EXP2,EXP2_pooled_any_type vs PHY_pooled_any_type,full,false_positive_llm_extra_code_not_in_phy,05-05-00,52
Evaluation 3: EXP2 vs EXP1 vs PHY,EXP2,EXP2_pooled_any_type vs PHY_pooled_any_type,full,false_positive_llm_extra_code_not_in_phy,03-07-99,49
Evaluation 3: EXP2 vs EXP1 vs PHY,EXP2,EXP2_pooled_any_type vs PHY_pooled_any_type,full,false_positive_llm_extra_code_not_in_phy,03-02-99,47
Evaluation 3: EXP2 vs EXP1 vs PHY,EXP2,EXP2_pooled_any_type vs PHY_pooled_any_type,full,false_positive_llm_extra_code_not_in_phy,03-06-04,45
Evaluation 3: EXP2 vs EXP1 vs PHY,EXP2,EXP2_pooled_any_type vs PHY_pooled_any_type,full,false_positive_llm_extra_code_not_in_phy,03-01-03,44
Evaluation 3: EXP2 vs EXP1 vs PHY,EXP2,EXP2_pooled_any_type vs PHY_pooled_any_type,full,false_positive_llm_extra_code_not_in_phy,05-06-00,42
Evaluation 3: EXP2 vs EXP1 vs PHY,EXP2,EXP2_pooled_any_type vs PHY_pooled_any_type,full,false_positive_llm_extra_code_not_in_phy,03-02-01,40
Evaluation 3: EXP2 vs EXP1 vs PHY,EXP2,EXP2_pooled_any_type vs PHY_pooled_any_type,full,false_positive_llm_extra_code_not_in_phy,05-08-00,39
Evaluation 3: EXP2 vs EXP1 vs PHY,EXP2,EXP2_pooled_any_type vs PHY_pooled_any_type,full,false_positive_llm_extra_code_not_in_phy,04-09-00,35
Evaluation 3: EXP2 vs EXP1 vs PHY,EXP2,EXP2_pooled_any_type vs PHY_pooled_any_type,full,false_positive_llm_extra_code_not_in_phy,03-03-01,31
Evaluation 3: EXP2 vs EXP1 vs PHY,EXP2,EXP2_pooled_any_type vs PHY_pooled_any_type,full,false_positive_llm_extra_code_not_in_phy,02-04-00,31
Evaluation 3: EXP2 vs EXP1 vs PHY,EXP2,EXP2_pooled_any_type vs PHY_pooled_any_type,full,false_positive_llm_extra_code_not_in_phy,04-00-00,28
Evaluation 3: EXP2 vs EXP1 vs PHY,EXP2,EXP2_pooled_any_type vs PHY_pooled_any_type,full,false_positive_llm_extra_code_not_in_phy,01-04-00,27
Evaluation 3: EXP2 vs EXP1 vs PHY,EXP2,EXP2_pooled_any_type vs PHY_pooled_any_type,full,false_positive_llm_extra_code_not_in_phy,02-99-00,26
Evaluation 3: EXP2 vs EXP1 vs PHY,EXP2,EXP2_pooled_any_type vs PHY_pooled_any_type,full,false_positive_llm_extra_code_not_in_phy,03-01-00,25
Evaluation 3: EXP2 vs EXP1 vs PHY,EXP2,EXP2_pooled_any_type vs PHY_pooled_any_type,full,false_positive_llm_extra_code_not_in_phy,03-08-99,24
Evaluation 3: EXP2 vs EXP1 vs PHY,EXP2,EXP2_pooled_any_type vs PHY_pooled_any_type,full,false_positive_llm_extra_code_not_in_phy,03-06-00,23
Evaluation 3: EXP2 vs EXP1 vs PHY,EXP2,EXP2_pooled_any_type vs PHY_pooled_any_type,full,false_positive_llm_extra_code_not_in_phy,01-03-00,23
Evaluation 3: EXP2 vs EXP1 vs PHY,EXP2,EXP2_pooled_any_type vs PHY_pooled_any_type,full,false_positive_llm_extra_code_not_in_phy,03-04-00,22
Evaluation 3: EXP2 vs EXP1 vs PHY,EXP2,EXP2_pooled_any_type vs PHY_pooled_any_type,full,false_positive_llm_extra_code_not_in_phy,01-01-03,21
Evaluation 3: EXP2 vs EXP1 vs PHY,EXP2,EXP2_pooled_any_type vs PHY_pooled_any_type,full,false_positive_llm_extra_code_not_in_phy,01-04-03,20
Evaluation 3: EXP2 vs EXP1 vs PHY,EXP2,EXP2_pooled_any_type vs PHY_pooled_any_type,full,false_positive_llm_extra_code_not_in_phy,03-07-00,19
Evaluation 3: EXP2 vs EXP1 vs PHY,EXP2,EXP2_pooled_any_type vs PHY_pooled_any_type,full,false_positive_llm_extra_code_not_in_phy,05-03-00,18
Evaluation 3: EXP2 vs EXP1 vs PHY,EXP2,EXP2_pooled_any_type vs PHY_pooled_any_type,full,false_positive_llm_extra_code_not_in_phy,05-99-00,14
Evaluation 3: EXP2 vs EXP1 vs PHY,EXP2,EXP2_pooled_any_type vs PHY_pooled_any_type,full,false_positive_llm_extra_code_not_in_phy,03-06-07,13
Evaluation 3: EXP2 vs EXP1 vs PHY,EXP2,EXP2_pooled_any_type vs PHY_pooled_any_type,full,false_positive_llm_extra_code_not_in_phy,03-04-01,13
Evaluation 3: EXP2 vs EXP1 vs PHY,EXP2,EXP2_pooled_any_type vs PHY_pooled_any_type,full,false_positive_llm_extra_code_not_in_phy,04-06-00,12
Evaluation 3: EXP2 vs EXP1 vs PHY,EXP2,EXP2_pooled_any_type vs PHY_pooled_any_type,full,false_positive_llm_extra_code_not_in_phy,00-04-00,10
Evaluation 3: EXP2 vs EXP1 vs PHY,EXP2,EXP2_pooled_any_type vs PHY_pooled_any_type,full,false_positive_llm_extra_code_not_in_phy,02-00-00,10
Evaluation 3: EXP2 vs EXP1 vs PHY,EXP2,EXP2_pooled_any_type vs PHY_pooled_any_type,full,false_positive_llm_extra_code_not_in_phy,03-06-01,8
Evaluation 3: EXP2 vs EXP1 vs PHY,EXP2,EXP2_pooled_any_type vs PHY_pooled_any_type,full,false_positive_llm_extra_code_not_in_phy,00-03-00,8
Evaluation 3: EXP2 vs EXP1 vs PHY,EXP2,EXP2_pooled_any_type vs PHY_pooled_any_type,full,false_positive_llm_extra_code_not_in_phy,04-02-00,8
Evaluation 3: EXP2 vs EXP1 vs PHY,EXP2,EXP2_pooled_any_type vs PHY_pooled_any_type,full,false_positive_llm_extra_code_not_in_phy,04-08-00,8
Evaluation 3: EXP2 vs EXP1 vs PHY,EXP2,EXP2_pooled_any_type vs PHY_pooled_any_type,full,false_positive_llm_extra_code_not_in_phy,03-08-01,7
Evaluation 3: EXP2 vs EXP1 vs PHY,EXP2,EXP2_pooled_any_type vs PHY_pooled_any_type,full,false_positive_llm_extra_code_not_in_phy,03-09-99,7
Evaluation 3: EXP2 vs EXP1 vs PHY,EXP2,EXP2_pooled_any_type vs PHY_pooled_any_type,full,false_positive_llm_extra_code_not_in_phy,03-06-06,7
Evaluation 3: EXP2 vs EXP1 vs PHY,EXP2,EXP2_pooled_any_type vs PHY_pooled_any_type,full,false_positive_llm_extra_code_not_in_phy,01-04-99,6
Evaluation 3: EXP2 vs EXP1 vs PHY,EXP2,EXP2_pooled_any_type vs PHY_pooled_any_type,full,false_positive_llm_extra_code_not_in_phy,02-05-00,5
Evaluation 3: EXP2 vs EXP1 vs PHY,EXP2,EXP2_pooled_any_type vs PHY_pooled_any_type,full,false_positive_llm_extra_code_not_in_phy,04-05-00,5
Evaluation 3: EXP2 vs EXP1 vs PHY,EXP2,EXP2_pooled_any_type vs PHY_pooled_any_type,full,false_positive_llm_extra_code_not_in_phy,03-05-99,4
Evaluation 3: EXP2 vs EXP1 vs PHY,EXP2,EXP2_pooled_any_type vs PHY_pooled_any_type,full,false_positive_llm_extra_code_not_in_phy,00-01-00,4
Evaluation 3: EXP2 vs EXP1 vs PHY,EXP2,EXP2_pooled_any_type vs PHY_pooled_any_type,full,false_positive_llm_extra_code_not_in_phy,03-06-02,4
Evaluation 3: EXP2 vs EXP1 vs PHY,EXP2,EXP2_pooled_any_type vs PHY_pooled_any_type,full,false_positive_llm_extra_code_not_in_phy,04-07-00,3
Evaluation 3: EXP2 vs EXP1 vs PHY,EXP2,EXP2_pooled_any_type vs PHY_pooled_any_type,full,false_positive_llm_extra_code_not_in_phy,05-04-00,3
Evaluation 3: EXP2 vs EXP1 vs PHY,EXP2,EXP2_pooled_any_type vs PHY_pooled_any_type,full,false_positive_llm_extra_code_not_in_phy,04-01-00,2
Evaluation 3: EXP2 vs EXP1 vs PHY,EXP2,EXP2_pooled_any_type vs PHY_pooled_any_type,full,false_positive_llm_extra_code_not_in_phy,03-05-00,2
Evaluation 3: EXP2 vs EXP1 vs PHY,EXP2,EXP2_pooled_any_type vs PHY_pooled_any_type,full,false_positive_llm_extra_code_not_in_phy,03-06-03,2
Evaluation 3: EXP2 vs EXP1 vs PHY,EXP2,EXP2_pooled_any_type vs PHY_pooled_any_type,full,false_positive_llm_extra_code_not_in_phy,03-09-00,1
Evaluation 3: EXP2 vs EXP1 vs PHY,EXP2,EXP2_pooled_any_type vs PHY_pooled_any_type,full,false_positive_llm_extra_code_not_in_phy,03-06-05,1
Evaluation 3: EXP2 vs EXP1 vs PHY,EXP2,EXP2_pooled_any_type vs PHY_pooled_any_type,full,false_positive_llm_extra_code_not_in_phy,01-00-00,1
Evaluation 3: EXP2 vs EXP1 vs PHY,EXP2,EXP2_pooled_any_type vs PHY_pooled_any_type,full,false_positive_llm_extra_code_not_in_phy,99-00-00,1
Evaluation 3: EXP2 vs EXP1 vs PHY,EXP2,EXP2_pooled_any_type vs PHY_pooled_any_type,full,false_positive_llm_extra_code_not_in_phy,02-01-00,1
Evaluation 3: EXP2 vs EXP1 vs PHY,EXP2,EXP2_pooled_any_type vs PHY_pooled_any_type,full,false_positive_llm_extra_code_not_in_phy,01-09-01,1
Evaluation 3: EXP2 vs EXP1 vs PHY,EXP2,EXP2_pooled_any_type vs PHY_pooled_any_type,full,false_positive_llm_extra_code_not_in_phy,02-03-00,1
Evaluation 3: EXP2 vs EXP1 vs PHY,EXP2,EXP2_pooled_any_type vs PHY_pooled_any_type,full,false_positive_llm_extra_code_not_in_phy,05-02-00,1
Evaluation 3: EXP2 vs EXP1 vs PHY,EXP2,EXP2_pooled_any_type vs PHY_pooled_any_type,full,false_positive_llm_extra_code_not_in_phy,01-06-00,1
Evaluation 3: EXP2 vs EXP1 vs PHY,EXP2,EXP2_pooled_any_type vs PHY_pooled_any_type,full,false_positive_llm_extra_code_not_in_phy,05-09-00,1
Evaluation 3: EXP2 vs EXP1 vs PHY,EXP2,EXP2_pooled_any_type vs PHY_pooled_any_type,full,false_positive_llm_extra_code_not_in_phy,02-06-00,1
Evaluation 3: EXP2 vs EXP1 vs PHY,EXP2,EXP2_pooled_any_type vs PHY_pooled_any_type,full,false_positive_llm_extra_code_not_in_phy,02-02-00,1
Evaluation 3: EXP2 vs EXP1 vs PHY,EXP2,EXP2_pooled_any_type vs PHY_pooled_any_type,full,true_positive_code_found_by_both,01-04-02,629
Evaluation 3: EXP2 vs EXP1 vs PHY,EXP2,EXP2_pooled_any_type vs PHY_pooled_any_type,full,true_positive_code_found_by_both,03-01-01,195
Evaluation 3: EXP2 vs EXP1 vs PHY,EXP2,EXP2_pooled_any_type vs PHY_pooled_any_type,full,true_positive_code_found_by_both,01-01-04,192
Evaluation 3: EXP2 vs EXP1 vs PHY,EXP2,EXP2_pooled_any_type vs PHY_pooled_any_type,full,true_positive_code_found_by_both,03-01-04,155
Evaluation 3: EXP2 vs EXP1 vs PHY,EXP2,EXP2_pooled_any_type vs PHY_pooled_any_type,full,true_positive_code_found_by_both,03-01-02,116
Evaluation 3: EXP2 vs EXP1 vs PHY,EXP2,EXP2_pooled_any_type vs PHY_pooled_any_type,full,true_positive_code_found_by_both,01-01-01,116
Evaluation 3: EXP2 vs EXP1 vs PHY,EXP2,EXP2_pooled_any_type vs PHY_pooled_any_type,full,true_positive_code_found_by_both,01-01-00,115
Evaluation 3: EXP2 vs EXP1 vs PHY,EXP2,EXP2_pooled_any_type vs PHY_pooled_any_type,full,true_positive_code_found_by_both,03-05-01,106
Evaluation 3: EXP2 vs EXP1 vs PHY,EXP2,EXP2_pooled_any_type vs PHY_pooled_any_type,full,true_positive_code_found_by_both,05-05-00,91
Evaluation 3: EXP2 vs EXP1 vs PHY,EXP2,EXP2_pooled_any_type vs PHY_pooled_any_type,full,true_positive_code_found_by_both,05-06-00,67
Evaluation 3: EXP2 vs EXP1 vs PHY,EXP2,EXP2_pooled_any_type vs PHY_pooled_any_type,full,true_positive_code_found_by_both,05-03-00,52
Evaluation 3: EXP2 vs EXP1 vs PHY,EXP2,EXP2_pooled_any_type vs PHY_pooled_any_type,full,true_positive_code_found_by_both,01-04-01,51
Evaluation 3: EXP2 vs EXP1 vs PHY,EXP2,EXP2_pooled_any_type vs PHY_pooled_any_type,full,true_positive_code_found_by_both,03-08-00,51
Evaluation 3: EXP2 vs EXP1 vs PHY,EXP2,EXP2_pooled_any_type vs PHY_pooled_any_type,full,true_positive_code_found_by_both,01-01-02,47
Evaluation 3: EXP2 vs EXP1 vs PHY,EXP2,EXP2_pooled_any_type vs PHY_pooled_any_type,full,true_positive_code_found_by_both,03-09-01,44
Evaluation 3: EXP2 vs EXP1 vs PHY,EXP2,EXP2_pooled_any_type vs PHY_pooled_any_type,full,true_positive_code_found_by_both,01-05-00,43
Evaluation 3: EXP2 vs EXP1 vs PHY,EXP2,EXP2_pooled_any_type vs PHY_pooled_any_type,full,true_positive_code_found_by_both,04-01-00,42
Evaluation 3: EXP2 vs EXP1 vs PHY,EXP2,EXP2_pooled_any_type vs PHY_pooled_any_type,full,true_positive_code_found_by_both,03-04-02,40
Evaluation 3: EXP2 vs EXP1 vs PHY,EXP2,EXP2_pooled_any_type vs PHY_pooled_any_type,full,true_positive_code_found_by_both,01-01-05,37
Evaluation 3: EXP2 vs EXP1 vs PHY,EXP2,EXP2_pooled_any_type vs PHY_pooled_any_type,full,true_positive_code_found_by_both,03-06-02,32
Evaluation 3: EXP2 vs EXP1 vs PHY,EXP2,EXP2_pooled_any_type vs PHY_pooled_any_type,full,true_positive_code_found_by_both,03-03-02,32
Evaluation 3: EXP2 vs EXP1 vs PHY,EXP2,EXP2_pooled_any_type vs PHY_pooled_any_type,full,true_positive_code_found_by_both,03-03-03,26
Evaluation 3: EXP2 vs EXP1 vs PHY,EXP2,EXP2_pooled_any_type vs PHY_pooled_any_type,full,true_positive_code_found_by_both,03-02-02,26
Evaluation 3: EXP2 vs EXP1 vs PHY,EXP2,EXP2_pooled_any_type vs PHY_pooled_any_type,full,true_positive_code_found_by_both,04-03-00,26
Evaluation 3: EXP2 vs EXP1 vs PHY,EXP2,EXP2_pooled_any_type vs PHY_pooled_any_type,full,true_positive_code_found_by_both,04-08-00,18
Evaluation 3: EXP2 vs EXP1 vs PHY,EXP2,EXP2_pooled_any_type vs PHY_pooled_any_type,full,true_positive_code_found_by_both,03-07-01,15
Evaluation 3: EXP2 vs EXP1 vs PHY,EXP2,EXP2_pooled_any_type vs PHY_pooled_any_type,full,true_positive_code_found_by_both,04-05-00,15
Evaluation 3: EXP2 vs EXP1 vs PHY,EXP2,EXP2_pooled_any_type vs PHY_pooled_any_type,full,true_positive_code_found_by_both,03-03-00,14
Evaluation 3: EXP2 vs EXP1 vs PHY,EXP2,EXP2_pooled_any_type vs PHY_pooled_any_type,full,true_positive_code_found_by_both,04-06-00,13
Evaluation 3: EXP2 vs EXP1 vs PHY,EXP2,EXP2_pooled_any_type vs PHY_pooled_any_type,full,true_positive_code_found_by_both,03-06-00,12
Evaluation 3: EXP2 vs EXP1 vs PHY,EXP2,EXP2_pooled_any_type vs PHY_pooled_any_type,full,true_positive_code_found_by_both,04-02-00,11
Evaluation 3: EXP2 vs EXP1 vs PHY,EXP2,EXP2_pooled_any_type vs PHY_pooled_any_type,full,true_positive_code_found_by_both,02-03-00,10
Evaluation 3: EXP2 vs EXP1 vs PHY,EXP2,EXP2_pooled_any_type vs PHY_pooled_any_type,full,true_positive_code_found_by_both,01-01-06,9
Evaluation 3: EXP2 vs EXP1 vs PHY,EXP2,EXP2_pooled_any_type vs PHY_pooled_any_type,full,true_positive_code_found_by_both,05-00-00,8
Evaluation 3: EXP2 vs EXP1 vs PHY,EXP2,EXP2_pooled_any_type vs PHY_pooled_any_type,full,true_positive_code_found_by_both,03-06-01,7
Evaluation 3: EXP2 vs EXP1 vs PHY,EXP2,EXP2_pooled_any_type vs PHY_pooled_any_type,full,true_positive_code_found_by_both,03-06-04,6
Evaluation 3: EXP2 vs EXP1 vs PHY,EXP2,EXP2_pooled_any_type vs PHY_pooled_any_type,full,true_positive_code_found_by_both,03-06-05,5
Evaluation 3: EXP2 vs EXP1 vs PHY,EXP2,EXP2_pooled_any_type vs PHY_pooled_any_type,full,true_positive_code_found_by_both,03-01-03,5
Evaluation 3: EXP2 vs EXP1 vs PHY,EXP2,EXP2_pooled_any_type vs PHY_pooled_any_type,full,true_positive_code_found_by_both,03-06-03,5
Evaluation 3: EXP2 vs EXP1 vs PHY,EXP2,EXP2_pooled_any_type vs PHY_pooled_any_type,full,true_positive_code_found_by_both,02-05-00,5
Evaluation 3: EXP2 vs EXP1 vs PHY,EXP2,EXP2_pooled_any_type vs PHY_pooled_any_type,full,true_positive_code_found_by_both,03-01-00,4
Evaluation 3: EXP2 vs EXP1 vs PHY,EXP2,EXP2_pooled_any_type vs PHY_pooled_any_type,full,true_positive_code_found_by_both,03-02-00,4
Evaluation 3: EXP2 vs EXP1 vs PHY,EXP2,EXP2_pooled_any_type vs PHY_pooled_any_type,full,true_positive_code_found_by_both,04-07-00,4
Evaluation 3: EXP2 vs EXP1 vs PHY,EXP2,EXP2_pooled_any_type vs PHY_pooled_any_type,full,true_positive_code_found_by_both,05-04-00,4
Evaluation 3: EXP2 vs EXP1 vs PHY,EXP2,EXP2_pooled_any_type vs PHY_pooled_any_type,full,true_positive_code_found_by_both,02-00-00,3
Evaluation 3: EXP2 vs EXP1 vs PHY,EXP2,EXP2_pooled_any_type vs PHY_pooled_any_type,full,true_positive_code_found_by_both,03-03-01,3
Evaluation 3: EXP2 vs EXP1 vs PHY,EXP2,EXP2_pooled_any_type vs PHY_pooled_any_type,full,true_positive_code_found_by_both,01-03-00,3
Evaluation 3: EXP2 vs EXP1 vs PHY,EXP2,EXP2_pooled_any_type vs PHY_pooled_any_type,full,true_positive_code_found_by_both,05-08-00,3
Evaluation 3: EXP2 vs EXP1 vs PHY,EXP2,EXP2_pooled_any_type vs PHY_pooled_any_type,full,true_positive_code_found_by_both,01-07-00,2
Evaluation 3: EXP2 vs EXP1 vs PHY,EXP2,EXP2_pooled_any_type vs PHY_pooled_any_type,full,true_positive_code_found_by_both,02-02-00,2
Evaluation 3: EXP2 vs EXP1 vs PHY,EXP2,EXP2_pooled_any_type vs PHY_pooled_any_type,full,true_positive_code_found_by_both,02-04-00,1
Evaluation 3: EXP2 vs EXP1 vs PHY,EXP2,EXP2_pooled_any_type vs PHY_pooled_any_type,full,true_positive_code_found_by_both,01-04-03,1
Evaluation 3: EXP2 vs EXP1 vs PHY,EXP2,EXP2_pooled_any_type vs PHY_pooled_any_type,full,true_positive_code_found_by_both,01-04-00,1
Evaluation 3: EXP2 vs EXP1 vs PHY,EXP2,EXP2_pooled_any_type vs PHY_pooled_any_type,full,true_positive_code_found_by_both,03-07-00,1
Evaluation 3: EXP2 vs EXP1 vs PHY,EXP2,EXP2_pooled_any_type vs PHY_pooled_any_type,full,true_positive_code_found_by_both,04-00-00,1
Evaluation 3: EXP2 vs EXP1 vs PHY,EXP2,EXP2_pooled_any_type vs PHY_pooled_any_type,full,true_positive_code_found_by_both,03-06-06,1
Evaluation 3: EXP2 vs EXP1 vs PHY,EXP2,EXP2_pooled_any_type vs PHY_pooled_any_type,full,true_positive_code_found_by_both,03-02-01,1
Evaluation 3: EXP2 vs EXP1 vs PHY,EXP2,EXP2_pooled_any_type vs PHY_pooled_any_type,full,true_positive_code_found_by_both,04-04-00,1
Evaluation 3: EXP2 vs EXP1 vs PHY,EXP2,EXP2_pooled_any_type vs PHY_pooled_any_type,level1,false_negative_phy_code_missed_by_llm,05,107
Evaluation 3: EXP2 vs EXP1 vs PHY,EXP2,EXP2_pooled_any_type vs PHY_pooled_any_type,level1,false_negative_phy_code_missed_by_llm,03,96
Evaluation 3: EXP2 vs EXP1 vs PHY,EXP2,EXP2_pooled_any_type vs PHY_pooled_any_type,level1,false_negative_phy_code_missed_by_llm,01,82
Evaluation 3: EXP2 vs EXP1 vs PHY,EXP2,EXP2_pooled_any_type vs PHY_pooled_any_type,level1,false_negative_phy_code_missed_by_llm,04,60
Evaluation 3: EXP2 vs EXP1 vs PHY,EXP2,EXP2_pooled_any_type vs PHY_pooled_any_type,level1,false_negative_phy_code_missed_by_llm,02,8
Evaluation 3: EXP2 vs EXP1 vs PHY,EXP2,EXP2_pooled_any_type vs PHY_pooled_any_type,level1,false_positive_llm_extra_code_not_in_phy,03,1229
Evaluation 3: EXP2 vs EXP1 vs PHY,EXP2,EXP2_pooled_any_type vs PHY_pooled_any_type,level1,false_positive_llm_extra_code_not_in_phy,01,680
Evaluation 3: EXP2 vs EXP1 vs PHY,EXP2,EXP2_pooled_any_type vs PHY_pooled_any_type,level1,false_positive_llm_extra_code_not_in_phy,00,634
Evaluation 3: EXP2 vs EXP1 vs PHY,EXP2,EXP2_pooled_any_type vs PHY_pooled_any_type,level1,false_positive_llm_extra_code_not_in_phy,04,67
Evaluation 3: EXP2 vs EXP1 vs PHY,EXP2,EXP2_pooled_any_type vs PHY_pooled_any_type,level1,false_positive_llm_extra_code_not_in_phy,02,42
Evaluation 3: EXP2 vs EXP1 vs PHY,EXP2,EXP2_pooled_any_type vs PHY_pooled_any_type,level1,false_positive_llm_extra_code_not_in_phy,05,13
Evaluation 3: EXP2 vs EXP1 vs PHY,EXP2,EXP2_pooled_any_type vs PHY_pooled_any_type,level1,false_positive_llm_extra_code_not_in_phy,99,1
Evaluation 3: EXP2 vs EXP1 vs PHY,EXP2,EXP2_pooled_any_type vs PHY_pooled_any_type,level1,true_positive_code_found_by_both,01,1780
Evaluation 3: EXP2 vs EXP1 vs PHY,EXP2,EXP2_pooled_any_type vs PHY_pooled_any_type,level1,true_positive_code_found_by_both,03,1257
Evaluation 3: EXP2 vs EXP1 vs PHY,EXP2,EXP2_pooled_any_type vs PHY_pooled_any_type,level1,true_positive_code_found_by_both,05,406
Evaluation 3: EXP2 vs EXP1 vs PHY,EXP2,EXP2_pooled_any_type vs PHY_pooled_any_type,level1,true_positive_code_found_by_both,04,231
Evaluation 3: EXP2 vs EXP1 vs PHY,EXP2,EXP2_pooled_any_type vs PHY_pooled_any_type,level1,true_positive_code_found_by_both,02,49
Evaluation 3: EXP2 vs EXP1 vs PHY,EXP2,EXP2_pooled_any_type vs PHY_pooled_any_type,level2,false_negative_phy_code_missed_by_llm,01-04,184
Evaluation 3: EXP2 vs EXP1 vs PHY,EXP2,EXP2_pooled_any_type vs PHY_pooled_any_type,level2,false_negative_phy_code_missed_by_llm,05-05,119
Evaluation 3: EXP2 vs EXP1 vs PHY,EXP2,EXP2_pooled_any_type vs PHY_pooled_any_type,level2,false_negative_phy_code_missed_by_llm,05-03,98
Evaluation 3: EXP2 vs EXP1 vs PHY,EXP2,EXP2_pooled_any_type vs PHY_pooled_any_type,level2,false_negative_phy_code_missed_by_llm,03-06,84
Evaluation 3: EXP2 vs EXP1 vs PHY,EXP2,EXP2_pooled_any_type vs PHY_pooled_any_type,level2,false_negative_phy_code_missed_by_llm,01-01,75
Evaluation 3: EXP2 vs EXP1 vs PHY,EXP2,EXP2_pooled_any_type vs PHY_pooled_any_type,level2,false_negative_phy_code_missed_by_llm,03-01,68
Evaluation 3: EXP2 vs EXP1 vs PHY,EXP2,EXP2_pooled_any_type vs PHY_pooled_any_type,level2,false_negative_phy_code_missed_by_llm,03-03,66
Evaluation 3: EXP2 vs EXP1 vs PHY,EXP2,EXP2_pooled_any_type vs PHY_pooled_any_type,level2,false_negative_phy_code_missed_by_llm,03-00,53
Evaluation 3: EXP2 vs EXP1 vs PHY,EXP2,EXP2_pooled_any_type vs PHY_pooled_any_type,level2,false_negative_phy_code_missed_by_llm,05-06,50
Evaluation 3: EXP2 vs EXP1 vs PHY,EXP2,EXP2_pooled_any_type vs PHY_pooled_any_type,level2,false_negative_phy_code_missed_by_llm,01-00,46
Evaluation 3: EXP2 vs EXP1 vs PHY,EXP2,EXP2_pooled_any_type vs PHY_pooled_any_type,level2,false_negative_phy_code_missed_by_llm,04-05,42
Evaluation 3: EXP2 vs EXP1 vs PHY,EXP2,EXP2_pooled_any_type vs PHY_pooled_any_type,level2,false_negative_phy_code_missed_by_llm,04-00,33
Evaluation 3: EXP2 vs EXP1 vs PHY,EXP2,EXP2_pooled_any_type vs PHY_pooled_any_type,level2,false_negative_phy_code_missed_by_llm,04-03,32
Evaluation 3: EXP2 vs EXP1 vs PHY,EXP2,EXP2_pooled_any_type vs PHY_pooled_any_type,level2,false_negative_phy_code_missed_by_llm,04-01,30
Evaluation 3: EXP2 vs EXP1 vs PHY,EXP2,EXP2_pooled_any_type vs PHY_pooled_any_type,level2,false_negative_phy_code_missed_by_llm,03-04,28
Evaluation 3: EXP2 vs EXP1 vs PHY,EXP2,EXP2_pooled_any_type vs PHY_pooled_any_type,level2,false_negative_phy_code_missed_by_llm,05-04,25
Evaluation 3: EXP2 vs EXP1 vs PHY,EXP2,EXP2_pooled_any_type vs PHY_pooled_any_type,level2,false_negative_phy_code_missed_by_llm,03-09,23
Evaluation 3: EXP2 vs EXP1 vs PHY,EXP2,EXP2_pooled_any_type vs PHY_pooled_any_type,level2,false_negative_phy_code_missed_by_llm,01-03,16
Evaluation 3: EXP2 vs EXP1 vs PHY,EXP2,EXP2_pooled_any_type vs PHY_pooled_any_type,level2,false_negative_phy_code_missed_by_llm,03-02,16
Evaluation 3: EXP2 vs EXP1 vs PHY,EXP2,EXP2_pooled_any_type vs PHY_pooled_any_type,level2,false_negative_phy_code_missed_by_llm,05-00,16
Evaluation 3: EXP2 vs EXP1 vs PHY,EXP2,EXP2_pooled_any_type vs PHY_pooled_any_type,level2,false_negative_phy_code_missed_by_llm,03-08,14
Evaluation 3: EXP2 vs EXP1 vs PHY,EXP2,EXP2_pooled_any_type vs PHY_pooled_any_type,level2,false_negative_phy_code_missed_by_llm,01-05,12
Evaluation 3: EXP2 vs EXP1 vs PHY,EXP2,EXP2_pooled_any_type vs PHY_pooled_any_type,level2,false_negative_phy_code_missed_by_llm,04-02,11
Evaluation 3: EXP2 vs EXP1 vs PHY,EXP2,EXP2_pooled_any_type vs PHY_pooled_any_type,level2,false_negative_phy_code_missed_by_llm,02-04,10
Evaluation 3: EXP2 vs EXP1 vs PHY,EXP2,EXP2_pooled_any_type vs PHY_pooled_any_type,level2,false_negative_phy_code_missed_by_llm,04-08,8
Evaluation 3: EXP2 vs EXP1 vs PHY,EXP2,EXP2_pooled_any_type vs PHY_pooled_any_type,level2,false_negative_phy_code_missed_by_llm,02-03,8
Evaluation 3: EXP2 vs EXP1 vs PHY,EXP2,EXP2_pooled_any_type vs PHY_pooled_any_type,level2,false_negative_phy_code_missed_by_llm,02-00,7
Evaluation 3: EXP2 vs EXP1 vs PHY,EXP2,EXP2_pooled_any_type vs PHY_pooled_any_type,level2,false_negative_phy_code_missed_by_llm,03-07,7
Evaluation 3: EXP2 vs EXP1 vs PHY,EXP2,EXP2_pooled_any_type vs PHY_pooled_any_type,level2,false_negative_phy_code_missed_by_llm,02-01,6
Evaluation 3: EXP2 vs EXP1 vs PHY,EXP2,EXP2_pooled_any_type vs PHY_pooled_any_type,level2,false_negative_phy_code_missed_by_llm,03-05,5
Evaluation 3: EXP2 vs EXP1 vs PHY,EXP2,EXP2_pooled_any_type vs PHY_pooled_any_type,level2,false_negative_phy_code_missed_by_llm,04-04,4
Evaluation 3: EXP2 vs EXP1 vs PHY,EXP2,EXP2_pooled_any_type vs PHY_pooled_any_type,level2,false_negative_phy_code_missed_by_llm,02-05,3
Evaluation 3: EXP2 vs EXP1 vs PHY,EXP2,EXP2_pooled_any_type vs PHY_pooled_any_type,level2,false_negative_phy_code_missed_by_llm,02-02,3
Evaluation 3: EXP2 vs EXP1 vs PHY,EXP2,EXP2_pooled_any_type vs PHY_pooled_any_type,level2,false_negative_phy_code_missed_by_llm,05-08,2
Evaluation 3: EXP2 vs EXP1 vs PHY,EXP2,EXP2_pooled_any_type vs PHY_pooled_any_type,level2,false_negative_phy_code_missed_by_llm,04-06,1
Evaluation 3: EXP2 vs EXP1 vs PHY,EXP2,EXP2_pooled_any_type vs PHY_pooled_any_type,level2,false_negative_phy_code_missed_by_llm,01-07,1
Evaluation 3: EXP2 vs EXP1 vs PHY,EXP2,EXP2_pooled_any_type vs PHY_pooled_any_type,level2,false_negative_phy_code_missed_by_llm,02-06,1
Evaluation 3: EXP2 vs EXP1 vs PHY,EXP2,EXP2_pooled_any_type vs PHY_pooled_any_type,level2,false_negative_phy_code_missed_by_llm,04-09,1
Evaluation 3: EXP2 vs EXP1 vs PHY,EXP2,EXP2_pooled_any_type vs PHY_pooled_any_type,level2,false_positive_llm_extra_code_not_in_phy,01-01,1153
Evaluation 3: EXP2 vs EXP1 vs PHY,EXP2,EXP2_pooled_any_type vs PHY_pooled_any_type,level2,false_positive_llm_extra_code_not_in_phy,03-08,819
Evaluation 3: EXP2 vs EXP1 vs PHY,EXP2,EXP2_pooled_any_type vs PHY_pooled_any_type,level2,false_positive_llm_extra_code_not_in_phy,03-09,701
Evaluation 3: EXP2 vs EXP1 vs PHY,EXP2,EXP2_pooled_any_type vs PHY_pooled_any_type,level2,false_positive_llm_extra_code_not_in_phy,00-02,615
Evaluation 3: EXP2 vs EXP1 vs PHY,EXP2,EXP2_pooled_any_type vs PHY_pooled_any_type,level2,false_positive_llm_extra_code_not_in_phy,03-02,416
Evaluation 3: EXP2 vs EXP1 vs PHY,EXP2,EXP2_pooled_any_type vs PHY_pooled_any_type,level2,false_positive_llm_extra_code_not_in_phy,03-01,349
Evaluation 3: EXP2 vs EXP1 vs PHY,EXP2,EXP2_pooled_any_type vs PHY_pooled_any_type,level2,false_positive_llm_extra_code_not_in_phy,03-03,343
Evaluation 3: EXP2 vs EXP1 vs PHY,EXP2,EXP2_pooled_any_type vs PHY_pooled_any_type,level2,false_positive_llm_extra_code_not_in_phy,01-05,326
Evaluation 3: EXP2 vs EXP1 vs PHY,EXP2,EXP2_pooled_any_type vs PHY_pooled_any_type,level2,false_positive_llm_extra_code_not_in_phy,03-04,287
Evaluation 3: EXP2 vs EXP1 vs PHY,EXP2,EXP2_pooled_any_type vs PHY_pooled_any_type,level2,false_positive_llm_extra_code_not_in_phy,03-07,197
Evaluation 3: EXP2 vs EXP1 vs PHY,EXP2,EXP2_pooled_any_type vs PHY_pooled_any_type,level2,false_positive_llm_extra_code_not_in_phy,03-06,148
Evaluation 3: EXP2 vs EXP1 vs PHY,EXP2,EXP2_pooled_any_type vs PHY_pooled_any_type,level2,false_positive_llm_extra_code_not_in_phy,01-04,144
Evaluation 3: EXP2 vs EXP1 vs PHY,EXP2,EXP2_pooled_any_type vs PHY_pooled_any_type,level2,false_positive_llm_extra_code_not_in_phy,04-99,133
Evaluation 3: EXP2 vs EXP1 vs PHY,EXP2,EXP2_pooled_any_type vs PHY_pooled_any_type,level2,false_positive_llm_extra_code_not_in_phy,01-99,119
Evaluation 3: EXP2 vs EXP1 vs PHY,EXP2,EXP2_pooled_any_type vs PHY_pooled_any_type,level2,false_positive_llm_extra_code_not_in_phy,05-00,111
Evaluation 3: EXP2 vs EXP1 vs PHY,EXP2,EXP2_pooled_any_type vs PHY_pooled_any_type,level2,false_positive_llm_extra_code_not_in_phy,03-99,75
Evaluation 3: EXP2 vs EXP1 vs PHY,EXP2,EXP2_pooled_any_type vs PHY_pooled_any_type,level2,false_positive_llm_extra_code_not_in_phy,03-05,73
Evaluation 3: EXP2 vs EXP1 vs PHY,EXP2,EXP2_pooled_any_type vs PHY_pooled_any_type,level2,false_positive_llm_extra_code_not_in_phy,05-05,52
Evaluation 3: EXP2 vs EXP1 vs PHY,EXP2,EXP2_pooled_any_type vs PHY_pooled_any_type,level2,false_positive_llm_extra_code_not_in_phy,05-06,42
Evaluation 3: EXP2 vs EXP1 vs PHY,EXP2,EXP2_pooled_any_type vs PHY_pooled_any_type,level2,false_positive_llm_extra_code_not_in_phy,05-08,39
Evaluation 3: EXP2 vs EXP1 vs PHY,EXP2,EXP2_pooled_any_type vs PHY_pooled_any_type,level2,false_positive_llm_extra_code_not_in_phy,04-09,35
Evaluation 3: EXP2 vs EXP1 vs PHY,EXP2,EXP2_pooled_any_type vs PHY_pooled_any_type,level2,false_positive_llm_extra_code_not_in_phy,02-04,31
Evaluation 3: EXP2 vs EXP1 vs PHY,EXP2,EXP2_pooled_any_type vs PHY_pooled_any_type,level2,false_positive_llm_extra_code_not_in_phy,04-00,28
Evaluation 3: EXP2 vs EXP1 vs PHY,EXP2,EXP2_pooled_any_type vs PHY_pooled_any_type,level2,false_positive_llm_extra_code_not_in_phy,02-99,26
Evaluation 3: EXP2 vs EXP1 vs PHY,EXP2,EXP2_pooled_any_type vs PHY_pooled_any_type,level2,false_positive_llm_extra_code_not_in_phy,01-03,23
Evaluation 3: EXP2 vs EXP1 vs PHY,EXP2,EXP2_pooled_any_type vs PHY_pooled_any_type,level2,false_positive_llm_extra_code_not_in_phy,05-03,18
Evaluation 3: EXP2 vs EXP1 vs PHY,EXP2,EXP2_pooled_any_type vs PHY_pooled_any_type,level2,false_positive_llm_extra_code_not_in_phy,05-99,14
Evaluation 3: EXP2 vs EXP1 vs PHY,EXP2,EXP2_pooled_any_type vs PHY_pooled_any_type,level2,false_positive_llm_extra_code_not_in_phy,04-06,12
Evaluation 3: EXP2 vs EXP1 vs PHY,EXP2,EXP2_pooled_any_type vs PHY_pooled_any_type,level2,false_positive_llm_extra_code_not_in_phy,00-04,10
Evaluation 3: EXP2 vs EXP1 vs PHY,EXP2,EXP2_pooled_any_type vs PHY_pooled_any_type,level2,false_positive_llm_extra_code_not_in_phy,02-00,10
Evaluation 3: EXP2 vs EXP1 vs PHY,EXP2,EXP2_pooled_any_type vs PHY_pooled_any_type,level2,false_positive_llm_extra_code_not_in_phy,00-03,8
Evaluation 3: EXP2 vs EXP1 vs PHY,EXP2,EXP2_pooled_any_type vs PHY_pooled_any_type,level2,false_positive_llm_extra_code_not_in_phy,04-02,8
Evaluation 3: EXP2 vs EXP1 vs PHY,EXP2,EXP2_pooled_any_type vs PHY_pooled_any_type,level2,false_positive_llm_extra_code_not_in_phy,04-08,8
Evaluation 3: EXP2 vs EXP1 vs PHY,EXP2,EXP2_pooled_any_type vs PHY_pooled_any_type,level2,false_positive_llm_extra_code_not_in_phy,02-05,5
Evaluation 3: EXP2 vs EXP1 vs PHY,EXP2,EXP2_pooled_any_type vs PHY_pooled_any_type,level2,false_positive_llm_extra_code_not_in_phy,04-05,5
Evaluation 3: EXP2 vs EXP1 vs PHY,EXP2,EXP2_pooled_any_type vs PHY_pooled_any_type,level2,false_positive_llm_extra_code_not_in_phy,00-01,4
Evaluation 3: EXP2 vs EXP1 vs PHY,EXP2,EXP2_pooled_any_type vs PHY_pooled_any_type,level2,false_positive_llm_extra_code_not_in_phy,04-07,3
Evaluation 3: EXP2 vs EXP1 vs PHY,EXP2,EXP2_pooled_any_type vs PHY_pooled_any_type,level2,false_positive_llm_extra_code_not_in_phy,05-04,3
Evaluation 3: EXP2 vs EXP1 vs PHY,EXP2,EXP2_pooled_any_type vs PHY_pooled_any_type,level2,false_positive_llm_extra_code_not_in_phy,04-01,2
Evaluation 3: EXP2 vs EXP1 vs PHY,EXP2,EXP2_pooled_any_type vs PHY_pooled_any_type,level2,false_positive_llm_extra_code_not_in_phy,01-00,1
Evaluation 3: EXP2 vs EXP1 vs PHY,EXP2,EXP2_pooled_any_type vs PHY_pooled_any_type,level2,false_positive_llm_extra_code_not_in_phy,99-00,1
Evaluation 3: EXP2 vs EXP1 vs PHY,EXP2,EXP2_pooled_any_type vs PHY_pooled_any_type,level2,false_positive_llm_extra_code_not_in_phy,02-01,1
Evaluation 3: EXP2 vs EXP1 vs PHY,EXP2,EXP2_pooled_any_type vs PHY_pooled_any_type,level2,false_positive_llm_extra_code_not_in_phy,01-09,1
Evaluation 3: EXP2 vs EXP1 vs PHY,EXP2,EXP2_pooled_any_type vs PHY_pooled_any_type,level2,false_positive_llm_extra_code_not_in_phy,02-03,1
Evaluation 3: EXP2 vs EXP1 vs PHY,EXP2,EXP2_pooled_any_type vs PHY_pooled_any_type,level2,false_positive_llm_extra_code_not_in_phy,05-02,1
Evaluation 3: EXP2 vs EXP1 vs PHY,EXP2,EXP2_pooled_any_type vs PHY_pooled_any_type,level2,false_positive_llm_extra_code_not_in_phy,01-06,1
Evaluation 3: EXP2 vs EXP1 vs PHY,EXP2,EXP2_pooled_any_type vs PHY_pooled_any_type,level2,false_positive_llm_extra_code_not_in_phy,05-09,1
Evaluation 3: EXP2 vs EXP1 vs PHY,EXP2,EXP2_pooled_any_type vs PHY_pooled_any_type,level2,false_positive_llm_extra_code_not_in_phy,02-06,1
Evaluation 3: EXP2 vs EXP1 vs PHY,EXP2,EXP2_pooled_any_type vs PHY_pooled_any_type,level2,false_positive_llm_extra_code_not_in_phy,02-02,1
Evaluation 3: EXP2 vs EXP1 vs PHY,EXP2,EXP2_pooled_any_type vs PHY_pooled_any_type,level2,true_positive_code_found_by_both,01-01,797
Evaluation 3: EXP2 vs EXP1 vs PHY,EXP2,EXP2_pooled_any_type vs PHY_pooled_any_type,level2,true_positive_code_found_by_both,01-04,753
Evaluation 3: EXP2 vs EXP1 vs PHY,EXP2,EXP2_pooled_any_type vs PHY_pooled_any_type,level2,true_positive_code_found_by_both,03-01,444
Evaluation 3: EXP2 vs EXP1 vs PHY,EXP2,EXP2_pooled_any_type vs PHY_pooled_any_type,level2,true_positive_code_found_by_both,03-03,153
Evaluation 3: EXP2 vs EXP1 vs PHY,EXP2,EXP2_pooled_any_type vs PHY_pooled_any_type,level2,true_positive_code_found_by_both,03-06,120
Evaluation 3: EXP2 vs EXP1 vs PHY,EXP2,EXP2_pooled_any_type vs PHY_pooled_any_type,level2,true_positive_code_found_by_both,03-05,107
Evaluation 3: EXP2 vs EXP1 vs PHY,EXP2,EXP2_pooled_any_type vs PHY_pooled_any_type,level2,true_positive_code_found_by_both,05-05,91
Evaluation 3: EXP2 vs EXP1 vs PHY,EXP2,EXP2_pooled_any_type vs PHY_pooled_any_type,level2,true_positive_code_found_by_both,03-08,69
Evaluation 3: EXP2 vs EXP1 vs PHY,EXP2,EXP2_pooled_any_type vs PHY_pooled_any_type,level2,true_positive_code_found_by_both,05-06,67
Evaluation 3: EXP2 vs EXP1 vs PHY,EXP2,EXP2_pooled_any_type vs PHY_pooled_any_type,level2,true_positive_code_found_by_both,03-04,64
Evaluation 3: EXP2 vs EXP1 vs PHY,EXP2,EXP2_pooled_any_type vs PHY_pooled_any_type,level2,true_positive_code_found_by_both,05-03,52
Evaluation 3: EXP2 vs EXP1 vs PHY,EXP2,EXP2_pooled_any_type vs PHY_pooled_any_type,level2,true_positive_code_found_by_both,03-09,47
Evaluation 3: EXP2 vs EXP1 vs PHY,EXP2,EXP2_pooled_any_type vs PHY_pooled_any_type,level2,true_positive_code_found_by_both,01-05,43
Evaluation 3: EXP2 vs EXP1 vs PHY,EXP2,EXP2_pooled_any_type vs PHY_pooled_any_type,level2,true_positive_code_found_by_both,04-01,42
Evaluation 3: EXP2 vs EXP1 vs PHY,EXP2,EXP2_pooled_any_type vs PHY_pooled_any_type,level2,true_positive_code_found_by_both,03-02,38
Evaluation 3: EXP2 vs EXP1 vs PHY,EXP2,EXP2_pooled_any_type vs PHY_pooled_any_type,level2,true_positive_code_found_by_both,03-07,28
Evaluation 3: EXP2 vs EXP1 vs PHY,EXP2,EXP2_pooled_any_type vs PHY_pooled_any_type,level2,true_positive_code_found_by_both,04-03,26
Evaluation 3: EXP2 vs EXP1 vs PHY,EXP2,EXP2_pooled_any_type vs PHY_pooled_any_type,level2,true_positive_code_found_by_both,04-08,18
Evaluation 3: EXP2 vs EXP1 vs PHY,EXP2,EXP2_pooled_any_type vs PHY_pooled_any_type,level2,true_positive_code_found_by_both,04-05,15
Evaluation 3: EXP2 vs EXP1 vs PHY,EXP2,EXP2_pooled_any_type vs PHY_pooled_any_type,level2,true_positive_code_found_by_both,04-06,13
Evaluation 3: EXP2 vs EXP1 vs PHY,EXP2,EXP2_pooled_any_type vs PHY_pooled_any_type,level2,true_positive_code_found_by_both,04-02,11
Evaluation 3: EXP2 vs EXP1 vs PHY,EXP2,EXP2_pooled_any_type vs PHY_pooled_any_type,level2,true_positive_code_found_by_both,02-03,10
Evaluation 3: EXP2 vs EXP1 vs PHY,EXP2,EXP2_pooled_any_type vs PHY_pooled_any_type,level2,true_positive_code_found_by_both,05-00,8
Evaluation 3: EXP2 vs EXP1 vs PHY,EXP2,EXP2_pooled_any_type vs PHY_pooled_any_type,level2,true_positive_code_found_by_both,02-05,5
Evaluation 3: EXP2 vs EXP1 vs PHY,EXP2,EXP2_pooled_any_type vs PHY_pooled_any_type,level2,true_positive_code_found_by_both,04-07,4
Evaluation 3: EXP2 vs EXP1 vs PHY,EXP2,EXP2_pooled_any_type vs PHY_pooled_any_type,level2,true_positive_code_found_by_both,05-04,4
Evaluation 3: EXP2 vs EXP1 vs PHY,EXP2,EXP2_pooled_any_type vs PHY_pooled_any_type,level2,true_positive_code_found_by_both,02-00,3
Evaluation 3: EXP2 vs EXP1 vs PHY,EXP2,EXP2_pooled_any_type vs PHY_pooled_any_type,level2,true_positive_code_found_by_both,01-03,3
Evaluation 3: EXP2 vs EXP1 vs PHY,EXP2,EXP2_pooled_any_type vs PHY_pooled_any_type,level2,true_positive_code_found_by_both,05-08,3
Evaluation 3: EXP2 vs EXP1 vs PHY,EXP2,EXP2_pooled_any_type vs PHY_pooled_any_type,level2,true_positive_code_found_by_both,01-07,2
Evaluation 3: EXP2 vs EXP1 vs PHY,EXP2,EXP2_pooled_any_type vs PHY_pooled_any_type,level2,true_positive_code_found_by_both,02-02,2
Evaluation 3: EXP2 vs EXP1 vs PHY,EXP2,EXP2_pooled_any_type vs PHY_pooled_any_type,level2,true_positive_code_found_by_both,02-04,1
Evaluation 3: EXP2 vs EXP1 vs PHY,EXP2,EXP2_pooled_any_type vs PHY_pooled_any_type,level2,true_positive_code_found_by_both,04-00,1
Evaluation 3: EXP2 vs EXP1 vs PHY,EXP2,EXP2_pooled_any_type vs PHY_pooled_any_type,level2,true_positive_code_found_by_both,04-04,1
Evaluation 4: EXP2 vs EXP4 vs PHY,EXP2,EXP2_pooled_any_type vs PHY_pooled_any_type,full,false_negative_phy_code_missed_by_llm,01-04-02,199
Evaluation 4: EXP2 vs EXP4 vs PHY,EXP2,EXP2_pooled_any_type vs PHY_pooled_any_type,full,false_negative_phy_code_missed_by_llm,05-05-00,119
Evaluation 4: EXP2 vs EXP4 vs PHY,EXP2,EXP2_pooled_any_type vs PHY_pooled_any_type,full,false_negative_phy_code_missed_by_llm,01-01-00,114
Evaluation 4: EXP2 vs EXP4 vs PHY,EXP2,EXP2_pooled_any_type vs PHY_pooled_any_type,full,false_negative_phy_code_missed_by_llm,01-01-01,105
Evaluation 4: EXP2 vs EXP4 vs PHY,EXP2,EXP2_pooled_any_type vs PHY_pooled_any_type,full,false_negative_phy_code_missed_by_llm,03-03-00,98
Evaluation 4: EXP2 vs EXP4 vs PHY,EXP2,EXP2_pooled_any_type vs PHY_pooled_any_type,full,false_negative_phy_code_missed_by_llm,05-03-00,98
Evaluation 4: EXP2 vs EXP4 vs PHY,EXP2,EXP2_pooled_any_type vs PHY_pooled_any_type,full,false_negative_phy_code_missed_by_llm,03-01-02,61
Evaluation 4: EXP2 vs EXP4 vs PHY,EXP2,EXP2_pooled_any_type vs PHY_pooled_any_type,full,false_negative_phy_code_missed_by_llm,03-06-00,57
Evaluation 4: EXP2 vs EXP4 vs PHY,EXP2,EXP2_pooled_any_type vs PHY_pooled_any_type,full,false_negative_phy_code_missed_by_llm,03-00-00,53
Evaluation 4: EXP2 vs EXP4 vs PHY,EXP2,EXP2_pooled_any_type vs PHY_pooled_any_type,full,false_negative_phy_code_missed_by_llm,05-06-00,50
Evaluation 4: EXP2 vs EXP4 vs PHY,EXP2,EXP2_pooled_any_type vs PHY_pooled_any_type,full,false_negative_phy_code_missed_by_llm,01-04-00,47
Evaluation 4: EXP2 vs EXP4 vs PHY,EXP2,EXP2_pooled_any_type vs PHY_pooled_any_type,full,false_negative_phy_code_missed_by_llm,03-01-04,46
Evaluation 4: EXP2 vs EXP4 vs PHY,EXP2,EXP2_pooled_any_type vs PHY_pooled_any_type,full,false_negative_phy_code_missed_by_llm,01-00-00,46
Evaluation 4: EXP2 vs EXP4 vs PHY,EXP2,EXP2_pooled_any_type vs PHY_pooled_any_type,full,false_negative_phy_code_missed_by_llm,01-01-04,43
Evaluation 4: EXP2 vs EXP4 vs PHY,EXP2,EXP2_pooled_any_type vs PHY_pooled_any_type,full,false_negative_phy_code_missed_by_llm,04-05-00,42
Evaluation 4: EXP2 vs EXP4 vs PHY,EXP2,EXP2_pooled_any_type vs PHY_pooled_any_type,full,false_negative_phy_code_missed_by_llm,01-01-05,42
Evaluation 4: EXP2 vs EXP4 vs PHY,EXP2,EXP2_pooled_any_type vs PHY_pooled_any_type,full,false_negative_phy_code_missed_by_llm,03-04-00,38
Evaluation 4: EXP2 vs EXP4 vs PHY,EXP2,EXP2_pooled_any_type vs PHY_pooled_any_type,full,false_negative_phy_code_missed_by_llm,01-01-06,34
Evaluation 4: EXP2 vs EXP4 vs PHY,EXP2,EXP2_pooled_any_type vs PHY_pooled_any_type,full,false_negative_phy_code_missed_by_llm,04-00-00,33
Evaluation 4: EXP2 vs EXP4 vs PHY,EXP2,EXP2_pooled_any_type vs PHY_pooled_any_type,full,false_negative_phy_code_missed_by_llm,03-06-02,33
Evaluation 4: EXP2 vs EXP4 vs PHY,EXP2,EXP2_pooled_any_type vs PHY_pooled_any_type,full,false_negative_phy_code_missed_by_llm,04-03-00,32
Evaluation 4: EXP2 vs EXP4 vs PHY,EXP2,EXP2_pooled_any_type vs PHY_pooled_any_type,full,false_negative_phy_code_missed_by_llm,01-04-03,32
Evaluation 4: EXP2 vs EXP4 vs PHY,EXP2,EXP2_pooled_any_type vs PHY_pooled_any_type,full,false_negative_phy_code_missed_by_llm,04-01-00,30
Evaluation 4: EXP2 vs EXP4 vs PHY,EXP2,EXP2_pooled_any_type vs PHY_pooled_any_type,full,false_negative_phy_code_missed_by_llm,03-06-04,29
Evaluation 4: EXP2 vs EXP4 vs PHY,EXP2,EXP2_pooled_any_type vs PHY_pooled_any_type,full,false_negative_phy_code_missed_by_llm,03-01-00,29
Evaluation 4: EXP2 vs EXP4 vs PHY,EXP2,EXP2_pooled_any_type vs PHY_pooled_any_type,full,false_negative_phy_code_missed_by_llm,03-08-01,25
Evaluation 4: EXP2 vs EXP4 vs PHY,EXP2,EXP2_pooled_any_type vs PHY_pooled_any_type,full,false_negative_phy_code_missed_by_llm,05-04-00,25
Evaluation 4: EXP2 vs EXP4 vs PHY,EXP2,EXP2_pooled_any_type vs PHY_pooled_any_type,full,false_negative_phy_code_missed_by_llm,03-03-03,24
Evaluation 4: EXP2 vs EXP4 vs PHY,EXP2,EXP2_pooled_any_type vs PHY_pooled_any_type,full,false_negative_phy_code_missed_by_llm,03-03-02,23
Evaluation 4: EXP2 vs EXP4 vs PHY,EXP2,EXP2_pooled_any_type vs PHY_pooled_any_type,full,false_negative_phy_code_missed_by_llm,03-09-01,21
Evaluation 4: EXP2 vs EXP4 vs PHY,EXP2,EXP2_pooled_any_type vs PHY_pooled_any_type,full,false_negative_phy_code_missed_by_llm,01-01-02,20
Evaluation 4: EXP2 vs EXP4 vs PHY,EXP2,EXP2_pooled_any_type vs PHY_pooled_any_type,full,false_negative_phy_code_missed_by_llm,01-04-01,16
Evaluation 4: EXP2 vs EXP4 vs PHY,EXP2,EXP2_pooled_any_type vs PHY_pooled_any_type,full,false_negative_phy_code_missed_by_llm,01-03-00,16
Evaluation 4: EXP2 vs EXP4 vs PHY,EXP2,EXP2_pooled_any_type vs PHY_pooled_any_type,full,false_negative_phy_code_missed_by_llm,05-00-00,16
Evaluation 4: EXP2 vs EXP4 vs PHY,EXP2,EXP2_pooled_any_type vs PHY_pooled_any_type,full,false_negative_phy_code_missed_by_llm,03-01-03,15
Evaluation 4: EXP2 vs EXP4 vs PHY,EXP2,EXP2_pooled_any_type vs PHY_pooled_any_type,full,false_negative_phy_code_missed_by_llm,03-07-00,15
Evaluation 4: EXP2 vs EXP4 vs PHY,EXP2,EXP2_pooled_any_type vs PHY_pooled_any_type,full,false_negative_phy_code_missed_by_llm,03-02-02,14
Evaluation 4: EXP2 vs EXP4 vs PHY,EXP2,EXP2_pooled_any_type vs PHY_pooled_any_type,full,false_negative_phy_code_missed_by_llm,03-01-01,12
Evaluation 4: EXP2 vs EXP4 vs PHY,EXP2,EXP2_pooled_any_type vs PHY_pooled_any_type,full,false_negative_phy_code_missed_by_llm,03-04-01,12
Evaluation 4: EXP2 vs EXP4 vs PHY,EXP2,EXP2_pooled_any_type vs PHY_pooled_any_type,full,false_negative_phy_code_missed_by_llm,01-05-00,12
Evaluation 4: EXP2 vs EXP4 vs PHY,EXP2,EXP2_pooled_any_type vs PHY_pooled_any_type,full,false_negative_phy_code_missed_by_llm,04-02-00,11
Evaluation 4: EXP2 vs EXP4 vs PHY,EXP2,EXP2_pooled_any_type vs PHY_pooled_any_type,full,false_negative_phy_code_missed_by_llm,03-06-03,11
Evaluation 4: EXP2 vs EXP4 vs PHY,EXP2,EXP2_pooled_any_type vs PHY_pooled_any_type,full,false_negative_phy_code_missed_by_llm,02-04-00,10
Evaluation 4: EXP2 vs EXP4 vs PHY,EXP2,EXP2_pooled_any_type vs PHY_pooled_any_type,full,false_negative_phy_code_missed_by_llm,04-08-00,8
Evaluation 4: EXP2 vs EXP4 vs PHY,EXP2,EXP2_pooled_any_type vs PHY_pooled_any_type,full,false_negative_phy_code_missed_by_llm,02-03-00,8
Evaluation 4: EXP2 vs EXP4 vs PHY,EXP2,EXP2_pooled_any_type vs PHY_pooled_any_type,full,false_negative_phy_code_missed_by_llm,02-00-00,7
Evaluation 4: EXP2 vs EXP4 vs PHY,EXP2,EXP2_pooled_any_type vs PHY_pooled_any_type,full,false_negative_phy_code_missed_by_llm,03-02-00,7
Evaluation 4: EXP2 vs EXP4 vs PHY,EXP2,EXP2_pooled_any_type vs PHY_pooled_any_type,full,false_negative_phy_code_missed_by_llm,03-08-00,7
Evaluation 4: EXP2 vs EXP4 vs PHY,EXP2,EXP2_pooled_any_type vs PHY_pooled_any_type,full,false_negative_phy_code_missed_by_llm,03-03-01,7
Evaluation 4: EXP2 vs EXP4 vs PHY,EXP2,EXP2_pooled_any_type vs PHY_pooled_any_type,full,false_negative_phy_code_missed_by_llm,02-01-00,6
Evaluation 4: EXP2 vs EXP4 vs PHY,EXP2,EXP2_pooled_any_type vs PHY_pooled_any_type,full,false_negative_phy_code_missed_by_llm,03-05-01,5
Evaluation 4: EXP2 vs EXP4 vs PHY,EXP2,EXP2_pooled_any_type vs PHY_pooled_any_type,full,false_negative_phy_code_missed_by_llm,03-09-00,5
Evaluation 4: EXP2 vs EXP4 vs PHY,EXP2,EXP2_pooled_any_type vs PHY_pooled_any_type,full,false_negative_phy_code_missed_by_llm,03-06-01,4
Evaluation 4: EXP2 vs EXP4 vs PHY,EXP2,EXP2_pooled_any_type vs PHY_pooled_any_type,full,false_negative_phy_code_missed_by_llm,03-07-01,4
Evaluation 4: EXP2 vs EXP4 vs PHY,EXP2,EXP2_pooled_any_type vs PHY_pooled_any_type,full,false_negative_phy_code_missed_by_llm,04-04-00,4
Evaluation 4: EXP2 vs EXP4 vs PHY,EXP2,EXP2_pooled_any_type vs PHY_pooled_any_type,full,false_negative_phy_code_missed_by_llm,02-05-00,3
Evaluation 4: EXP2 vs EXP4 vs PHY,EXP2,EXP2_pooled_any_type vs PHY_pooled_any_type,full,false_negative_phy_code_missed_by_llm,02-02-00,3
Evaluation 4: EXP2 vs EXP4 vs PHY,EXP2,EXP2_pooled_any_type vs PHY_pooled_any_type,full,false_negative_phy_code_missed_by_llm,03-04-02,2
Evaluation 4: EXP2 vs EXP4 vs PHY,EXP2,EXP2_pooled_any_type vs PHY_pooled_any_type,full,false_negative_phy_code_missed_by_llm,03-02-01,2
Evaluation 4: EXP2 vs EXP4 vs PHY,EXP2,EXP2_pooled_any_type vs PHY_pooled_any_type,full,false_negative_phy_code_missed_by_llm,03-05-00,2
Evaluation 4: EXP2 vs EXP4 vs PHY,EXP2,EXP2_pooled_any_type vs PHY_pooled_any_type,full,false_negative_phy_code_missed_by_llm,03-06-05,2
Evaluation 4: EXP2 vs EXP4 vs PHY,EXP2,EXP2_pooled_any_type vs PHY_pooled_any_type,full,false_negative_phy_code_missed_by_llm,05-08-00,2
Evaluation 4: EXP2 vs EXP4 vs PHY,EXP2,EXP2_pooled_any_type vs PHY_pooled_any_type,full,false_negative_phy_code_missed_by_llm,04-06-00,1
Evaluation 4: EXP2 vs EXP4 vs PHY,EXP2,EXP2_pooled_any_type vs PHY_pooled_any_type,full,false_negative_phy_code_missed_by_llm,01-07-00,1
Evaluation 4: EXP2 vs EXP4 vs PHY,EXP2,EXP2_pooled_any_type vs PHY_pooled_any_type,full,false_negative_phy_code_missed_by_llm,02-06-00,1
Evaluation 4: EXP2 vs EXP4 vs PHY,EXP2,EXP2_pooled_any_type vs PHY_pooled_any_type,full,false_negative_phy_code_missed_by_llm,04-09-00,1
Evaluation 4: EXP2 vs EXP4 vs PHY,EXP2,EXP2_pooled_any_type vs PHY_pooled_any_type,full,false_positive_llm_extra_code_not_in_phy,03-08-00,806
Evaluation 4: EXP2 vs EXP4 vs PHY,EXP2,EXP2_pooled_any_type vs PHY_pooled_any_type,full,false_positive_llm_extra_code_not_in_phy,03-09-01,697
Evaluation 4: EXP2 vs EXP4 vs PHY,EXP2,EXP2_pooled_any_type vs PHY_pooled_any_type,full,false_positive_llm_extra_code_not_in_phy,01-01-00,675
Evaluation 4: EXP2 vs EXP4 vs PHY,EXP2,EXP2_pooled_any_type vs PHY_pooled_any_type,full,false_positive_llm_extra_code_not_in_phy,00-02-00,615
Evaluation 4: EXP2 vs EXP4 vs PHY,EXP2,EXP2_pooled_any_type vs PHY_pooled_any_type,full,false_positive_llm_extra_code_not_in_phy,01-01-04,556
Evaluation 4: EXP2 vs EXP4 vs PHY,EXP2,EXP2_pooled_any_type vs PHY_pooled_any_type,full,false_positive_llm_extra_code_not_in_phy,03-01-01,349
Evaluation 4: EXP2 vs EXP4 vs PHY,EXP2,EXP2_pooled_any_type vs PHY_pooled_any_type,full,false_positive_llm_extra_code_not_in_phy,01-05-00,326
Evaluation 4: EXP2 vs EXP4 vs PHY,EXP2,EXP2_pooled_any_type vs PHY_pooled_any_type,full,false_positive_llm_extra_code_not_in_phy,03-02-00,294
Evaluation 4: EXP2 vs EXP4 vs PHY,EXP2,EXP2_pooled_any_type vs PHY_pooled_any_type,full,false_positive_llm_extra_code_not_in_phy,01-01-01,269
Evaluation 4: EXP2 vs EXP4 vs PHY,EXP2,EXP2_pooled_any_type vs PHY_pooled_any_type,full,false_positive_llm_extra_code_not_in_phy,01-04-01,244
Evaluation 4: EXP2 vs EXP4 vs PHY,EXP2,EXP2_pooled_any_type vs PHY_pooled_any_type,full,false_positive_llm_extra_code_not_in_phy,01-01-05,232
Evaluation 4: EXP2 vs EXP4 vs PHY,EXP2,EXP2_pooled_any_type vs PHY_pooled_any_type,full,false_positive_llm_extra_code_not_in_phy,03-04-99,203
Evaluation 4: EXP2 vs EXP4 vs PHY,EXP2,EXP2_pooled_any_type vs PHY_pooled_any_type,full,false_positive_llm_extra_code_not_in_phy,03-07-01,151
Evaluation 4: EXP2 vs EXP4 vs PHY,EXP2,EXP2_pooled_any_type vs PHY_pooled_any_type,full,false_positive_llm_extra_code_not_in_phy,01-01-02,140
Evaluation 4: EXP2 vs EXP4 vs PHY,EXP2,EXP2_pooled_any_type vs PHY_pooled_any_type,full,false_positive_llm_extra_code_not_in_phy,03-03-99,139
Evaluation 4: EXP2 vs EXP4 vs PHY,EXP2,EXP2_pooled_any_type vs PHY_pooled_any_type,full,false_positive_llm_extra_code_not_in_phy,04-99-00,133
Evaluation 4: EXP2 vs EXP4 vs PHY,EXP2,EXP2_pooled_any_type vs PHY_pooled_any_type,full,false_positive_llm_extra_code_not_in_phy,03-03-03,123
Evaluation 4: EXP2 vs EXP4 vs PHY,EXP2,EXP2_pooled_any_type vs PHY_pooled_any_type,full,false_positive_llm_extra_code_not_in_phy,01-99-00,119
Evaluation 4: EXP2 vs EXP4 vs PHY,EXP2,EXP2_pooled_any_type vs PHY_pooled_any_type,full,false_positive_llm_extra_code_not_in_phy,03-03-00,114
Evaluation 4: EXP2 vs EXP4 vs PHY,EXP2,EXP2_pooled_any_type vs PHY_pooled_any_type,full,false_positive_llm_extra_code_not_in_phy,03-03-02,111
Evaluation 4: EXP2 vs EXP4 vs PHY,EXP2,EXP2_pooled_any_type vs PHY_pooled_any_type,full,false_positive_llm_extra_code_not_in_phy,05-00-00,111
Evaluation 4: EXP2 vs EXP4 vs PHY,EXP2,EXP2_pooled_any_type vs PHY_pooled_any_type,full,false_positive_llm_extra_code_not_in_phy,03-06-99,104
Evaluation 4: EXP2 vs EXP4 vs PHY,EXP2,EXP2_pooled_any_type vs PHY_pooled_any_type,full,false_positive_llm_extra_code_not_in_phy,01-04-02,104
Evaluation 4: EXP2 vs EXP4 vs PHY,EXP2,EXP2_pooled_any_type vs PHY_pooled_any_type,full,false_positive_llm_extra_code_not_in_phy,03-04-02,100
Evaluation 4: EXP2 vs EXP4 vs PHY,EXP2,EXP2_pooled_any_type vs PHY_pooled_any_type,full,false_positive_llm_extra_code_not_in_phy,01-01-06,97
Evaluation 4: EXP2 vs EXP4 vs PHY,EXP2,EXP2_pooled_any_type vs PHY_pooled_any_type,full,false_positive_llm_extra_code_not_in_phy,03-01-99,94
Evaluation 4: EXP2 vs EXP4 vs PHY,EXP2,EXP2_pooled_any_type vs PHY_pooled_any_type,full,false_positive_llm_extra_code_not_in_phy,03-01-02,91
Evaluation 4: EXP2 vs EXP4 vs PHY,EXP2,EXP2_pooled_any_type vs PHY_pooled_any_type,full,false_positive_llm_extra_code_not_in_phy,03-01-04,82
Evaluation 4: EXP2 vs EXP4 vs PHY,EXP2,EXP2_pooled_any_type vs PHY_pooled_any_type,full,false_positive_llm_extra_code_not_in_phy,01-01-99,78
Evaluation 4: EXP2 vs EXP4 vs PHY,EXP2,EXP2_pooled_any_type vs PHY_pooled_any_type,full,false_positive_llm_extra_code_not_in_phy,03-99-00,75
Evaluation 4: EXP2 vs EXP4 vs PHY,EXP2,EXP2_pooled_any_type vs PHY_pooled_any_type,full,false_positive_llm_extra_code_not_in_phy,03-05-01,69
Evaluation 4: EXP2 vs EXP4 vs PHY,EXP2,EXP2_pooled_any_type vs PHY_pooled_any_type,full,false_positive_llm_extra_code_not_in_phy,03-02-02,67
Evaluation 4: EXP2 vs EXP4 vs PHY,EXP2,EXP2_pooled_any_type vs PHY_pooled_any_type,full,false_positive_llm_extra_code_not_in_phy,05-05-00,52
Evaluation 4: EXP2 vs EXP4 vs PHY,EXP2,EXP2_pooled_any_type vs PHY_pooled_any_type,full,false_positive_llm_extra_code_not_in_phy,03-07-99,49
Evaluation 4: EXP2 vs EXP4 vs PHY,EXP2,EXP2_pooled_any_type vs PHY_pooled_any_type,full,false_positive_llm_extra_code_not_in_phy,03-02-99,47
Evaluation 4: EXP2 vs EXP4 vs PHY,EXP2,EXP2_pooled_any_type vs PHY_pooled_any_type,full,false_positive_llm_extra_code_not_in_phy,03-06-04,45
Evaluation 4: EXP2 vs EXP4 vs PHY,EXP2,EXP2_pooled_any_type vs PHY_pooled_any_type,full,false_positive_llm_extra_code_not_in_phy,03-01-03,44
Evaluation 4: EXP2 vs EXP4 vs PHY,EXP2,EXP2_pooled_any_type vs PHY_pooled_any_type,full,false_positive_llm_extra_code_not_in_phy,05-06-00,42
Evaluation 4: EXP2 vs EXP4 vs PHY,EXP2,EXP2_pooled_any_type vs PHY_pooled_any_type,full,false_positive_llm_extra_code_not_in_phy,03-02-01,40
Evaluation 4: EXP2 vs EXP4 vs PHY,EXP2,EXP2_pooled_any_type vs PHY_pooled_any_type,full,false_positive_llm_extra_code_not_in_phy,05-08-00,39
Evaluation 4: EXP2 vs EXP4 vs PHY,EXP2,EXP2_pooled_any_type vs PHY_pooled_any_type,full,false_positive_llm_extra_code_not_in_phy,04-09-00,35
Evaluation 4: EXP2 vs EXP4 vs PHY,EXP2,EXP2_pooled_any_type vs PHY_pooled_any_type,full,false_positive_llm_extra_code_not_in_phy,03-03-01,31
Evaluation 4: EXP2 vs EXP4 vs PHY,EXP2,EXP2_pooled_any_type vs PHY_pooled_any_type,full,false_positive_llm_extra_code_not_in_phy,02-04-00,31
Evaluation 4: EXP2 vs EXP4 vs PHY,EXP2,EXP2_pooled_any_type vs PHY_pooled_any_type,full,false_positive_llm_extra_code_not_in_phy,04-00-00,28
Evaluation 4: EXP2 vs EXP4 vs PHY,EXP2,EXP2_pooled_any_type vs PHY_pooled_any_type,full,false_positive_llm_extra_code_not_in_phy,01-04-00,27
Evaluation 4: EXP2 vs EXP4 vs PHY,EXP2,EXP2_pooled_any_type vs PHY_pooled_any_type,full,false_positive_llm_extra_code_not_in_phy,02-99-00,26
Evaluation 4: EXP2 vs EXP4 vs PHY,EXP2,EXP2_pooled_any_type vs PHY_pooled_any_type,full,false_positive_llm_extra_code_not_in_phy,03-01-00,25
Evaluation 4: EXP2 vs EXP4 vs PHY,EXP2,EXP2_pooled_any_type vs PHY_pooled_any_type,full,false_positive_llm_extra_code_not_in_phy,03-08-99,24
Evaluation 4: EXP2 vs EXP4 vs PHY,EXP2,EXP2_pooled_any_type vs PHY_pooled_any_type,full,false_positive_llm_extra_code_not_in_phy,03-06-00,23
Evaluation 4: EXP2 vs EXP4 vs PHY,EXP2,EXP2_pooled_any_type vs PHY_pooled_any_type,full,false_positive_llm_extra_code_not_in_phy,01-03-00,23
Evaluation 4: EXP2 vs EXP4 vs PHY,EXP2,EXP2_pooled_any_type vs PHY_pooled_any_type,full,false_positive_llm_extra_code_not_in_phy,03-04-00,22
Evaluation 4: EXP2 vs EXP4 vs PHY,EXP2,EXP2_pooled_any_type vs PHY_pooled_any_type,full,false_positive_llm_extra_code_not_in_phy,01-01-03,21
Evaluation 4: EXP2 vs EXP4 vs PHY,EXP2,EXP2_pooled_any_type vs PHY_pooled_any_type,full,false_positive_llm_extra_code_not_in_phy,01-04-03,20
Evaluation 4: EXP2 vs EXP4 vs PHY,EXP2,EXP2_pooled_any_type vs PHY_pooled_any_type,full,false_positive_llm_extra_code_not_in_phy,03-07-00,19
Evaluation 4: EXP2 vs EXP4 vs PHY,EXP2,EXP2_pooled_any_type vs PHY_pooled_any_type,full,false_positive_llm_extra_code_not_in_phy,05-03-00,18
Evaluation 4: EXP2 vs EXP4 vs PHY,EXP2,EXP2_pooled_any_type vs PHY_pooled_any_type,full,false_positive_llm_extra_code_not_in_phy,05-99-00,14
Evaluation 4: EXP2 vs EXP4 vs PHY,EXP2,EXP2_pooled_any_type vs PHY_pooled_any_type,full,false_positive_llm_extra_code_not_in_phy,03-06-07,13
Evaluation 4: EXP2 vs EXP4 vs PHY,EXP2,EXP2_pooled_any_type vs PHY_pooled_any_type,full,false_positive_llm_extra_code_not_in_phy,03-04-01,13
Evaluation 4: EXP2 vs EXP4 vs PHY,EXP2,EXP2_pooled_any_type vs PHY_pooled_any_type,full,false_positive_llm_extra_code_not_in_phy,04-06-00,12
Evaluation 4: EXP2 vs EXP4 vs PHY,EXP2,EXP2_pooled_any_type vs PHY_pooled_any_type,full,false_positive_llm_extra_code_not_in_phy,00-04-00,10
Evaluation 4: EXP2 vs EXP4 vs PHY,EXP2,EXP2_pooled_any_type vs PHY_pooled_any_type,full,false_positive_llm_extra_code_not_in_phy,02-00-00,10
Evaluation 4: EXP2 vs EXP4 vs PHY,EXP2,EXP2_pooled_any_type vs PHY_pooled_any_type,full,false_positive_llm_extra_code_not_in_phy,03-06-01,8
Evaluation 4: EXP2 vs EXP4 vs PHY,EXP2,EXP2_pooled_any_type vs PHY_pooled_any_type,full,false_positive_llm_extra_code_not_in_phy,00-03-00,8
Evaluation 4: EXP2 vs EXP4 vs PHY,EXP2,EXP2_pooled_any_type vs PHY_pooled_any_type,full,false_positive_llm_extra_code_not_in_phy,04-02-00,8
Evaluation 4: EXP2 vs EXP4 vs PHY,EXP2,EXP2_pooled_any_type vs PHY_pooled_any_type,full,false_positive_llm_extra_code_not_in_phy,04-08-00,8
Evaluation 4: EXP2 vs EXP4 vs PHY,EXP2,EXP2_pooled_any_type vs PHY_pooled_any_type,full,false_positive_llm_extra_code_not_in_phy,03-08-01,7
Evaluation 4: EXP2 vs EXP4 vs PHY,EXP2,EXP2_pooled_any_type vs PHY_pooled_any_type,full,false_positive_llm_extra_code_not_in_phy,03-09-99,7
Evaluation 4: EXP2 vs EXP4 vs PHY,EXP2,EXP2_pooled_any_type vs PHY_pooled_any_type,full,false_positive_llm_extra_code_not_in_phy,03-06-06,7
Evaluation 4: EXP2 vs EXP4 vs PHY,EXP2,EXP2_pooled_any_type vs PHY_pooled_any_type,full,false_positive_llm_extra_code_not_in_phy,01-04-99,6
Evaluation 4: EXP2 vs EXP4 vs PHY,EXP2,EXP2_pooled_any_type vs PHY_pooled_any_type,full,false_positive_llm_extra_code_not_in_phy,02-05-00,5
Evaluation 4: EXP2 vs EXP4 vs PHY,EXP2,EXP2_pooled_any_type vs PHY_pooled_any_type,full,false_positive_llm_extra_code_not_in_phy,04-05-00,5
Evaluation 4: EXP2 vs EXP4 vs PHY,EXP2,EXP2_pooled_any_type vs PHY_pooled_any_type,full,false_positive_llm_extra_code_not_in_phy,03-05-99,4
Evaluation 4: EXP2 vs EXP4 vs PHY,EXP2,EXP2_pooled_any_type vs PHY_pooled_any_type,full,false_positive_llm_extra_code_not_in_phy,00-01-00,4
Evaluation 4: EXP2 vs EXP4 vs PHY,EXP2,EXP2_pooled_any_type vs PHY_pooled_any_type,full,false_positive_llm_extra_code_not_in_phy,03-06-02,4
Evaluation 4: EXP2 vs EXP4 vs PHY,EXP2,EXP2_pooled_any_type vs PHY_pooled_any_type,full,false_positive_llm_extra_code_not_in_phy,04-07-00,3
Evaluation 4: EXP2 vs EXP4 vs PHY,EXP2,EXP2_pooled_any_type vs PHY_pooled_any_type,full,false_positive_llm_extra_code_not_in_phy,05-04-00,3
Evaluation 4: EXP2 vs EXP4 vs PHY,EXP2,EXP2_pooled_any_type vs PHY_pooled_any_type,full,false_positive_llm_extra_code_not_in_phy,04-01-00,2
Evaluation 4: EXP2 vs EXP4 vs PHY,EXP2,EXP2_pooled_any_type vs PHY_pooled_any_type,full,false_positive_llm_extra_code_not_in_phy,03-05-00,2
Evaluation 4: EXP2 vs EXP4 vs PHY,EXP2,EXP2_pooled_any_type vs PHY_pooled_any_type,full,false_positive_llm_extra_code_not_in_phy,03-06-03,2
Evaluation 4: EXP2 vs EXP4 vs PHY,EXP2,EXP2_pooled_any_type vs PHY_pooled_any_type,full,false_positive_llm_extra_code_not_in_phy,03-09-00,1
Evaluation 4: EXP2 vs EXP4 vs PHY,EXP2,EXP2_pooled_any_type vs PHY_pooled_any_type,full,false_positive_llm_extra_code_not_in_phy,03-06-05,1
Evaluation 4: EXP2 vs EXP4 vs PHY,EXP2,EXP2_pooled_any_type vs PHY_pooled_any_type,full,false_positive_llm_extra_code_not_in_phy,01-00-00,1
Evaluation 4: EXP2 vs EXP4 vs PHY,EXP2,EXP2_pooled_any_type vs PHY_pooled_any_type,full,false_positive_llm_extra_code_not_in_phy,99-00-00,1
Evaluation 4: EXP2 vs EXP4 vs PHY,EXP2,EXP2_pooled_any_type vs PHY_pooled_any_type,full,false_positive_llm_extra_code_not_in_phy,02-01-00,1
Evaluation 4: EXP2 vs EXP4 vs PHY,EXP2,EXP2_pooled_any_type vs PHY_pooled_any_type,full,false_positive_llm_extra_code_not_in_phy,01-09-01,1
Evaluation 4: EXP2 vs EXP4 vs PHY,EXP2,EXP2_pooled_any_type vs PHY_pooled_any_type,full,false_positive_llm_extra_code_not_in_phy,02-03-00,1
Evaluation 4: EXP2 vs EXP4 vs PHY,EXP2,EXP2_pooled_any_type vs PHY_pooled_any_type,full,false_positive_llm_extra_code_not_in_phy,05-02-00,1
Evaluation 4: EXP2 vs EXP4 vs PHY,EXP2,EXP2_pooled_any_type vs PHY_pooled_any_type,full,false_positive_llm_extra_code_not_in_phy,01-06-00,1
Evaluation 4: EXP2 vs EXP4 vs PHY,EXP2,EXP2_pooled_any_type vs PHY_pooled_any_type,full,false_positive_llm_extra_code_not_in_phy,05-09-00,1
Evaluation 4: EXP2 vs EXP4 vs PHY,EXP2,EXP2_pooled_any_type vs PHY_pooled_any_type,full,false_positive_llm_extra_code_not_in_phy,02-06-00,1
Evaluation 4: EXP2 vs EXP4 vs PHY,EXP2,EXP2_pooled_any_type vs PHY_pooled_any_type,full,false_positive_llm_extra_code_not_in_phy,02-02-00,1
Evaluation 4: EXP2 vs EXP4 vs PHY,EXP2,EXP2_pooled_any_type vs PHY_pooled_any_type,full,true_positive_code_found_by_both,01-04-02,629
Evaluation 4: EXP2 vs EXP4 vs PHY,EXP2,EXP2_pooled_any_type vs PHY_pooled_any_type,full,true_positive_code_found_by_both,03-01-01,195
Evaluation 4: EXP2 vs EXP4 vs PHY,EXP2,EXP2_pooled_any_type vs PHY_pooled_any_type,full,true_positive_code_found_by_both,01-01-04,192
Evaluation 4: EXP2 vs EXP4 vs PHY,EXP2,EXP2_pooled_any_type vs PHY_pooled_any_type,full,true_positive_code_found_by_both,03-01-04,155
Evaluation 4: EXP2 vs EXP4 vs PHY,EXP2,EXP2_pooled_any_type vs PHY_pooled_any_type,full,true_positive_code_found_by_both,03-01-02,116
Evaluation 4: EXP2 vs EXP4 vs PHY,EXP2,EXP2_pooled_any_type vs PHY_pooled_any_type,full,true_positive_code_found_by_both,01-01-01,116
Evaluation 4: EXP2 vs EXP4 vs PHY,EXP2,EXP2_pooled_any_type vs PHY_pooled_any_type,full,true_positive_code_found_by_both,01-01-00,115
Evaluation 4: EXP2 vs EXP4 vs PHY,EXP2,EXP2_pooled_any_type vs PHY_pooled_any_type,full,true_positive_code_found_by_both,03-05-01,106
Evaluation 4: EXP2 vs EXP4 vs PHY,EXP2,EXP2_pooled_any_type vs PHY_pooled_any_type,full,true_positive_code_found_by_both,05-05-00,91
Evaluation 4: EXP2 vs EXP4 vs PHY,EXP2,EXP2_pooled_any_type vs PHY_pooled_any_type,full,true_positive_code_found_by_both,05-06-00,67
Evaluation 4: EXP2 vs EXP4 vs PHY,EXP2,EXP2_pooled_any_type vs PHY_pooled_any_type,full,true_positive_code_found_by_both,05-03-00,52
Evaluation 4: EXP2 vs EXP4 vs PHY,EXP2,EXP2_pooled_any_type vs PHY_pooled_any_type,full,true_positive_code_found_by_both,01-04-01,51
Evaluation 4: EXP2 vs EXP4 vs PHY,EXP2,EXP2_pooled_any_type vs PHY_pooled_any_type,full,true_positive_code_found_by_both,03-08-00,51
Evaluation 4: EXP2 vs EXP4 vs PHY,EXP2,EXP2_pooled_any_type vs PHY_pooled_any_type,full,true_positive_code_found_by_both,01-01-02,47
Evaluation 4: EXP2 vs EXP4 vs PHY,EXP2,EXP2_pooled_any_type vs PHY_pooled_any_type,full,true_positive_code_found_by_both,03-09-01,44
Evaluation 4: EXP2 vs EXP4 vs PHY,EXP2,EXP2_pooled_any_type vs PHY_pooled_any_type,full,true_positive_code_found_by_both,01-05-00,43
Evaluation 4: EXP2 vs EXP4 vs PHY,EXP2,EXP2_pooled_any_type vs PHY_pooled_any_type,full,true_positive_code_found_by_both,04-01-00,42
Evaluation 4: EXP2 vs EXP4 vs PHY,EXP2,EXP2_pooled_any_type vs PHY_pooled_any_type,full,true_positive_code_found_by_both,03-04-02,40
Evaluation 4: EXP2 vs EXP4 vs PHY,EXP2,EXP2_pooled_any_type vs PHY_pooled_any_type,full,true_positive_code_found_by_both,01-01-05,37
Evaluation 4: EXP2 vs EXP4 vs PHY,EXP2,EXP2_pooled_any_type vs PHY_pooled_any_type,full,true_positive_code_found_by_both,03-06-02,32
Evaluation 4: EXP2 vs EXP4 vs PHY,EXP2,EXP2_pooled_any_type vs PHY_pooled_any_type,full,true_positive_code_found_by_both,03-03-02,32
Evaluation 4: EXP2 vs EXP4 vs PHY,EXP2,EXP2_pooled_any_type vs PHY_pooled_any_type,full,true_positive_code_found_by_both,03-03-03,26
Evaluation 4: EXP2 vs EXP4 vs PHY,EXP2,EXP2_pooled_any_type vs PHY_pooled_any_type,full,true_positive_code_found_by_both,03-02-02,26
Evaluation 4: EXP2 vs EXP4 vs PHY,EXP2,EXP2_pooled_any_type vs PHY_pooled_any_type,full,true_positive_code_found_by_both,04-03-00,26
Evaluation 4: EXP2 vs EXP4 vs PHY,EXP2,EXP2_pooled_any_type vs PHY_pooled_any_type,full,true_positive_code_found_by_both,04-08-00,18
Evaluation 4: EXP2 vs EXP4 vs PHY,EXP2,EXP2_pooled_any_type vs PHY_pooled_any_type,full,true_positive_code_found_by_both,03-07-01,15
Evaluation 4: EXP2 vs EXP4 vs PHY,EXP2,EXP2_pooled_any_type vs PHY_pooled_any_type,full,true_positive_code_found_by_both,04-05-00,15
Evaluation 4: EXP2 vs EXP4 vs PHY,EXP2,EXP2_pooled_any_type vs PHY_pooled_any_type,full,true_positive_code_found_by_both,03-03-00,14
Evaluation 4: EXP2 vs EXP4 vs PHY,EXP2,EXP2_pooled_any_type vs PHY_pooled_any_type,full,true_positive_code_found_by_both,04-06-00,13
Evaluation 4: EXP2 vs EXP4 vs PHY,EXP2,EXP2_pooled_any_type vs PHY_pooled_any_type,full,true_positive_code_found_by_both,03-06-00,12
Evaluation 4: EXP2 vs EXP4 vs PHY,EXP2,EXP2_pooled_any_type vs PHY_pooled_any_type,full,true_positive_code_found_by_both,04-02-00,11
Evaluation 4: EXP2 vs EXP4 vs PHY,EXP2,EXP2_pooled_any_type vs PHY_pooled_any_type,full,true_positive_code_found_by_both,02-03-00,10
Evaluation 4: EXP2 vs EXP4 vs PHY,EXP2,EXP2_pooled_any_type vs PHY_pooled_any_type,full,true_positive_code_found_by_both,01-01-06,9
Evaluation 4: EXP2 vs EXP4 vs PHY,EXP2,EXP2_pooled_any_type vs PHY_pooled_any_type,full,true_positive_code_found_by_both,05-00-00,8
Evaluation 4: EXP2 vs EXP4 vs PHY,EXP2,EXP2_pooled_any_type vs PHY_pooled_any_type,full,true_positive_code_found_by_both,03-06-01,7
Evaluation 4: EXP2 vs EXP4 vs PHY,EXP2,EXP2_pooled_any_type vs PHY_pooled_any_type,full,true_positive_code_found_by_both,03-06-04,6
Evaluation 4: EXP2 vs EXP4 vs PHY,EXP2,EXP2_pooled_any_type vs PHY_pooled_any_type,full,true_positive_code_found_by_both,03-06-05,5
Evaluation 4: EXP2 vs EXP4 vs PHY,EXP2,EXP2_pooled_any_type vs PHY_pooled_any_type,full,true_positive_code_found_by_both,03-01-03,5
Evaluation 4: EXP2 vs EXP4 vs PHY,EXP2,EXP2_pooled_any_type vs PHY_pooled_any_type,full,true_positive_code_found_by_both,03-06-03,5
Evaluation 4: EXP2 vs EXP4 vs PHY,EXP2,EXP2_pooled_any_type vs PHY_pooled_any_type,full,true_positive_code_found_by_both,02-05-00,5
Evaluation 4: EXP2 vs EXP4 vs PHY,EXP2,EXP2_pooled_any_type vs PHY_pooled_any_type,full,true_positive_code_found_by_both,03-01-00,4
Evaluation 4: EXP2 vs EXP4 vs PHY,EXP2,EXP2_pooled_any_type vs PHY_pooled_any_type,full,true_positive_code_found_by_both,03-02-00,4
Evaluation 4: EXP2 vs EXP4 vs PHY,EXP2,EXP2_pooled_any_type vs PHY_pooled_any_type,full,true_positive_code_found_by_both,04-07-00,4
Evaluation 4: EXP2 vs EXP4 vs PHY,EXP2,EXP2_pooled_any_type vs PHY_pooled_any_type,full,true_positive_code_found_by_both,05-04-00,4
Evaluation 4: EXP2 vs EXP4 vs PHY,EXP2,EXP2_pooled_any_type vs PHY_pooled_any_type,full,true_positive_code_found_by_both,02-00-00,3
Evaluation 4: EXP2 vs EXP4 vs PHY,EXP2,EXP2_pooled_any_type vs PHY_pooled_any_type,full,true_positive_code_found_by_both,03-03-01,3
Evaluation 4: EXP2 vs EXP4 vs PHY,EXP2,EXP2_pooled_any_type vs PHY_pooled_any_type,full,true_positive_code_found_by_both,01-03-00,3
Evaluation 4: EXP2 vs EXP4 vs PHY,EXP2,EXP2_pooled_any_type vs PHY_pooled_any_type,full,true_positive_code_found_by_both,05-08-00,3
Evaluation 4: EXP2 vs EXP4 vs PHY,EXP2,EXP2_pooled_any_type vs PHY_pooled_any_type,full,true_positive_code_found_by_both,01-07-00,2
Evaluation 4: EXP2 vs EXP4 vs PHY,EXP2,EXP2_pooled_any_type vs PHY_pooled_any_type,full,true_positive_code_found_by_both,02-02-00,2
Evaluation 4: EXP2 vs EXP4 vs PHY,EXP2,EXP2_pooled_any_type vs PHY_pooled_any_type,full,true_positive_code_found_by_both,02-04-00,1
Evaluation 4: EXP2 vs EXP4 vs PHY,EXP2,EXP2_pooled_any_type vs PHY_pooled_any_type,full,true_positive_code_found_by_both,01-04-03,1
Evaluation 4: EXP2 vs EXP4 vs PHY,EXP2,EXP2_pooled_any_type vs PHY_pooled_any_type,full,true_positive_code_found_by_both,01-04-00,1
Evaluation 4: EXP2 vs EXP4 vs PHY,EXP2,EXP2_pooled_any_type vs PHY_pooled_any_type,full,true_positive_code_found_by_both,03-07-00,1
Evaluation 4: EXP2 vs EXP4 vs PHY,EXP2,EXP2_pooled_any_type vs PHY_pooled_any_type,full,true_positive_code_found_by_both,04-00-00,1
Evaluation 4: EXP2 vs EXP4 vs PHY,EXP2,EXP2_pooled_any_type vs PHY_pooled_any_type,full,true_positive_code_found_by_both,03-06-06,1
Evaluation 4: EXP2 vs EXP4 vs PHY,EXP2,EXP2_pooled_any_type vs PHY_pooled_any_type,full,true_positive_code_found_by_both,03-02-01,1
Evaluation 4: EXP2 vs EXP4 vs PHY,EXP2,EXP2_pooled_any_type vs PHY_pooled_any_type,full,true_positive_code_found_by_both,04-04-00,1
Evaluation 4: EXP2 vs EXP4 vs PHY,EXP2,EXP2_pooled_any_type vs PHY_pooled_any_type,level1,false_negative_phy_code_missed_by_llm,05,107
Evaluation 4: EXP2 vs EXP4 vs PHY,EXP2,EXP2_pooled_any_type vs PHY_pooled_any_type,level1,false_negative_phy_code_missed_by_llm,03,96
Evaluation 4: EXP2 vs EXP4 vs PHY,EXP2,EXP2_pooled_any_type vs PHY_pooled_any_type,level1,false_negative_phy_code_missed_by_llm,01,82
Evaluation 4: EXP2 vs EXP4 vs PHY,EXP2,EXP2_pooled_any_type vs PHY_pooled_any_type,level1,false_negative_phy_code_missed_by_llm,04,60
Evaluation 4: EXP2 vs EXP4 vs PHY,EXP2,EXP2_pooled_any_type vs PHY_pooled_any_type,level1,false_negative_phy_code_missed_by_llm,02,8
Evaluation 4: EXP2 vs EXP4 vs PHY,EXP2,EXP2_pooled_any_type vs PHY_pooled_any_type,level1,false_positive_llm_extra_code_not_in_phy,03,1229
Evaluation 4: EXP2 vs EXP4 vs PHY,EXP2,EXP2_pooled_any_type vs PHY_pooled_any_type,level1,false_positive_llm_extra_code_not_in_phy,01,680
Evaluation 4: EXP2 vs EXP4 vs PHY,EXP2,EXP2_pooled_any_type vs PHY_pooled_any_type,level1,false_positive_llm_extra_code_not_in_phy,00,634
Evaluation 4: EXP2 vs EXP4 vs PHY,EXP2,EXP2_pooled_any_type vs PHY_pooled_any_type,level1,false_positive_llm_extra_code_not_in_phy,04,67
Evaluation 4: EXP2 vs EXP4 vs PHY,EXP2,EXP2_pooled_any_type vs PHY_pooled_any_type,level1,false_positive_llm_extra_code_not_in_phy,02,42
Evaluation 4: EXP2 vs EXP4 vs PHY,EXP2,EXP2_pooled_any_type vs PHY_pooled_any_type,level1,false_positive_llm_extra_code_not_in_phy,05,13
Evaluation 4: EXP2 vs EXP4 vs PHY,EXP2,EXP2_pooled_any_type vs PHY_pooled_any_type,level1,false_positive_llm_extra_code_not_in_phy,99,1
Evaluation 4: EXP2 vs EXP4 vs PHY,EXP2,EXP2_pooled_any_type vs PHY_pooled_any_type,level1,true_positive_code_found_by_both,01,1780
Evaluation 4: EXP2 vs EXP4 vs PHY,EXP2,EXP2_pooled_any_type vs PHY_pooled_any_type,level1,true_positive_code_found_by_both,03,1257
Evaluation 4: EXP2 vs EXP4 vs PHY,EXP2,EXP2_pooled_any_type vs PHY_pooled_any_type,level1,true_positive_code_found_by_both,05,406
Evaluation 4: EXP2 vs EXP4 vs PHY,EXP2,EXP2_pooled_any_type vs PHY_pooled_any_type,level1,true_positive_code_found_by_both,04,231
Evaluation 4: EXP2 vs EXP4 vs PHY,EXP2,EXP2_pooled_any_type vs PHY_pooled_any_type,level1,true_positive_code_found_by_both,02,49
Evaluation 4: EXP2 vs EXP4 vs PHY,EXP2,EXP2_pooled_any_type vs PHY_pooled_any_type,level2,false_negative_phy_code_missed_by_llm,01-04,184
Evaluation 4: EXP2 vs EXP4 vs PHY,EXP2,EXP2_pooled_any_type vs PHY_pooled_any_type,level2,false_negative_phy_code_missed_by_llm,05-05,119
Evaluation 4: EXP2 vs EXP4 vs PHY,EXP2,EXP2_pooled_any_type vs PHY_pooled_any_type,level2,false_negative_phy_code_missed_by_llm,05-03,98
Evaluation 4: EXP2 vs EXP4 vs PHY,EXP2,EXP2_pooled_any_type vs PHY_pooled_any_type,level2,false_negative_phy_code_missed_by_llm,03-06,84
Evaluation 4: EXP2 vs EXP4 vs PHY,EXP2,EXP2_pooled_any_type vs PHY_pooled_any_type,level2,false_negative_phy_code_missed_by_llm,01-01,75
Evaluation 4: EXP2 vs EXP4 vs PHY,EXP2,EXP2_pooled_any_type vs PHY_pooled_any_type,level2,false_negative_phy_code_missed_by_llm,03-01,68
Evaluation 4: EXP2 vs EXP4 vs PHY,EXP2,EXP2_pooled_any_type vs PHY_pooled_any_type,level2,false_negative_phy_code_missed_by_llm,03-03,66
Evaluation 4: EXP2 vs EXP4 vs PHY,EXP2,EXP2_pooled_any_type vs PHY_pooled_any_type,level2,false_negative_phy_code_missed_by_llm,03-00,53
Evaluation 4: EXP2 vs EXP4 vs PHY,EXP2,EXP2_pooled_any_type vs PHY_pooled_any_type,level2,false_negative_phy_code_missed_by_llm,05-06,50
Evaluation 4: EXP2 vs EXP4 vs PHY,EXP2,EXP2_pooled_any_type vs PHY_pooled_any_type,level2,false_negative_phy_code_missed_by_llm,01-00,46
Evaluation 4: EXP2 vs EXP4 vs PHY,EXP2,EXP2_pooled_any_type vs PHY_pooled_any_type,level2,false_negative_phy_code_missed_by_llm,04-05,42
Evaluation 4: EXP2 vs EXP4 vs PHY,EXP2,EXP2_pooled_any_type vs PHY_pooled_any_type,level2,false_negative_phy_code_missed_by_llm,04-00,33
Evaluation 4: EXP2 vs EXP4 vs PHY,EXP2,EXP2_pooled_any_type vs PHY_pooled_any_type,level2,false_negative_phy_code_missed_by_llm,04-03,32
Evaluation 4: EXP2 vs EXP4 vs PHY,EXP2,EXP2_pooled_any_type vs PHY_pooled_any_type,level2,false_negative_phy_code_missed_by_llm,04-01,30
Evaluation 4: EXP2 vs EXP4 vs PHY,EXP2,EXP2_pooled_any_type vs PHY_pooled_any_type,level2,false_negative_phy_code_missed_by_llm,03-04,28
Evaluation 4: EXP2 vs EXP4 vs PHY,EXP2,EXP2_pooled_any_type vs PHY_pooled_any_type,level2,false_negative_phy_code_missed_by_llm,05-04,25
Evaluation 4: EXP2 vs EXP4 vs PHY,EXP2,EXP2_pooled_any_type vs PHY_pooled_any_type,level2,false_negative_phy_code_missed_by_llm,03-09,23
Evaluation 4: EXP2 vs EXP4 vs PHY,EXP2,EXP2_pooled_any_type vs PHY_pooled_any_type,level2,false_negative_phy_code_missed_by_llm,01-03,16
Evaluation 4: EXP2 vs EXP4 vs PHY,EXP2,EXP2_pooled_any_type vs PHY_pooled_any_type,level2,false_negative_phy_code_missed_by_llm,03-02,16
Evaluation 4: EXP2 vs EXP4 vs PHY,EXP2,EXP2_pooled_any_type vs PHY_pooled_any_type,level2,false_negative_phy_code_missed_by_llm,05-00,16
Evaluation 4: EXP2 vs EXP4 vs PHY,EXP2,EXP2_pooled_any_type vs PHY_pooled_any_type,level2,false_negative_phy_code_missed_by_llm,03-08,14
Evaluation 4: EXP2 vs EXP4 vs PHY,EXP2,EXP2_pooled_any_type vs PHY_pooled_any_type,level2,false_negative_phy_code_missed_by_llm,01-05,12
Evaluation 4: EXP2 vs EXP4 vs PHY,EXP2,EXP2_pooled_any_type vs PHY_pooled_any_type,level2,false_negative_phy_code_missed_by_llm,04-02,11
Evaluation 4: EXP2 vs EXP4 vs PHY,EXP2,EXP2_pooled_any_type vs PHY_pooled_any_type,level2,false_negative_phy_code_missed_by_llm,02-04,10
Evaluation 4: EXP2 vs EXP4 vs PHY,EXP2,EXP2_pooled_any_type vs PHY_pooled_any_type,level2,false_negative_phy_code_missed_by_llm,04-08,8
Evaluation 4: EXP2 vs EXP4 vs PHY,EXP2,EXP2_pooled_any_type vs PHY_pooled_any_type,level2,false_negative_phy_code_missed_by_llm,02-03,8
Evaluation 4: EXP2 vs EXP4 vs PHY,EXP2,EXP2_pooled_any_type vs PHY_pooled_any_type,level2,false_negative_phy_code_missed_by_llm,02-00,7
Evaluation 4: EXP2 vs EXP4 vs PHY,EXP2,EXP2_pooled_any_type vs PHY_pooled_any_type,level2,false_negative_phy_code_missed_by_llm,03-07,7
Evaluation 4: EXP2 vs EXP4 vs PHY,EXP2,EXP2_pooled_any_type vs PHY_pooled_any_type,level2,false_negative_phy_code_missed_by_llm,02-01,6
Evaluation 4: EXP2 vs EXP4 vs PHY,EXP2,EXP2_pooled_any_type vs PHY_pooled_any_type,level2,false_negative_phy_code_missed_by_llm,03-05,5
Evaluation 4: EXP2 vs EXP4 vs PHY,EXP2,EXP2_pooled_any_type vs PHY_pooled_any_type,level2,false_negative_phy_code_missed_by_llm,04-04,4
Evaluation 4: EXP2 vs EXP4 vs PHY,EXP2,EXP2_pooled_any_type vs PHY_pooled_any_type,level2,false_negative_phy_code_missed_by_llm,02-05,3
Evaluation 4: EXP2 vs EXP4 vs PHY,EXP2,EXP2_pooled_any_type vs PHY_pooled_any_type,level2,false_negative_phy_code_missed_by_llm,02-02,3
Evaluation 4: EXP2 vs EXP4 vs PHY,EXP2,EXP2_pooled_any_type vs PHY_pooled_any_type,level2,false_negative_phy_code_missed_by_llm,05-08,2
Evaluation 4: EXP2 vs EXP4 vs PHY,EXP2,EXP2_pooled_any_type vs PHY_pooled_any_type,level2,false_negative_phy_code_missed_by_llm,04-06,1
Evaluation 4: EXP2 vs EXP4 vs PHY,EXP2,EXP2_pooled_any_type vs PHY_pooled_any_type,level2,false_negative_phy_code_missed_by_llm,01-07,1
Evaluation 4: EXP2 vs EXP4 vs PHY,EXP2,EXP2_pooled_any_type vs PHY_pooled_any_type,level2,false_negative_phy_code_missed_by_llm,02-06,1
Evaluation 4: EXP2 vs EXP4 vs PHY,EXP2,EXP2_pooled_any_type vs PHY_pooled_any_type,level2,false_negative_phy_code_missed_by_llm,04-09,1
Evaluation 4: EXP2 vs EXP4 vs PHY,EXP2,EXP2_pooled_any_type vs PHY_pooled_any_type,level2,false_positive_llm_extra_code_not_in_phy,01-01,1153
Evaluation 4: EXP2 vs EXP4 vs PHY,EXP2,EXP2_pooled_any_type vs PHY_pooled_any_type,level2,false_positive_llm_extra_code_not_in_phy,03-08,819
Evaluation 4: EXP2 vs EXP4 vs PHY,EXP2,EXP2_pooled_any_type vs PHY_pooled_any_type,level2,false_positive_llm_extra_code_not_in_phy,03-09,701
Evaluation 4: EXP2 vs EXP4 vs PHY,EXP2,EXP2_pooled_any_type vs PHY_pooled_any_type,level2,false_positive_llm_extra_code_not_in_phy,00-02,615
Evaluation 4: EXP2 vs EXP4 vs PHY,EXP2,EXP2_pooled_any_type vs PHY_pooled_any_type,level2,false_positive_llm_extra_code_not_in_phy,03-02,416
Evaluation 4: EXP2 vs EXP4 vs PHY,EXP2,EXP2_pooled_any_type vs PHY_pooled_any_type,level2,false_positive_llm_extra_code_not_in_phy,03-01,349
Evaluation 4: EXP2 vs EXP4 vs PHY,EXP2,EXP2_pooled_any_type vs PHY_pooled_any_type,level2,false_positive_llm_extra_code_not_in_phy,03-03,343
Evaluation 4: EXP2 vs EXP4 vs PHY,EXP2,EXP2_pooled_any_type vs PHY_pooled_any_type,level2,false_positive_llm_extra_code_not_in_phy,01-05,326
Evaluation 4: EXP2 vs EXP4 vs PHY,EXP2,EXP2_pooled_any_type vs PHY_pooled_any_type,level2,false_positive_llm_extra_code_not_in_phy,03-04,287
Evaluation 4: EXP2 vs EXP4 vs PHY,EXP2,EXP2_pooled_any_type vs PHY_pooled_any_type,level2,false_positive_llm_extra_code_not_in_phy,03-07,197
Evaluation 4: EXP2 vs EXP4 vs PHY,EXP2,EXP2_pooled_any_type vs PHY_pooled_any_type,level2,false_positive_llm_extra_code_not_in_phy,03-06,148
Evaluation 4: EXP2 vs EXP4 vs PHY,EXP2,EXP2_pooled_any_type vs PHY_pooled_any_type,level2,false_positive_llm_extra_code_not_in_phy,01-04,144
Evaluation 4: EXP2 vs EXP4 vs PHY,EXP2,EXP2_pooled_any_type vs PHY_pooled_any_type,level2,false_positive_llm_extra_code_not_in_phy,04-99,133
Evaluation 4: EXP2 vs EXP4 vs PHY,EXP2,EXP2_pooled_any_type vs PHY_pooled_any_type,level2,false_positive_llm_extra_code_not_in_phy,01-99,119
Evaluation 4: EXP2 vs EXP4 vs PHY,EXP2,EXP2_pooled_any_type vs PHY_pooled_any_type,level2,false_positive_llm_extra_code_not_in_phy,05-00,111
Evaluation 4: EXP2 vs EXP4 vs PHY,EXP2,EXP2_pooled_any_type vs PHY_pooled_any_type,level2,false_positive_llm_extra_code_not_in_phy,03-99,75
Evaluation 4: EXP2 vs EXP4 vs PHY,EXP2,EXP2_pooled_any_type vs PHY_pooled_any_type,level2,false_positive_llm_extra_code_not_in_phy,03-05,73
Evaluation 4: EXP2 vs EXP4 vs PHY,EXP2,EXP2_pooled_any_type vs PHY_pooled_any_type,level2,false_positive_llm_extra_code_not_in_phy,05-05,52
Evaluation 4: EXP2 vs EXP4 vs PHY,EXP2,EXP2_pooled_any_type vs PHY_pooled_any_type,level2,false_positive_llm_extra_code_not_in_phy,05-06,42
Evaluation 4: EXP2 vs EXP4 vs PHY,EXP2,EXP2_pooled_any_type vs PHY_pooled_any_type,level2,false_positive_llm_extra_code_not_in_phy,05-08,39
Evaluation 4: EXP2 vs EXP4 vs PHY,EXP2,EXP2_pooled_any_type vs PHY_pooled_any_type,level2,false_positive_llm_extra_code_not_in_phy,04-09,35
Evaluation 4: EXP2 vs EXP4 vs PHY,EXP2,EXP2_pooled_any_type vs PHY_pooled_any_type,level2,false_positive_llm_extra_code_not_in_phy,02-04,31
Evaluation 4: EXP2 vs EXP4 vs PHY,EXP2,EXP2_pooled_any_type vs PHY_pooled_any_type,level2,false_positive_llm_extra_code_not_in_phy,04-00,28
Evaluation 4: EXP2 vs EXP4 vs PHY,EXP2,EXP2_pooled_any_type vs PHY_pooled_any_type,level2,false_positive_llm_extra_code_not_in_phy,02-99,26
Evaluation 4: EXP2 vs EXP4 vs PHY,EXP2,EXP2_pooled_any_type vs PHY_pooled_any_type,level2,false_positive_llm_extra_code_not_in_phy,01-03,23
Evaluation 4: EXP2 vs EXP4 vs PHY,EXP2,EXP2_pooled_any_type vs PHY_pooled_any_type,level2,false_positive_llm_extra_code_not_in_phy,05-03,18
Evaluation 4: EXP2 vs EXP4 vs PHY,EXP2,EXP2_pooled_any_type vs PHY_pooled_any_type,level2,false_positive_llm_extra_code_not_in_phy,05-99,14
Evaluation 4: EXP2 vs EXP4 vs PHY,EXP2,EXP2_pooled_any_type vs PHY_pooled_any_type,level2,false_positive_llm_extra_code_not_in_phy,04-06,12
Evaluation 4: EXP2 vs EXP4 vs PHY,EXP2,EXP2_pooled_any_type vs PHY_pooled_any_type,level2,false_positive_llm_extra_code_not_in_phy,00-04,10
Evaluation 4: EXP2 vs EXP4 vs PHY,EXP2,EXP2_pooled_any_type vs PHY_pooled_any_type,level2,false_positive_llm_extra_code_not_in_phy,02-00,10
Evaluation 4: EXP2 vs EXP4 vs PHY,EXP2,EXP2_pooled_any_type vs PHY_pooled_any_type,level2,false_positive_llm_extra_code_not_in_phy,00-03,8
Evaluation 4: EXP2 vs EXP4 vs PHY,EXP2,EXP2_pooled_any_type vs PHY_pooled_any_type,level2,false_positive_llm_extra_code_not_in_phy,04-02,8
Evaluation 4: EXP2 vs EXP4 vs PHY,EXP2,EXP2_pooled_any_type vs PHY_pooled_any_type,level2,false_positive_llm_extra_code_not_in_phy,04-08,8
Evaluation 4: EXP2 vs EXP4 vs PHY,EXP2,EXP2_pooled_any_type vs PHY_pooled_any_type,level2,false_positive_llm_extra_code_not_in_phy,02-05,5
Evaluation 4: EXP2 vs EXP4 vs PHY,EXP2,EXP2_pooled_any_type vs PHY_pooled_any_type,level2,false_positive_llm_extra_code_not_in_phy,04-05,5
Evaluation 4: EXP2 vs EXP4 vs PHY,EXP2,EXP2_pooled_any_type vs PHY_pooled_any_type,level2,false_positive_llm_extra_code_not_in_phy,00-01,4
Evaluation 4: EXP2 vs EXP4 vs PHY,EXP2,EXP2_pooled_any_type vs PHY_pooled_any_type,level2,false_positive_llm_extra_code_not_in_phy,04-07,3
Evaluation 4: EXP2 vs EXP4 vs PHY,EXP2,EXP2_pooled_any_type vs PHY_pooled_any_type,level2,false_positive_llm_extra_code_not_in_phy,05-04,3
Evaluation 4: EXP2 vs EXP4 vs PHY,EXP2,EXP2_pooled_any_type vs PHY_pooled_any_type,level2,false_positive_llm_extra_code_not_in_phy,04-01,2
Evaluation 4: EXP2 vs EXP4 vs PHY,EXP2,EXP2_pooled_any_type vs PHY_pooled_any_type,level2,false_positive_llm_extra_code_not_in_phy,01-00,1
Evaluation 4: EXP2 vs EXP4 vs PHY,EXP2,EXP2_pooled_any_type vs PHY_pooled_any_type,level2,false_positive_llm_extra_code_not_in_phy,99-00,1
Evaluation 4: EXP2 vs EXP4 vs PHY,EXP2,EXP2_pooled_any_type vs PHY_pooled_any_type,level2,false_positive_llm_extra_code_not_in_phy,02-01,1
Evaluation 4: EXP2 vs EXP4 vs PHY,EXP2,EXP2_pooled_any_type vs PHY_pooled_any_type,level2,false_positive_llm_extra_code_not_in_phy,01-09,1
Evaluation 4: EXP2 vs EXP4 vs PHY,EXP2,EXP2_pooled_any_type vs PHY_pooled_any_type,level2,false_positive_llm_extra_code_not_in_phy,02-03,1
Evaluation 4: EXP2 vs EXP4 vs PHY,EXP2,EXP2_pooled_any_type vs PHY_pooled_any_type,level2,false_positive_llm_extra_code_not_in_phy,05-02,1
Evaluation 4: EXP2 vs EXP4 vs PHY,EXP2,EXP2_pooled_any_type vs PHY_pooled_any_type,level2,false_positive_llm_extra_code_not_in_phy,01-06,1
Evaluation 4: EXP2 vs EXP4 vs PHY,EXP2,EXP2_pooled_any_type vs PHY_pooled_any_type,level2,false_positive_llm_extra_code_not_in_phy,05-09,1
Evaluation 4: EXP2 vs EXP4 vs PHY,EXP2,EXP2_pooled_any_type vs PHY_pooled_any_type,level2,false_positive_llm_extra_code_not_in_phy,02-06,1
Evaluation 4: EXP2 vs EXP4 vs PHY,EXP2,EXP2_pooled_any_type vs PHY_pooled_any_type,level2,false_positive_llm_extra_code_not_in_phy,02-02,1
Evaluation 4: EXP2 vs EXP4 vs PHY,EXP2,EXP2_pooled_any_type vs PHY_pooled_any_type,level2,true_positive_code_found_by_both,01-01,797
Evaluation 4: EXP2 vs EXP4 vs PHY,EXP2,EXP2_pooled_any_type vs PHY_pooled_any_type,level2,true_positive_code_found_by_both,01-04,753
Evaluation 4: EXP2 vs EXP4 vs PHY,EXP2,EXP2_pooled_any_type vs PHY_pooled_any_type,level2,true_positive_code_found_by_both,03-01,444
Evaluation 4: EXP2 vs EXP4 vs PHY,EXP2,EXP2_pooled_any_type vs PHY_pooled_any_type,level2,true_positive_code_found_by_both,03-03,153
Evaluation 4: EXP2 vs EXP4 vs PHY,EXP2,EXP2_pooled_any_type vs PHY_pooled_any_type,level2,true_positive_code_found_by_both,03-06,120
Evaluation 4: EXP2 vs EXP4 vs PHY,EXP2,EXP2_pooled_any_type vs PHY_pooled_any_type,level2,true_positive_code_found_by_both,03-05,107
Evaluation 4: EXP2 vs EXP4 vs PHY,EXP2,EXP2_pooled_any_type vs PHY_pooled_any_type,level2,true_positive_code_found_by_both,05-05,91
Evaluation 4: EXP2 vs EXP4 vs PHY,EXP2,EXP2_pooled_any_type vs PHY_pooled_any_type,level2,true_positive_code_found_by_both,03-08,69
Evaluation 4: EXP2 vs EXP4 vs PHY,EXP2,EXP2_pooled_any_type vs PHY_pooled_any_type,level2,true_positive_code_found_by_both,05-06,67
Evaluation 4: EXP2 vs EXP4 vs PHY,EXP2,EXP2_pooled_any_type vs PHY_pooled_any_type,level2,true_positive_code_found_by_both,03-04,64
Evaluation 4: EXP2 vs EXP4 vs PHY,EXP2,EXP2_pooled_any_type vs PHY_pooled_any_type,level2,true_positive_code_found_by_both,05-03,52
Evaluation 4: EXP2 vs EXP4 vs PHY,EXP2,EXP2_pooled_any_type vs PHY_pooled_any_type,level2,true_positive_code_found_by_both,03-09,47
Evaluation 4: EXP2 vs EXP4 vs PHY,EXP2,EXP2_pooled_any_type vs PHY_pooled_any_type,level2,true_positive_code_found_by_both,01-05,43
Evaluation 4: EXP2 vs EXP4 vs PHY,EXP2,EXP2_pooled_any_type vs PHY_pooled_any_type,level2,true_positive_code_found_by_both,04-01,42
Evaluation 4: EXP2 vs EXP4 vs PHY,EXP2,EXP2_pooled_any_type vs PHY_pooled_any_type,level2,true_positive_code_found_by_both,03-02,38
Evaluation 4: EXP2 vs EXP4 vs PHY,EXP2,EXP2_pooled_any_type vs PHY_pooled_any_type,level2,true_positive_code_found_by_both,03-07,28
Evaluation 4: EXP2 vs EXP4 vs PHY,EXP2,EXP2_pooled_any_type vs PHY_pooled_any_type,level2,true_positive_code_found_by_both,04-03,26
Evaluation 4: EXP2 vs EXP4 vs PHY,EXP2,EXP2_pooled_any_type vs PHY_pooled_any_type,level2,true_positive_code_found_by_both,04-08,18
Evaluation 4: EXP2 vs EXP4 vs PHY,EXP2,EXP2_pooled_any_type vs PHY_pooled_any_type,level2,true_positive_code_found_by_both,04-05,15
Evaluation 4: EXP2 vs EXP4 vs PHY,EXP2,EXP2_pooled_any_type vs PHY_pooled_any_type,level2,true_positive_code_found_by_both,04-06,13
Evaluation 4: EXP2 vs EXP4 vs PHY,EXP2,EXP2_pooled_any_type vs PHY_pooled_any_type,level2,true_positive_code_found_by_both,04-02,11
Evaluation 4: EXP2 vs EXP4 vs PHY,EXP2,EXP2_pooled_any_type vs PHY_pooled_any_type,level2,true_positive_code_found_by_both,02-03,10
Evaluation 4: EXP2 vs EXP4 vs PHY,EXP2,EXP2_pooled_any_type vs PHY_pooled_any_type,level2,true_positive_code_found_by_both,05-00,8
Evaluation 4: EXP2 vs EXP4 vs PHY,EXP2,EXP2_pooled_any_type vs PHY_pooled_any_type,level2,true_positive_code_found_by_both,02-05,5
Evaluation 4: EXP2 vs EXP4 vs PHY,EXP2,EXP2_pooled_any_type vs PHY_pooled_any_type,level2,true_positive_code_found_by_both,04-07,4
Evaluation 4: EXP2 vs EXP4 vs PHY,EXP2,EXP2_pooled_any_type vs PHY_pooled_any_type,level2,true_positive_code_found_by_both,05-04,4
Evaluation 4: EXP2 vs EXP4 vs PHY,EXP2,EXP2_pooled_any_type vs PHY_pooled_any_type,level2,true_positive_code_found_by_both,02-00,3
Evaluation 4: EXP2 vs EXP4 vs PHY,EXP2,EXP2_pooled_any_type vs PHY_pooled_any_type,level2,true_positive_code_found_by_both,01-03,3
Evaluation 4: EXP2 vs EXP4 vs PHY,EXP2,EXP2_pooled_any_type vs PHY_pooled_any_type,level2,true_positive_code_found_by_both,05-08,3
Evaluation 4: EXP2 vs EXP4 vs PHY,EXP2,EXP2_pooled_any_type vs PHY_pooled_any_type,level2,true_positive_code_found_by_both,01-07,2
Evaluation 4: EXP2 vs EXP4 vs PHY,EXP2,EXP2_pooled_any_type vs PHY_pooled_any_type,level2,true_positive_code_found_by_both,02-02,2
Evaluation 4: EXP2 vs EXP4 vs PHY,EXP2,EXP2_pooled_any_type vs PHY_pooled_any_type,level2,true_positive_code_found_by_both,02-04,1
Evaluation 4: EXP2 vs EXP4 vs PHY,EXP2,EXP2_pooled_any_type vs PHY_pooled_any_type,level2,true_positive_code_found_by_both,04-00,1
Evaluation 4: EXP2 vs EXP4 vs PHY,EXP2,EXP2_pooled_any_type vs PHY_pooled_any_type,level2,true_positive_code_found_by_both,04-04,1
Evaluation 4: EXP2 vs EXP4 vs PHY,EXP4,EXP4_pooled_any_type vs PHY_pooled_any_type,full,false_negative_phy_code_missed_by_llm,01-04-02,151
Evaluation 4: EXP2 vs EXP4 vs PHY,EXP4,EXP4_pooled_any_type vs PHY_pooled_any_type,full,false_negative_phy_code_missed_by_llm,01-01-00,115
Evaluation 4: EXP2 vs EXP4 vs PHY,EXP4,EXP4_pooled_any_type vs PHY_pooled_any_type,full,false_negative_phy_code_missed_by_llm,05-05-00,113
Evaluation 4: EXP2 vs EXP4 vs PHY,EXP4,EXP4_pooled_any_type vs PHY_pooled_any_type,full,false_negative_phy_code_missed_by_llm,01-01-01,102
Evaluation 4: EXP2 vs EXP4 vs PHY,EXP4,EXP4_pooled_any_type vs PHY_pooled_any_type,full,false_negative_phy_code_missed_by_llm,03-03-00,101
Evaluation 4: EXP2 vs EXP4 vs PHY,EXP4,EXP4_pooled_any_type vs PHY_pooled_any_type,full,false_negative_phy_code_missed_by_llm,05-03-00,99
Evaluation 4: EXP2 vs EXP4 vs PHY,EXP4,EXP4_pooled_any_type vs PHY_pooled_any_type,full,false_negative_phy_code_missed_by_llm,03-01-02,72
Evaluation 4: EXP2 vs EXP4 vs PHY,EXP4,EXP4_pooled_any_type vs PHY_pooled_any_type,full,false_negative_phy_code_missed_by_llm,03-06-00,56
Evaluation 4: EXP2 vs EXP4 vs PHY,EXP4,EXP4_pooled_any_type vs PHY_pooled_any_type,full,false_negative_phy_code_missed_by_llm,03-00-00,53
Evaluation 4: EXP2 vs EXP4 vs PHY,EXP4,EXP4_pooled_any_type vs PHY_pooled_any_type,full,false_negative_phy_code_missed_by_llm,01-04-00,46
Evaluation 4: EXP2 vs EXP4 vs PHY,EXP4,EXP4_pooled_any_type vs PHY_pooled_any_type,full,false_negative_phy_code_missed_by_llm,01-00-00,46
Evaluation 4: EXP2 vs EXP4 vs PHY,EXP4,EXP4_pooled_any_type vs PHY_pooled_any_type,full,false_negative_phy_code_missed_by_llm,03-01-04,43
Evaluation 4: EXP2 vs EXP4 vs PHY,EXP4,EXP4_pooled_any_type vs PHY_pooled_any_type,full,false_negative_phy_code_missed_by_llm,04-05-00,41
Evaluation 4: EXP2 vs EXP4 vs PHY,EXP4,EXP4_pooled_any_type vs PHY_pooled_any_type,full,false_negative_phy_code_missed_by_llm,04-03-00,37
Evaluation 4: EXP2 vs EXP4 vs PHY,EXP4,EXP4_pooled_any_type vs PHY_pooled_any_type,full,false_negative_phy_code_missed_by_llm,03-04-00,37
Evaluation 4: EXP2 vs EXP4 vs PHY,EXP4,EXP4_pooled_any_type vs PHY_pooled_any_type,full,false_negative_phy_code_missed_by_llm,03-06-02,37
Evaluation 4: EXP2 vs EXP4 vs PHY,EXP4,EXP4_pooled_any_type vs PHY_pooled_any_type,full,false_negative_phy_code_missed_by_llm,05-06-00,37
Evaluation 4: EXP2 vs EXP4 vs PHY,EXP4,EXP4_pooled_any_type vs PHY_pooled_any_type,full,false_negative_phy_code_missed_by_llm,01-01-05,36
Evaluation 4: EXP2 vs EXP4 vs PHY,EXP4,EXP4_pooled_any_type vs PHY_pooled_any_type,full,false_negative_phy_code_missed_by_llm,01-01-04,33
Evaluation 4: EXP2 vs EXP4 vs PHY,EXP4,EXP4_pooled_any_type vs PHY_pooled_any_type,full,false_negative_phy_code_missed_by_llm,04-00-00,32
Evaluation 4: EXP2 vs EXP4 vs PHY,EXP4,EXP4_pooled_any_type vs PHY_pooled_any_type,full,false_negative_phy_code_missed_by_llm,03-01-00,32
Evaluation 4: EXP2 vs EXP4 vs PHY,EXP4,EXP4_pooled_any_type vs PHY_pooled_any_type,full,false_negative_phy_code_missed_by_llm,04-01-00,31
Evaluation 4: EXP2 vs EXP4 vs PHY,EXP4,EXP4_pooled_any_type vs PHY_pooled_any_type,full,false_negative_phy_code_missed_by_llm,01-01-06,30
Evaluation 4: EXP2 vs EXP4 vs PHY,EXP4,EXP4_pooled_any_type vs PHY_pooled_any_type,full,false_negative_phy_code_missed_by_llm,01-04-03,29
Evaluation 4: EXP2 vs EXP4 vs PHY,EXP4,EXP4_pooled_any_type vs PHY_pooled_any_type,full,false_negative_phy_code_missed_by_llm,03-06-04,27
Evaluation 4: EXP2 vs EXP4 vs PHY,EXP4,EXP4_pooled_any_type vs PHY_pooled_any_type,full,false_negative_phy_code_missed_by_llm,03-03-02,26
Evaluation 4: EXP2 vs EXP4 vs PHY,EXP4,EXP4_pooled_any_type vs PHY_pooled_any_type,full,false_negative_phy_code_missed_by_llm,05-04-00,26
Evaluation 4: EXP2 vs EXP4 vs PHY,EXP4,EXP4_pooled_any_type vs PHY_pooled_any_type,full,false_negative_phy_code_missed_by_llm,03-08-01,25
Evaluation 4: EXP2 vs EXP4 vs PHY,EXP4,EXP4_pooled_any_type vs PHY_pooled_any_type,full,false_negative_phy_code_missed_by_llm,03-03-03,23
Evaluation 4: EXP2 vs EXP4 vs PHY,EXP4,EXP4_pooled_any_type vs PHY_pooled_any_type,full,false_negative_phy_code_missed_by_llm,01-01-02,22
Evaluation 4: EXP2 vs EXP4 vs PHY,EXP4,EXP4_pooled_any_type vs PHY_pooled_any_type,full,false_negative_phy_code_missed_by_llm,03-09-01,18
Evaluation 4: EXP2 vs EXP4 vs PHY,EXP4,EXP4_pooled_any_type vs PHY_pooled_any_type,full,false_negative_phy_code_missed_by_llm,05-00-00,17
Evaluation 4: EXP2 vs EXP4 vs PHY,EXP4,EXP4_pooled_any_type vs PHY_pooled_any_type,full,false_negative_phy_code_missed_by_llm,01-04-01,15
Evaluation 4: EXP2 vs EXP4 vs PHY,EXP4,EXP4_pooled_any_type vs PHY_pooled_any_type,full,false_negative_phy_code_missed_by_llm,03-07-00,15
Evaluation 4: EXP2 vs EXP4 vs PHY,EXP4,EXP4_pooled_any_type vs PHY_pooled_any_type,full,false_negative_phy_code_missed_by_llm,01-05-00,14
Evaluation 4: EXP2 vs EXP4 vs PHY,EXP4,EXP4_pooled_any_type vs PHY_pooled_any_type,full,false_negative_phy_code_missed_by_llm,03-01-03,13
Evaluation 4: EXP2 vs EXP4 vs PHY,EXP4,EXP4_pooled_any_type vs PHY_pooled_any_type,full,false_negative_phy_code_missed_by_llm,01-03-00,12
Evaluation 4: EXP2 vs EXP4 vs PHY,EXP4,EXP4_pooled_any_type vs PHY_pooled_any_type,full,false_negative_phy_code_missed_by_llm,03-04-01,12
Evaluation 4: EXP2 vs EXP4 vs PHY,EXP4,EXP4_pooled_any_type vs PHY_pooled_any_type,full,false_negative_phy_code_missed_by_llm,03-06-03,12
Evaluation 4: EXP2 vs EXP4 vs PHY,EXP4,EXP4_pooled_any_type vs PHY_pooled_any_type,full,false_negative_phy_code_missed_by_llm,03-02-02,12
Evaluation 4: EXP2 vs EXP4 vs PHY,EXP4,EXP4_pooled_any_type vs PHY_pooled_any_type,full,false_negative_phy_code_missed_by_llm,03-01-01,11
Evaluation 4: EXP2 vs EXP4 vs PHY,EXP4,EXP4_pooled_any_type vs PHY_pooled_any_type,full,false_negative_phy_code_missed_by_llm,02-04-00,11
Evaluation 4: EXP2 vs EXP4 vs PHY,EXP4,EXP4_pooled_any_type vs PHY_pooled_any_type,full,false_negative_phy_code_missed_by_llm,04-02-00,11
Evaluation 4: EXP2 vs EXP4 vs PHY,EXP4,EXP4_pooled_any_type vs PHY_pooled_any_type,full,false_negative_phy_code_missed_by_llm,02-03-00,11
Evaluation 4: EXP2 vs EXP4 vs PHY,EXP4,EXP4_pooled_any_type vs PHY_pooled_any_type,full,false_negative_phy_code_missed_by_llm,02-00-00,10
Evaluation 4: EXP2 vs EXP4 vs PHY,EXP4,EXP4_pooled_any_type vs PHY_pooled_any_type,full,false_negative_phy_code_missed_by_llm,03-08-00,7
Evaluation 4: EXP2 vs EXP4 vs PHY,EXP4,EXP4_pooled_any_type vs PHY_pooled_any_type,full,false_negative_phy_code_missed_by_llm,03-03-01,7
Evaluation 4: EXP2 vs EXP4 vs PHY,EXP4,EXP4_pooled_any_type vs PHY_pooled_any_type,full,false_negative_phy_code_missed_by_llm,04-08-00,6
Evaluation 4: EXP2 vs EXP4 vs PHY,EXP4,EXP4_pooled_any_type vs PHY_pooled_any_type,full,false_negative_phy_code_missed_by_llm,03-07-01,6
Evaluation 4: EXP2 vs EXP4 vs PHY,EXP4,EXP4_pooled_any_type vs PHY_pooled_any_type,full,false_negative_phy_code_missed_by_llm,03-05-01,5
Evaluation 4: EXP2 vs EXP4 vs PHY,EXP4,EXP4_pooled_any_type vs PHY_pooled_any_type,full,false_negative_phy_code_missed_by_llm,03-06-01,5
Evaluation 4: EXP2 vs EXP4 vs PHY,EXP4,EXP4_pooled_any_type vs PHY_pooled_any_type,full,false_negative_phy_code_missed_by_llm,02-01-00,5
Evaluation 4: EXP2 vs EXP4 vs PHY,EXP4,EXP4_pooled_any_type vs PHY_pooled_any_type,full,false_negative_phy_code_missed_by_llm,03-09-00,5
Evaluation 4: EXP2 vs EXP4 vs PHY,EXP4,EXP4_pooled_any_type vs PHY_pooled_any_type,full,false_negative_phy_code_missed_by_llm,03-02-00,5
Evaluation 4: EXP2 vs EXP4 vs PHY,EXP4,EXP4_pooled_any_type vs PHY_pooled_any_type,full,false_negative_phy_code_missed_by_llm,02-05-00,4
Evaluation 4: EXP2 vs EXP4 vs PHY,EXP4,EXP4_pooled_any_type vs PHY_pooled_any_type,full,false_negative_phy_code_missed_by_llm,04-04-00,4
Evaluation 4: EXP2 vs EXP4 vs PHY,EXP4,EXP4_pooled_any_type vs PHY_pooled_any_type,full,false_negative_phy_code_missed_by_llm,05-08-00,4
Evaluation 4: EXP2 vs EXP4 vs PHY,EXP4,EXP4_pooled_any_type vs PHY_pooled_any_type,full,false_negative_phy_code_missed_by_llm,03-04-02,2
Evaluation 4: EXP2 vs EXP4 vs PHY,EXP4,EXP4_pooled_any_type vs PHY_pooled_any_type,full,false_negative_phy_code_missed_by_llm,03-02-01,2
Evaluation 4: EXP2 vs EXP4 vs PHY,EXP4,EXP4_pooled_any_type vs PHY_pooled_any_type,full,false_negative_phy_code_missed_by_llm,03-05-00,2
Evaluation 4: EXP2 vs EXP4 vs PHY,EXP4,EXP4_pooled_any_type vs PHY_pooled_any_type,full,false_negative_phy_code_missed_by_llm,03-06-05,2
Evaluation 4: EXP2 vs EXP4 vs PHY,EXP4,EXP4_pooled_any_type vs PHY_pooled_any_type,full,false_negative_phy_code_missed_by_llm,01-07-00,1
Evaluation 4: EXP2 vs EXP4 vs PHY,EXP4,EXP4_pooled_any_type vs PHY_pooled_any_type,full,false_negative_phy_code_missed_by_llm,02-06-00,1
Evaluation 4: EXP2 vs EXP4 vs PHY,EXP4,EXP4_pooled_any_type vs PHY_pooled_any_type,full,false_negative_phy_code_missed_by_llm,02-02-00,1
Evaluation 4: EXP2 vs EXP4 vs PHY,EXP4,EXP4_pooled_any_type vs PHY_pooled_any_type,full,false_negative_phy_code_missed_by_llm,04-09-00,1
Evaluation 4: EXP2 vs EXP4 vs PHY,EXP4,EXP4_pooled_any_type vs PHY_pooled_any_type,full,false_positive_llm_extra_code_not_in_phy,01-01-04,748
Evaluation 4: EXP2 vs EXP4 vs PHY,EXP4,EXP4_pooled_any_type vs PHY_pooled_any_type,full,false_positive_llm_extra_code_not_in_phy,03-09-01,714
Evaluation 4: EXP2 vs EXP4 vs PHY,EXP4,EXP4_pooled_any_type vs PHY_pooled_any_type,full,false_positive_llm_extra_code_not_in_phy,03-08-00,683
Evaluation 4: EXP2 vs EXP4 vs PHY,EXP4,EXP4_pooled_any_type vs PHY_pooled_any_type,full,false_positive_llm_extra_code_not_in_phy,00-02-00,603
Evaluation 4: EXP2 vs EXP4 vs PHY,EXP4,EXP4_pooled_any_type vs PHY_pooled_any_type,full,false_positive_llm_extra_code_not_in_phy,01-01-00,544
Evaluation 4: EXP2 vs EXP4 vs PHY,EXP4,EXP4_pooled_any_type vs PHY_pooled_any_type,full,false_positive_llm_extra_code_not_in_phy,03-01-01,348
Evaluation 4: EXP2 vs EXP4 vs PHY,EXP4,EXP4_pooled_any_type vs PHY_pooled_any_type,full,false_positive_llm_extra_code_not_in_phy,01-05-00,348
Evaluation 4: EXP2 vs EXP4 vs PHY,EXP4,EXP4_pooled_any_type vs PHY_pooled_any_type,full,false_positive_llm_extra_code_not_in_phy,03-02-00,314
Evaluation 4: EXP2 vs EXP4 vs PHY,EXP4,EXP4_pooled_any_type vs PHY_pooled_any_type,full,false_positive_llm_extra_code_not_in_phy,01-01-01,259
Evaluation 4: EXP2 vs EXP4 vs PHY,EXP4,EXP4_pooled_any_type vs PHY_pooled_any_type,full,false_positive_llm_extra_code_not_in_phy,01-04-01,256
Evaluation 4: EXP2 vs EXP4 vs PHY,EXP4,EXP4_pooled_any_type vs PHY_pooled_any_type,full,false_positive_llm_extra_code_not_in_phy,01-01-05,229
Evaluation 4: EXP2 vs EXP4 vs PHY,EXP4,EXP4_pooled_any_type vs PHY_pooled_any_type,full,false_positive_llm_extra_code_not_in_phy,03-07-01,211
Evaluation 4: EXP2 vs EXP4 vs PHY,EXP4,EXP4_pooled_any_type vs PHY_pooled_any_type,full,false_positive_llm_extra_code_not_in_phy,03-04-99,199
Evaluation 4: EXP2 vs EXP4 vs PHY,EXP4,EXP4_pooled_any_type vs PHY_pooled_any_type,full,false_positive_llm_extra_code_not_in_phy,03-03-99,164
Evaluation 4: EXP2 vs EXP4 vs PHY,EXP4,EXP4_pooled_any_type vs PHY_pooled_any_type,full,false_positive_llm_extra_code_not_in_phy,03-06-99,154
Evaluation 4: EXP2 vs EXP4 vs PHY,EXP4,EXP4_pooled_any_type vs PHY_pooled_any_type,full,false_positive_llm_extra_code_not_in_phy,01-01-06,151
Evaluation 4: EXP2 vs EXP4 vs PHY,EXP4,EXP4_pooled_any_type vs PHY_pooled_any_type,full,false_positive_llm_extra_code_not_in_phy,01-01-02,151
Evaluation 4: EXP2 vs EXP4 vs PHY,EXP4,EXP4_pooled_any_type vs PHY_pooled_any_type,full,false_positive_llm_extra_code_not_in_phy,01-04-02,146
Evaluation 4: EXP2 vs EXP4 vs PHY,EXP4,EXP4_pooled_any_type vs PHY_pooled_any_type,full,false_positive_llm_extra_code_not_in_phy,03-03-03,134
Evaluation 4: EXP2 vs EXP4 vs PHY,EXP4,EXP4_pooled_any_type vs PHY_pooled_any_type,full,false_positive_llm_extra_code_not_in_phy,01-99-00,133
Evaluation 4: EXP2 vs EXP4 vs PHY,EXP4,EXP4_pooled_any_type vs PHY_pooled_any_type,full,false_positive_llm_extra_code_not_in_phy,03-03-02,123
Evaluation 4: EXP2 vs EXP4 vs PHY,EXP4,EXP4_pooled_any_type vs PHY_pooled_any_type,full,false_positive_llm_extra_code_not_in_phy,03-01-02,113
Evaluation 4: EXP2 vs EXP4 vs PHY,EXP4,EXP4_pooled_any_type vs PHY_pooled_any_type,full,false_positive_llm_extra_code_not_in_phy,04-99-00,104
Evaluation 4: EXP2 vs EXP4 vs PHY,EXP4,EXP4_pooled_any_type vs PHY_pooled_any_type,full,false_positive_llm_extra_code_not_in_phy,05-00-00,103
Evaluation 4: EXP2 vs EXP4 vs PHY,EXP4,EXP4_pooled_any_type vs PHY_pooled_any_type,full,false_positive_llm_extra_code_not_in_phy,01-01-99,99
Evaluation 4: EXP2 vs EXP4 vs PHY,EXP4,EXP4_pooled_any_type vs PHY_pooled_any_type,full,false_positive_llm_extra_code_not_in_phy,03-04-02,93
Evaluation 4: EXP2 vs EXP4 vs PHY,EXP4,EXP4_pooled_any_type vs PHY_pooled_any_type,full,false_positive_llm_extra_code_not_in_phy,03-07-99,90
Evaluation 4: EXP2 vs EXP4 vs PHY,EXP4,EXP4_pooled_any_type vs PHY_pooled_any_type,full,false_positive_llm_extra_code_not_in_phy,03-01-99,87
Evaluation 4: EXP2 vs EXP4 vs PHY,EXP4,EXP4_pooled_any_type vs PHY_pooled_any_type,full,false_positive_llm_extra_code_not_in_phy,03-99-00,80
Evaluation 4: EXP2 vs EXP4 vs PHY,EXP4,EXP4_pooled_any_type vs PHY_pooled_any_type,full,false_positive_llm_extra_code_not_in_phy,03-01-04,77
Evaluation 4: EXP2 vs EXP4 vs PHY,EXP4,EXP4_pooled_any_type vs PHY_pooled_any_type,full,false_positive_llm_extra_code_not_in_phy,05-06-00,75
Evaluation 4: EXP2 vs EXP4 vs PHY,EXP4,EXP4_pooled_any_type vs PHY_pooled_any_type,full,false_positive_llm_extra_code_not_in_phy,03-01-03,74
Evaluation 4: EXP2 vs EXP4 vs PHY,EXP4,EXP4_pooled_any_type vs PHY_pooled_any_type,full,false_positive_llm_extra_code_not_in_phy,03-05-01,72
Evaluation 4: EXP2 vs EXP4 vs PHY,EXP4,EXP4_pooled_any_type vs PHY_pooled_any_type,full,false_positive_llm_extra_code_not_in_phy,03-03-00,70
Evaluation 4: EXP2 vs EXP4 vs PHY,EXP4,EXP4_pooled_any_type vs PHY_pooled_any_type,full,false_positive_llm_extra_code_not_in_phy,03-02-02,60
Evaluation 4: EXP2 vs EXP4 vs PHY,EXP4,EXP4_pooled_any_type vs PHY_pooled_any_type,full,false_positive_llm_extra_code_not_in_phy,05-05-00,56
Evaluation 4: EXP2 vs EXP4 vs PHY,EXP4,EXP4_pooled_any_type vs PHY_pooled_any_type,full,false_positive_llm_extra_code_not_in_phy,03-08-99,55
Evaluation 4: EXP2 vs EXP4 vs PHY,EXP4,EXP4_pooled_any_type vs PHY_pooled_any_type,full,false_positive_llm_extra_code_not_in_phy,01-04-03,51
Evaluation 4: EXP2 vs EXP4 vs PHY,EXP4,EXP4_pooled_any_type vs PHY_pooled_any_type,full,false_positive_llm_extra_code_not_in_phy,03-02-99,44
Evaluation 4: EXP2 vs EXP4 vs PHY,EXP4,EXP4_pooled_any_type vs PHY_pooled_any_type,full,false_positive_llm_extra_code_not_in_phy,03-04-00,44
Evaluation 4: EXP2 vs EXP4 vs PHY,EXP4,EXP4_pooled_any_type vs PHY_pooled_any_type,full,false_positive_llm_extra_code_not_in_phy,03-06-04,44
Evaluation 4: EXP2 vs EXP4 vs PHY,EXP4,EXP4_pooled_any_type vs PHY_pooled_any_type,full,false_positive_llm_extra_code_not_in_phy,05-03-00,40
Evaluation 4: EXP2 vs EXP4 vs PHY,EXP4,EXP4_pooled_any_type vs PHY_pooled_any_type,full,false_positive_llm_extra_code_not_in_phy,04-00-00,38
Evaluation 4: EXP2 vs EXP4 vs PHY,EXP4,EXP4_pooled_any_type vs PHY_pooled_any_type,full,false_positive_llm_extra_code_not_in_phy,01-04-00,37
Evaluation 4: EXP2 vs EXP4 vs PHY,EXP4,EXP4_pooled_any_type vs PHY_pooled_any_type,full,false_positive_llm_extra_code_not_in_phy,03-02-01,36
Evaluation 4: EXP2 vs EXP4 vs PHY,EXP4,EXP4_pooled_any_type vs PHY_pooled_any_type,full,false_positive_llm_extra_code_not_in_phy,05-08-00,35
Evaluation 4: EXP2 vs EXP4 vs PHY,EXP4,EXP4_pooled_any_type vs PHY_pooled_any_type,full,false_positive_llm_extra_code_not_in_phy,04-09-00,31
Evaluation 4: EXP2 vs EXP4 vs PHY,EXP4,EXP4_pooled_any_type vs PHY_pooled_any_type,full,false_positive_llm_extra_code_not_in_phy,02-04-00,31
Evaluation 4: EXP2 vs EXP4 vs PHY,EXP4,EXP4_pooled_any_type vs PHY_pooled_any_type,full,false_positive_llm_extra_code_not_in_phy,03-07-00,26
Evaluation 4: EXP2 vs EXP4 vs PHY,EXP4,EXP4_pooled_any_type vs PHY_pooled_any_type,full,false_positive_llm_extra_code_not_in_phy,02-99-00,23
Evaluation 4: EXP2 vs EXP4 vs PHY,EXP4,EXP4_pooled_any_type vs PHY_pooled_any_type,full,false_positive_llm_extra_code_not_in_phy,03-03-01,22
Evaluation 4: EXP2 vs EXP4 vs PHY,EXP4,EXP4_pooled_any_type vs PHY_pooled_any_type,full,false_positive_llm_extra_code_not_in_phy,01-01-03,19
Evaluation 4: EXP2 vs EXP4 vs PHY,EXP4,EXP4_pooled_any_type vs PHY_pooled_any_type,full,false_positive_llm_extra_code_not_in_phy,03-06-00,19
Evaluation 4: EXP2 vs EXP4 vs PHY,EXP4,EXP4_pooled_any_type vs PHY_pooled_any_type,full,false_positive_llm_extra_code_not_in_phy,01-03-00,17
Evaluation 4: EXP2 vs EXP4 vs PHY,EXP4,EXP4_pooled_any_type vs PHY_pooled_any_type,full,false_positive_llm_extra_code_not_in_phy,05-99-00,17
Evaluation 4: EXP2 vs EXP4 vs PHY,EXP4,EXP4_pooled_any_type vs PHY_pooled_any_type,full,false_positive_llm_extra_code_not_in_phy,03-06-07,15
Evaluation 4: EXP2 vs EXP4 vs PHY,EXP4,EXP4_pooled_any_type vs PHY_pooled_any_type,full,false_positive_llm_extra_code_not_in_phy,03-01-00,15
Evaluation 4: EXP2 vs EXP4 vs PHY,EXP4,EXP4_pooled_any_type vs PHY_pooled_any_type,full,false_positive_llm_extra_code_not_in_phy,00-04-00,14
Evaluation 4: EXP2 vs EXP4 vs PHY,EXP4,EXP4_pooled_any_type vs PHY_pooled_any_type,full,false_positive_llm_extra_code_not_in_phy,00-03-00,14
Evaluation 4: EXP2 vs EXP4 vs PHY,EXP4,EXP4_pooled_any_type vs PHY_pooled_any_type,full,false_positive_llm_extra_code_not_in_phy,04-08-00,11
Evaluation 4: EXP2 vs EXP4 vs PHY,EXP4,EXP4_pooled_any_type vs PHY_pooled_any_type,full,false_positive_llm_extra_code_not_in_phy,03-04-01,10
Evaluation 4: EXP2 vs EXP4 vs PHY,EXP4,EXP4_pooled_any_type vs PHY_pooled_any_type,full,false_positive_llm_extra_code_not_in_phy,04-06-00,10
Evaluation 4: EXP2 vs EXP4 vs PHY,EXP4,EXP4_pooled_any_type vs PHY_pooled_any_type,full,false_positive_llm_extra_code_not_in_phy,03-06-01,9
Evaluation 4: EXP2 vs EXP4 vs PHY,EXP4,EXP4_pooled_any_type vs PHY_pooled_any_type,full,false_positive_llm_extra_code_not_in_phy,01-04-99,9
Evaluation 4: EXP2 vs EXP4 vs PHY,EXP4,EXP4_pooled_any_type vs PHY_pooled_any_type,full,false_positive_llm_extra_code_not_in_phy,00-01-00,8
Evaluation 4: EXP2 vs EXP4 vs PHY,EXP4,EXP4_pooled_any_type vs PHY_pooled_any_type,full,false_positive_llm_extra_code_not_in_phy,03-06-06,7
Evaluation 4: EXP2 vs EXP4 vs PHY,EXP4,EXP4_pooled_any_type vs PHY_pooled_any_type,full,false_positive_llm_extra_code_not_in_phy,03-09-99,7
Evaluation 4: EXP2 vs EXP4 vs PHY,EXP4,EXP4_pooled_any_type vs PHY_pooled_any_type,full,false_positive_llm_extra_code_not_in_phy,02-00-00,7
Evaluation 4: EXP2 vs EXP4 vs PHY,EXP4,EXP4_pooled_any_type vs PHY_pooled_any_type,full,false_positive_llm_extra_code_not_in_phy,05-04-00,7
Evaluation 4: EXP2 vs EXP4 vs PHY,EXP4,EXP4_pooled_any_type vs PHY_pooled_any_type,full,false_positive_llm_extra_code_not_in_phy,02-03-00,6
Evaluation 4: EXP2 vs EXP4 vs PHY,EXP4,EXP4_pooled_any_type vs PHY_pooled_any_type,full,false_positive_llm_extra_code_not_in_phy,03-08-01,6
Evaluation 4: EXP2 vs EXP4 vs PHY,EXP4,EXP4_pooled_any_type vs PHY_pooled_any_type,full,false_positive_llm_extra_code_not_in_phy,04-02-00,6
Evaluation 4: EXP2 vs EXP4 vs PHY,EXP4,EXP4_pooled_any_type vs PHY_pooled_any_type,full,false_positive_llm_extra_code_not_in_phy,02-05-00,5
Evaluation 4: EXP2 vs EXP4 vs PHY,EXP4,EXP4_pooled_any_type vs PHY_pooled_any_type,full,false_positive_llm_extra_code_not_in_phy,03-06-03,5
Evaluation 4: EXP2 vs EXP4 vs PHY,EXP4,EXP4_pooled_any_type vs PHY_pooled_any_type,full,false_positive_llm_extra_code_not_in_phy,02-02-00,4
Evaluation 4: EXP2 vs EXP4 vs PHY,EXP4,EXP4_pooled_any_type vs PHY_pooled_any_type,full,false_positive_llm_extra_code_not_in_phy,03-06-02,4
Evaluation 4: EXP2 vs EXP4 vs PHY,EXP4,EXP4_pooled_any_type vs PHY_pooled_any_type,full,false_positive_llm_extra_code_not_in_phy,04-05-00,4
Evaluation 4: EXP2 vs EXP4 vs PHY,EXP4,EXP4_pooled_any_type vs PHY_pooled_any_type,full,false_positive_llm_extra_code_not_in_phy,04-07-00,3
Evaluation 4: EXP2 vs EXP4 vs PHY,EXP4,EXP4_pooled_any_type vs PHY_pooled_any_type,full,false_positive_llm_extra_code_not_in_phy,03-06-05,3
Evaluation 4: EXP2 vs EXP4 vs PHY,EXP4,EXP4_pooled_any_type vs PHY_pooled_any_type,full,false_positive_llm_extra_code_not_in_phy,99-00-00,3
Evaluation 4: EXP2 vs EXP4 vs PHY,EXP4,EXP4_pooled_any_type vs PHY_pooled_any_type,full,false_positive_llm_extra_code_not_in_phy,05-02-00,3
Evaluation 4: EXP2 vs EXP4 vs PHY,EXP4,EXP4_pooled_any_type vs PHY_pooled_any_type,full,false_positive_llm_extra_code_not_in_phy,03-09-00,2
Evaluation 4: EXP2 vs EXP4 vs PHY,EXP4,EXP4_pooled_any_type vs PHY_pooled_any_type,full,false_positive_llm_extra_code_not_in_phy,04-01-00,2
Evaluation 4: EXP2 vs EXP4 vs PHY,EXP4,EXP4_pooled_any_type vs PHY_pooled_any_type,full,false_positive_llm_extra_code_not_in_phy,01-04-04,1
Evaluation 4: EXP2 vs EXP4 vs PHY,EXP4,EXP4_pooled_any_type vs PHY_pooled_any_type,full,false_positive_llm_extra_code_not_in_phy,03-05-00,1
Evaluation 4: EXP2 vs EXP4 vs PHY,EXP4,EXP4_pooled_any_type vs PHY_pooled_any_type,full,false_positive_llm_extra_code_not_in_phy,01-00-00,1
Evaluation 4: EXP2 vs EXP4 vs PHY,EXP4,EXP4_pooled_any_type vs PHY_pooled_any_type,full,false_positive_llm_extra_code_not_in_phy,02-01-00,1
Evaluation 4: EXP2 vs EXP4 vs PHY,EXP4,EXP4_pooled_any_type vs PHY_pooled_any_type,full,false_positive_llm_extra_code_not_in_phy,03-00-00,1
Evaluation 4: EXP2 vs EXP4 vs PHY,EXP4,EXP4_pooled_any_type vs PHY_pooled_any_type,full,false_positive_llm_extra_code_not_in_phy,05-09-00,1
Evaluation 4: EXP2 vs EXP4 vs PHY,EXP4,EXP4_pooled_any_type vs PHY_pooled_any_type,full,true_positive_code_found_by_both,01-04-02,677
Evaluation 4: EXP2 vs EXP4 vs PHY,EXP4,EXP4_pooled_any_type vs PHY_pooled_any_type,full,true_positive_code_found_by_both,01-01-04,202
Evaluation 4: EXP2 vs EXP4 vs PHY,EXP4,EXP4_pooled_any_type vs PHY_pooled_any_type,full,true_positive_code_found_by_both,03-01-01,196
Evaluation 4: EXP2 vs EXP4 vs PHY,EXP4,EXP4_pooled_any_type vs PHY_pooled_any_type,full,true_positive_code_found_by_both,03-01-04,158
Evaluation 4: EXP2 vs EXP4 vs PHY,EXP4,EXP4_pooled_any_type vs PHY_pooled_any_type,full,true_positive_code_found_by_both,01-01-01,119
Evaluation 4: EXP2 vs EXP4 vs PHY,EXP4,EXP4_pooled_any_type vs PHY_pooled_any_type,full,true_positive_code_found_by_both,01-01-00,114
Evaluation 4: EXP2 vs EXP4 vs PHY,EXP4,EXP4_pooled_any_type vs PHY_pooled_any_type,full,true_positive_code_found_by_both,03-05-01,106
Evaluation 4: EXP2 vs EXP4 vs PHY,EXP4,EXP4_pooled_any_type vs PHY_pooled_any_type,full,true_positive_code_found_by_both,03-01-02,105
Evaluation 4: EXP2 vs EXP4 vs PHY,EXP4,EXP4_pooled_any_type vs PHY_pooled_any_type,full,true_positive_code_found_by_both,05-05-00,97
Evaluation 4: EXP2 vs EXP4 vs PHY,EXP4,EXP4_pooled_any_type vs PHY_pooled_any_type,full,true_positive_code_found_by_both,05-06-00,80
Evaluation 4: EXP2 vs EXP4 vs PHY,EXP4,EXP4_pooled_any_type vs PHY_pooled_any_type,full,true_positive_code_found_by_both,01-04-01,52
Evaluation 4: EXP2 vs EXP4 vs PHY,EXP4,EXP4_pooled_any_type vs PHY_pooled_any_type,full,true_positive_code_found_by_both,03-08-00,51
Evaluation 4: EXP2 vs EXP4 vs PHY,EXP4,EXP4_pooled_any_type vs PHY_pooled_any_type,full,true_positive_code_found_by_both,05-03-00,51
Evaluation 4: EXP2 vs EXP4 vs PHY,EXP4,EXP4_pooled_any_type vs PHY_pooled_any_type,full,true_positive_code_found_by_both,03-09-01,47
Evaluation 4: EXP2 vs EXP4 vs PHY,EXP4,EXP4_pooled_any_type vs PHY_pooled_any_type,full,true_positive_code_found_by_both,01-01-02,45
Evaluation 4: EXP2 vs EXP4 vs PHY,EXP4,EXP4_pooled_any_type vs PHY_pooled_any_type,full,true_positive_code_found_by_both,01-01-05,43
Evaluation 4: EXP2 vs EXP4 vs PHY,EXP4,EXP4_pooled_any_type vs PHY_pooled_any_type,full,true_positive_code_found_by_both,01-05-00,41
Evaluation 4: EXP2 vs EXP4 vs PHY,EXP4,EXP4_pooled_any_type vs PHY_pooled_any_type,full,true_positive_code_found_by_both,04-01-00,41
Evaluation 4: EXP2 vs EXP4 vs PHY,EXP4,EXP4_pooled_any_type vs PHY_pooled_any_type,full,true_positive_code_found_by_both,03-04-02,40
Evaluation 4: EXP2 vs EXP4 vs PHY,EXP4,EXP4_pooled_any_type vs PHY_pooled_any_type,full,true_positive_code_found_by_both,03-03-02,29
Evaluation 4: EXP2 vs EXP4 vs PHY,EXP4,EXP4_pooled_any_type vs PHY_pooled_any_type,full,true_positive_code_found_by_both,03-06-02,28
Evaluation 4: EXP2 vs EXP4 vs PHY,EXP4,EXP4_pooled_any_type vs PHY_pooled_any_type,full,true_positive_code_found_by_both,03-02-02,28
Evaluation 4: EXP2 vs EXP4 vs PHY,EXP4,EXP4_pooled_any_type vs PHY_pooled_any_type,full,true_positive_code_found_by_both,03-03-03,27
Evaluation 4: EXP2 vs EXP4 vs PHY,EXP4,EXP4_pooled_any_type vs PHY_pooled_any_type,full,true_positive_code_found_by_both,04-03-00,21
Evaluation 4: EXP2 vs EXP4 vs PHY,EXP4,EXP4_pooled_any_type vs PHY_pooled_any_type,full,true_positive_code_found_by_both,04-08-00,20
Evaluation 4: EXP2 vs EXP4 vs PHY,EXP4,EXP4_pooled_any_type vs PHY_pooled_any_type,full,true_positive_code_found_by_both,04-05-00,16
Evaluation 4: EXP2 vs EXP4 vs PHY,EXP4,EXP4_pooled_any_type vs PHY_pooled_any_type,full,true_positive_code_found_by_both,04-06-00,14
Evaluation 4: EXP2 vs EXP4 vs PHY,EXP4,EXP4_pooled_any_type vs PHY_pooled_any_type,full,true_positive_code_found_by_both,03-07-01,13
Evaluation 4: EXP2 vs EXP4 vs PHY,EXP4,EXP4_pooled_any_type vs PHY_pooled_any_type,full,true_positive_code_found_by_both,03-06-00,13
Evaluation 4: EXP2 vs EXP4 vs PHY,EXP4,EXP4_pooled_any_type vs PHY_pooled_any_type,full,true_positive_code_found_by_both,01-01-06,13
Evaluation 4: EXP2 vs EXP4 vs PHY,EXP4,EXP4_pooled_any_type vs PHY_pooled_any_type,full,true_positive_code_found_by_both,03-03-00,11
Evaluation 4: EXP2 vs EXP4 vs PHY,EXP4,EXP4_pooled_any_type vs PHY_pooled_any_type,full,true_positive_code_found_by_both,04-02-00,11
Evaluation 4: EXP2 vs EXP4 vs PHY,EXP4,EXP4_pooled_any_type vs PHY_pooled_any_type,full,true_positive_code_found_by_both,03-06-04,8
Evaluation 4: EXP2 vs EXP4 vs PHY,EXP4,EXP4_pooled_any_type vs PHY_pooled_any_type,full,true_positive_code_found_by_both,03-01-03,7
Evaluation 4: EXP2 vs EXP4 vs PHY,EXP4,EXP4_pooled_any_type vs PHY_pooled_any_type,full,true_positive_code_found_by_both,02-03-00,7
Evaluation 4: EXP2 vs EXP4 vs PHY,EXP4,EXP4_pooled_any_type vs PHY_pooled_any_type,full,true_positive_code_found_by_both,01-03-00,7
Evaluation 4: EXP2 vs EXP4 vs PHY,EXP4,EXP4_pooled_any_type vs PHY_pooled_any_type,full,true_positive_code_found_by_both,05-00-00,7
Evaluation 4: EXP2 vs EXP4 vs PHY,EXP4,EXP4_pooled_any_type vs PHY_pooled_any_type,full,true_positive_code_found_by_both,03-06-01,6
Evaluation 4: EXP2 vs EXP4 vs PHY,EXP4,EXP4_pooled_any_type vs PHY_pooled_any_type,full,true_positive_code_found_by_both,03-02-00,6
Evaluation 4: EXP2 vs EXP4 vs PHY,EXP4,EXP4_pooled_any_type vs PHY_pooled_any_type,full,true_positive_code_found_by_both,03-06-05,5
Evaluation 4: EXP2 vs EXP4 vs PHY,EXP4,EXP4_pooled_any_type vs PHY_pooled_any_type,full,true_positive_code_found_by_both,01-04-03,4
Evaluation 4: EXP2 vs EXP4 vs PHY,EXP4,EXP4_pooled_any_type vs PHY_pooled_any_type,full,true_positive_code_found_by_both,03-06-03,4
Evaluation 4: EXP2 vs EXP4 vs PHY,EXP4,EXP4_pooled_any_type vs PHY_pooled_any_type,full,true_positive_code_found_by_both,02-05-00,4
Evaluation 4: EXP2 vs EXP4 vs PHY,EXP4,EXP4_pooled_any_type vs PHY_pooled_any_type,full,true_positive_code_found_by_both,04-07-00,4
Evaluation 4: EXP2 vs EXP4 vs PHY,EXP4,EXP4_pooled_any_type vs PHY_pooled_any_type,full,true_positive_code_found_by_both,02-02-00,4
Evaluation 4: EXP2 vs EXP4 vs PHY,EXP4,EXP4_pooled_any_type vs PHY_pooled_any_type,full,true_positive_code_found_by_both,03-03-01,3
Evaluation 4: EXP2 vs EXP4 vs PHY,EXP4,EXP4_pooled_any_type vs PHY_pooled_any_type,full,true_positive_code_found_by_both,05-04-00,3
Evaluation 4: EXP2 vs EXP4 vs PHY,EXP4,EXP4_pooled_any_type vs PHY_pooled_any_type,full,true_positive_code_found_by_both,01-04-00,2
Evaluation 4: EXP2 vs EXP4 vs PHY,EXP4,EXP4_pooled_any_type vs PHY_pooled_any_type,full,true_positive_code_found_by_both,01-07-00,2
Evaluation 4: EXP2 vs EXP4 vs PHY,EXP4,EXP4_pooled_any_type vs PHY_pooled_any_type,full,true_positive_code_found_by_both,04-00-00,2
Evaluation 4: EXP2 vs EXP4 vs PHY,EXP4,EXP4_pooled_any_type vs PHY_pooled_any_type,full,true_positive_code_found_by_both,03-01-00,1
Evaluation 4: EXP2 vs EXP4 vs PHY,EXP4,EXP4_pooled_any_type vs PHY_pooled_any_type,full,true_positive_code_found_by_both,03-07-00,1
Evaluation 4: EXP2 vs EXP4 vs PHY,EXP4,EXP4_pooled_any_type vs PHY_pooled_any_type,full,true_positive_code_found_by_both,02-01-00,1
Evaluation 4: EXP2 vs EXP4 vs PHY,EXP4,EXP4_pooled_any_type vs PHY_pooled_any_type,full,true_positive_code_found_by_both,03-04-00,1
Evaluation 4: EXP2 vs EXP4 vs PHY,EXP4,EXP4_pooled_any_type vs PHY_pooled_any_type,full,true_positive_code_found_by_both,05-08-00,1
Evaluation 4: EXP2 vs EXP4 vs PHY,EXP4,EXP4_pooled_any_type vs PHY_pooled_any_type,full,true_positive_code_found_by_both,03-06-06,1
Evaluation 4: EXP2 vs EXP4 vs PHY,EXP4,EXP4_pooled_any_type vs PHY_pooled_any_type,full,true_positive_code_found_by_both,03-02-01,1
Evaluation 4: EXP2 vs EXP4 vs PHY,EXP4,EXP4_pooled_any_type vs PHY_pooled_any_type,full,true_positive_code_found_by_both,04-04-00,1
Evaluation 4: EXP2 vs EXP4 vs PHY,EXP4,EXP4_pooled_any_type vs PHY_pooled_any_type,level1,false_negative_phy_code_missed_by_llm,03,98
Evaluation 4: EXP2 vs EXP4 vs PHY,EXP4,EXP4_pooled_any_type vs PHY_pooled_any_type,level1,false_negative_phy_code_missed_by_llm,05,87
Evaluation 4: EXP2 vs EXP4 vs PHY,EXP4,EXP4_pooled_any_type vs PHY_pooled_any_type,level1,false_negative_phy_code_missed_by_llm,01,77
Evaluation 4: EXP2 vs EXP4 vs PHY,EXP4,EXP4_pooled_any_type vs PHY_pooled_any_type,level1,false_negative_phy_code_missed_by_llm,04,61
Evaluation 4: EXP2 vs EXP4 vs PHY,EXP4,EXP4_pooled_any_type vs PHY_pooled_any_type,level1,false_negative_phy_code_missed_by_llm,02,12
Evaluation 4: EXP2 vs EXP4 vs PHY,EXP4,EXP4_pooled_any_type vs PHY_pooled_any_type,level1,false_positive_llm_extra_code_not_in_phy,03,1209
Evaluation 4: EXP2 vs EXP4 vs PHY,EXP4,EXP4_pooled_any_type vs PHY_pooled_any_type,level1,false_positive_llm_extra_code_not_in_phy,01,710
Evaluation 4: EXP2 vs EXP4 vs PHY,EXP4,EXP4_pooled_any_type vs PHY_pooled_any_type,level1,false_positive_llm_extra_code_not_in_phy,00,631
Evaluation 4: EXP2 vs EXP4 vs PHY,EXP4,EXP4_pooled_any_type vs PHY_pooled_any_type,level1,false_positive_llm_extra_code_not_in_phy,04,56
Evaluation 4: EXP2 vs EXP4 vs PHY,EXP4,EXP4_pooled_any_type vs PHY_pooled_any_type,level1,false_positive_llm_extra_code_not_in_phy,02,42
Evaluation 4: EXP2 vs EXP4 vs PHY,EXP4,EXP4_pooled_any_type vs PHY_pooled_any_type,level1,false_positive_llm_extra_code_not_in_phy,05,29
Evaluation 4: EXP2 vs EXP4 vs PHY,EXP4,EXP4_pooled_any_type vs PHY_pooled_any_type,level1,false_positive_llm_extra_code_not_in_phy,99,3
Evaluation 4: EXP2 vs EXP4 vs PHY,EXP4,EXP4_pooled_any_type vs PHY_pooled_any_type,level1,true_positive_code_found_by_both,01,1785
Evaluation 4: EXP2 vs EXP4 vs PHY,EXP4,EXP4_pooled_any_type vs PHY_pooled_any_type,level1,true_positive_code_found_by_both,03,1255
Evaluation 4: EXP2 vs EXP4 vs PHY,EXP4,EXP4_pooled_any_type vs PHY_pooled_any_type,level1,true_positive_code_found_by_both,05,426
Evaluation 4: EXP2 vs EXP4 vs PHY,EXP4,EXP4_pooled_any_type vs PHY_pooled_any_type,level1,true_positive_code_found_by_both,04,230
Evaluation 4: EXP2 vs EXP4 vs PHY,EXP4,EXP4_pooled_any_type vs PHY_pooled_any_type,level1,true_positive_code_found_by_both,02,45
Evaluation 4: EXP2 vs EXP4 vs PHY,EXP4,EXP4_pooled_any_type vs PHY_pooled_any_type,level2,false_negative_phy_code_missed_by_llm,01-04,135
Evaluation 4: EXP2 vs EXP4 vs PHY,EXP4,EXP4_pooled_any_type vs PHY_pooled_any_type,level2,false_negative_phy_code_missed_by_llm,05-05,113
Evaluation 4: EXP2 vs EXP4 vs PHY,EXP4,EXP4_pooled_any_type vs PHY_pooled_any_type,level2,false_negative_phy_code_missed_by_llm,05-03,99
Evaluation 4: EXP2 vs EXP4 vs PHY,EXP4,EXP4_pooled_any_type vs PHY_pooled_any_type,level2,false_negative_phy_code_missed_by_llm,03-06,76
Evaluation 4: EXP2 vs EXP4 vs PHY,EXP4,EXP4_pooled_any_type vs PHY_pooled_any_type,level2,false_negative_phy_code_missed_by_llm,01-01,75
Evaluation 4: EXP2 vs EXP4 vs PHY,EXP4,EXP4_pooled_any_type vs PHY_pooled_any_type,level2,false_negative_phy_code_missed_by_llm,03-01,69
Evaluation 4: EXP2 vs EXP4 vs PHY,EXP4,EXP4_pooled_any_type vs PHY_pooled_any_type,level2,false_negative_phy_code_missed_by_llm,03-03,66
Evaluation 4: EXP2 vs EXP4 vs PHY,EXP4,EXP4_pooled_any_type vs PHY_pooled_any_type,level2,false_negative_phy_code_missed_by_llm,03-00,53
Evaluation 4: EXP2 vs EXP4 vs PHY,EXP4,EXP4_pooled_any_type vs PHY_pooled_any_type,level2,false_negative_phy_code_missed_by_llm,01-00,46
Evaluation 4: EXP2 vs EXP4 vs PHY,EXP4,EXP4_pooled_any_type vs PHY_pooled_any_type,level2,false_negative_phy_code_missed_by_llm,04-05,41
Evaluation 4: EXP2 vs EXP4 vs PHY,EXP4,EXP4_pooled_any_type vs PHY_pooled_any_type,level2,false_negative_phy_code_missed_by_llm,04-03,37
Evaluation 4: EXP2 vs EXP4 vs PHY,EXP4,EXP4_pooled_any_type vs PHY_pooled_any_type,level2,false_negative_phy_code_missed_by_llm,05-06,37
Evaluation 4: EXP2 vs EXP4 vs PHY,EXP4,EXP4_pooled_any_type vs PHY_pooled_any_type,level2,false_negative_phy_code_missed_by_llm,04-00,32
Evaluation 4: EXP2 vs EXP4 vs PHY,EXP4,EXP4_pooled_any_type vs PHY_pooled_any_type,level2,false_negative_phy_code_missed_by_llm,04-01,31
Evaluation 4: EXP2 vs EXP4 vs PHY,EXP4,EXP4_pooled_any_type vs PHY_pooled_any_type,level2,false_negative_phy_code_missed_by_llm,03-04,30
Evaluation 4: EXP2 vs EXP4 vs PHY,EXP4,EXP4_pooled_any_type vs PHY_pooled_any_type,level2,false_negative_phy_code_missed_by_llm,05-04,26
Evaluation 4: EXP2 vs EXP4 vs PHY,EXP4,EXP4_pooled_any_type vs PHY_pooled_any_type,level2,false_negative_phy_code_missed_by_llm,03-09,20
Evaluation 4: EXP2 vs EXP4 vs PHY,EXP4,EXP4_pooled_any_type vs PHY_pooled_any_type,level2,false_negative_phy_code_missed_by_llm,05-00,17
Evaluation 4: EXP2 vs EXP4 vs PHY,EXP4,EXP4_pooled_any_type vs PHY_pooled_any_type,level2,false_negative_phy_code_missed_by_llm,03-08,15
Evaluation 4: EXP2 vs EXP4 vs PHY,EXP4,EXP4_pooled_any_type vs PHY_pooled_any_type,level2,false_negative_phy_code_missed_by_llm,03-02,14
Evaluation 4: EXP2 vs EXP4 vs PHY,EXP4,EXP4_pooled_any_type vs PHY_pooled_any_type,level2,false_negative_phy_code_missed_by_llm,01-05,14
Evaluation 4: EXP2 vs EXP4 vs PHY,EXP4,EXP4_pooled_any_type vs PHY_pooled_any_type,level2,false_negative_phy_code_missed_by_llm,01-03,12
Evaluation 4: EXP2 vs EXP4 vs PHY,EXP4,EXP4_pooled_any_type vs PHY_pooled_any_type,level2,false_negative_phy_code_missed_by_llm,02-04,11
Evaluation 4: EXP2 vs EXP4 vs PHY,EXP4,EXP4_pooled_any_type vs PHY_pooled_any_type,level2,false_negative_phy_code_missed_by_llm,04-02,11
Evaluation 4: EXP2 vs EXP4 vs PHY,EXP4,EXP4_pooled_any_type vs PHY_pooled_any_type,level2,false_negative_phy_code_missed_by_llm,02-03,11
Evaluation 4: EXP2 vs EXP4 vs PHY,EXP4,EXP4_pooled_any_type vs PHY_pooled_any_type,level2,false_negative_phy_code_missed_by_llm,02-00,10
Evaluation 4: EXP2 vs EXP4 vs PHY,EXP4,EXP4_pooled_any_type vs PHY_pooled_any_type,level2,false_negative_phy_code_missed_by_llm,03-07,8
Evaluation 4: EXP2 vs EXP4 vs PHY,EXP4,EXP4_pooled_any_type vs PHY_pooled_any_type,level2,false_negative_phy_code_missed_by_llm,04-08,6
Evaluation 4: EXP2 vs EXP4 vs PHY,EXP4,EXP4_pooled_any_type vs PHY_pooled_any_type,level2,false_negative_phy_code_missed_by_llm,03-05,5
Evaluation 4: EXP2 vs EXP4 vs PHY,EXP4,EXP4_pooled_any_type vs PHY_pooled_any_type,level2,false_negative_phy_code_missed_by_llm,02-01,5
Evaluation 4: EXP2 vs EXP4 vs PHY,EXP4,EXP4_pooled_any_type vs PHY_pooled_any_type,level2,false_negative_phy_code_missed_by_llm,02-05,4
Evaluation 4: EXP2 vs EXP4 vs PHY,EXP4,EXP4_pooled_any_type vs PHY_pooled_any_type,level2,false_negative_phy_code_missed_by_llm,04-04,4
Evaluation 4: EXP2 vs EXP4 vs PHY,EXP4,EXP4_pooled_any_type vs PHY_pooled_any_type,level2,false_negative_phy_code_missed_by_llm,05-08,4
Evaluation 4: EXP2 vs EXP4 vs PHY,EXP4,EXP4_pooled_any_type vs PHY_pooled_any_type,level2,false_negative_phy_code_missed_by_llm,01-07,1
Evaluation 4: EXP2 vs EXP4 vs PHY,EXP4,EXP4_pooled_any_type vs PHY_pooled_any_type,level2,false_negative_phy_code_missed_by_llm,02-06,1
Evaluation 4: EXP2 vs EXP4 vs PHY,EXP4,EXP4_pooled_any_type vs PHY_pooled_any_type,level2,false_negative_phy_code_missed_by_llm,02-02,1
Evaluation 4: EXP2 vs EXP4 vs PHY,EXP4,EXP4_pooled_any_type vs PHY_pooled_any_type,level2,false_negative_phy_code_missed_by_llm,04-09,1
Evaluation 4: EXP2 vs EXP4 vs PHY,EXP4,EXP4_pooled_any_type vs PHY_pooled_any_type,level2,false_positive_llm_extra_code_not_in_phy,01-01,1218
Evaluation 4: EXP2 vs EXP4 vs PHY,EXP4,EXP4_pooled_any_type vs PHY_pooled_any_type,level2,false_positive_llm_extra_code_not_in_phy,03-08,725
Evaluation 4: EXP2 vs EXP4 vs PHY,EXP4,EXP4_pooled_any_type vs PHY_pooled_any_type,level2,false_positive_llm_extra_code_not_in_phy,03-09,717
Evaluation 4: EXP2 vs EXP4 vs PHY,EXP4,EXP4_pooled_any_type vs PHY_pooled_any_type,level2,false_positive_llm_extra_code_not_in_phy,00-02,603
Evaluation 4: EXP2 vs EXP4 vs PHY,EXP4,EXP4_pooled_any_type vs PHY_pooled_any_type,level2,false_positive_llm_extra_code_not_in_phy,03-02,418
Evaluation 4: EXP2 vs EXP4 vs PHY,EXP4,EXP4_pooled_any_type vs PHY_pooled_any_type,level2,false_positive_llm_extra_code_not_in_phy,03-01,378
Evaluation 4: EXP2 vs EXP4 vs PHY,EXP4,EXP4_pooled_any_type vs PHY_pooled_any_type,level2,false_positive_llm_extra_code_not_in_phy,01-05,348
Evaluation 4: EXP2 vs EXP4 vs PHY,EXP4,EXP4_pooled_any_type vs PHY_pooled_any_type,level2,false_positive_llm_extra_code_not_in_phy,03-03,341
Evaluation 4: EXP2 vs EXP4 vs PHY,EXP4,EXP4_pooled_any_type vs PHY_pooled_any_type,level2,false_positive_llm_extra_code_not_in_phy,03-07,298
Evaluation 4: EXP2 vs EXP4 vs PHY,EXP4,EXP4_pooled_any_type vs PHY_pooled_any_type,level2,false_positive_llm_extra_code_not_in_phy,03-04,287
Evaluation 4: EXP2 vs EXP4 vs PHY,EXP4,EXP4_pooled_any_type vs PHY_pooled_any_type,level2,false_positive_llm_extra_code_not_in_phy,01-04,191
Evaluation 4: EXP2 vs EXP4 vs PHY,EXP4,EXP4_pooled_any_type vs PHY_pooled_any_type,level2,false_positive_llm_extra_code_not_in_phy,03-06,184
Evaluation 4: EXP2 vs EXP4 vs PHY,EXP4,EXP4_pooled_any_type vs PHY_pooled_any_type,level2,false_positive_llm_extra_code_not_in_phy,01-99,133
Evaluation 4: EXP2 vs EXP4 vs PHY,EXP4,EXP4_pooled_any_type vs PHY_pooled_any_type,level2,false_positive_llm_extra_code_not_in_phy,04-99,104
Evaluation 4: EXP2 vs EXP4 vs PHY,EXP4,EXP4_pooled_any_type vs PHY_pooled_any_type,level2,false_positive_llm_extra_code_not_in_phy,05-00,103
Evaluation 4: EXP2 vs EXP4 vs PHY,EXP4,EXP4_pooled_any_type vs PHY_pooled_any_type,level2,false_positive_llm_extra_code_not_in_phy,03-99,80
Evaluation 4: EXP2 vs EXP4 vs PHY,EXP4,EXP4_pooled_any_type vs PHY_pooled_any_type,level2,false_positive_llm_extra_code_not_in_phy,05-06,75
Evaluation 4: EXP2 vs EXP4 vs PHY,EXP4,EXP4_pooled_any_type vs PHY_pooled_any_type,level2,false_positive_llm_extra_code_not_in_phy,03-05,72
Evaluation 4: EXP2 vs EXP4 vs PHY,EXP4,EXP4_pooled_any_type vs PHY_pooled_any_type,level2,false_positive_llm_extra_code_not_in_phy,05-05,56
Evaluation 4: EXP2 vs EXP4 vs PHY,EXP4,EXP4_pooled_any_type vs PHY_pooled_any_type,level2,false_positive_llm_extra_code_not_in_phy,05-03,40
Evaluation 4: EXP2 vs EXP4 vs PHY,EXP4,EXP4_pooled_any_type vs PHY_pooled_any_type,level2,false_positive_llm_extra_code_not_in_phy,04-00,38
Evaluation 4: EXP2 vs EXP4 vs PHY,EXP4,EXP4_pooled_any_type vs PHY_pooled_any_type,level2,false_positive_llm_extra_code_not_in_phy,05-08,35
Evaluation 4: EXP2 vs EXP4 vs PHY,EXP4,EXP4_pooled_any_type vs PHY_pooled_any_type,level2,false_positive_llm_extra_code_not_in_phy,04-09,31
Evaluation 4: EXP2 vs EXP4 vs PHY,EXP4,EXP4_pooled_any_type vs PHY_pooled_any_type,level2,false_positive_llm_extra_code_not_in_phy,02-04,31
Evaluation 4: EXP2 vs EXP4 vs PHY,EXP4,EXP4_pooled_any_type vs PHY_pooled_any_type,level2,false_positive_llm_extra_code_not_in_phy,02-99,23
Evaluation 4: EXP2 vs EXP4 vs PHY,EXP4,EXP4_pooled_any_type vs PHY_pooled_any_type,level2,false_positive_llm_extra_code_not_in_phy,01-03,17
Evaluation 4: EXP2 vs EXP4 vs PHY,EXP4,EXP4_pooled_any_type vs PHY_pooled_any_type,level2,false_positive_llm_extra_code_not_in_phy,05-99,17
Evaluation 4: EXP2 vs EXP4 vs PHY,EXP4,EXP4_pooled_any_type vs PHY_pooled_any_type,level2,false_positive_llm_extra_code_not_in_phy,00-04,14
Evaluation 4: EXP2 vs EXP4 vs PHY,EXP4,EXP4_pooled_any_type vs PHY_pooled_any_type,level2,false_positive_llm_extra_code_not_in_phy,00-03,14
Evaluation 4: EXP2 vs EXP4 vs PHY,EXP4,EXP4_pooled_any_type vs PHY_pooled_any_type,level2,false_positive_llm_extra_code_not_in_phy,04-08,11
Evaluation 4: EXP2 vs EXP4 vs PHY,EXP4,EXP4_pooled_any_type vs PHY_pooled_any_type,level2,false_positive_llm_extra_code_not_in_phy,04-06,10
Evaluation 4: EXP2 vs EXP4 vs PHY,EXP4,EXP4_pooled_any_type vs PHY_pooled_any_type,level2,false_positive_llm_extra_code_not_in_phy,00-01,8
Evaluation 4: EXP2 vs EXP4 vs PHY,EXP4,EXP4_pooled_any_type vs PHY_pooled_any_type,level2,false_positive_llm_extra_code_not_in_phy,02-00,7
Evaluation 4: EXP2 vs EXP4 vs PHY,EXP4,EXP4_pooled_any_type vs PHY_pooled_any_type,level2,false_positive_llm_extra_code_not_in_phy,05-04,7
Evaluation 4: EXP2 vs EXP4 vs PHY,EXP4,EXP4_pooled_any_type vs PHY_pooled_any_type,level2,false_positive_llm_extra_code_not_in_phy,02-03,6
Evaluation 4: EXP2 vs EXP4 vs PHY,EXP4,EXP4_pooled_any_type vs PHY_pooled_any_type,level2,false_positive_llm_extra_code_not_in_phy,04-02,6
Evaluation 4: EXP2 vs EXP4 vs PHY,EXP4,EXP4_pooled_any_type vs PHY_pooled_any_type,level2,false_positive_llm_extra_code_not_in_phy,02-05,5
Evaluation 4: EXP2 vs EXP4 vs PHY,EXP4,EXP4_pooled_any_type vs PHY_pooled_any_type,level2,false_positive_llm_extra_code_not_in_phy,02-02,4
Evaluation 4: EXP2 vs EXP4 vs PHY,EXP4,EXP4_pooled_any_type vs PHY_pooled_any_type,level2,false_positive_llm_extra_code_not_in_phy,04-05,4
Evaluation 4: EXP2 vs EXP4 vs PHY,EXP4,EXP4_pooled_any_type vs PHY_pooled_any_type,level2,false_positive_llm_extra_code_not_in_phy,04-07,3
Evaluation 4: EXP2 vs EXP4 vs PHY,EXP4,EXP4_pooled_any_type vs PHY_pooled_any_type,level2,false_positive_llm_extra_code_not_in_phy,99-00,3
Evaluation 4: EXP2 vs EXP4 vs PHY,EXP4,EXP4_pooled_any_type vs PHY_pooled_any_type,level2,false_positive_llm_extra_code_not_in_phy,05-02,3
Evaluation 4: EXP2 vs EXP4 vs PHY,EXP4,EXP4_pooled_any_type vs PHY_pooled_any_type,level2,false_positive_llm_extra_code_not_in_phy,04-01,2
Evaluation 4: EXP2 vs EXP4 vs PHY,EXP4,EXP4_pooled_any_type vs PHY_pooled_any_type,level2,false_positive_llm_extra_code_not_in_phy,01-00,1
Evaluation 4: EXP2 vs EXP4 vs PHY,EXP4,EXP4_pooled_any_type vs PHY_pooled_any_type,level2,false_positive_llm_extra_code_not_in_phy,02-01,1
Evaluation 4: EXP2 vs EXP4 vs PHY,EXP4,EXP4_pooled_any_type vs PHY_pooled_any_type,level2,false_positive_llm_extra_code_not_in_phy,03-00,1
Evaluation 4: EXP2 vs EXP4 vs PHY,EXP4,EXP4_pooled_any_type vs PHY_pooled_any_type,level2,false_positive_llm_extra_code_not_in_phy,05-09,1
Evaluation 4: EXP2 vs EXP4 vs PHY,EXP4,EXP4_pooled_any_type vs PHY_pooled_any_type,level2,true_positive_code_found_by_both,01-04,802
Evaluation 4: EXP2 vs EXP4 vs PHY,EXP4,EXP4_pooled_any_type vs PHY_pooled_any_type,level2,true_positive_code_found_by_both,01-01,797
Evaluation 4: EXP2 vs EXP4 vs PHY,EXP4,EXP4_pooled_any_type vs PHY_pooled_any_type,level2,true_positive_code_found_by_both,03-01,443
Evaluation 4: EXP2 vs EXP4 vs PHY,EXP4,EXP4_pooled_any_type vs PHY_pooled_any_type,level2,true_positive_code_found_by_both,03-03,153
Evaluation 4: EXP2 vs EXP4 vs PHY,EXP4,EXP4_pooled_any_type vs PHY_pooled_any_type,level2,true_positive_code_found_by_both,03-06,128
Evaluation 4: EXP2 vs EXP4 vs PHY,EXP4,EXP4_pooled_any_type vs PHY_pooled_any_type,level2,true_positive_code_found_by_both,03-05,107
Evaluation 4: EXP2 vs EXP4 vs PHY,EXP4,EXP4_pooled_any_type vs PHY_pooled_any_type,level2,true_positive_code_found_by_both,05-05,97
Evaluation 4: EXP2 vs EXP4 vs PHY,EXP4,EXP4_pooled_any_type vs PHY_pooled_any_type,level2,true_positive_code_found_by_both,05-06,80
Evaluation 4: EXP2 vs EXP4 vs PHY,EXP4,EXP4_pooled_any_type vs PHY_pooled_any_type,level2,true_positive_code_found_by_both,03-08,68
Evaluation 4: EXP2 vs EXP4 vs PHY,EXP4,EXP4_pooled_any_type vs PHY_pooled_any_type,level2,true_positive_code_found_by_both,03-04,62
Evaluation 4: EXP2 vs EXP4 vs PHY,EXP4,EXP4_pooled_any_type vs PHY_pooled_any_type,level2,true_positive_code_found_by_both,05-03,51
Evaluation 4: EXP2 vs EXP4 vs PHY,EXP4,EXP4_pooled_any_type vs PHY_pooled_any_type,level2,true_positive_code_found_by_both,03-09,50
Evaluation 4: EXP2 vs EXP4 vs PHY,EXP4,EXP4_pooled_any_type vs PHY_pooled_any_type,level2,true_positive_code_found_by_both,01-05,41
Evaluation 4: EXP2 vs EXP4 vs PHY,EXP4,EXP4_pooled_any_type vs PHY_pooled_any_type,level2,true_positive_code_found_by_both,04-01,41
Evaluation 4: EXP2 vs EXP4 vs PHY,EXP4,EXP4_pooled_any_type vs PHY_pooled_any_type,level2,true_positive_code_found_by_both,03-02,40
Evaluation 4: EXP2 vs EXP4 vs PHY,EXP4,EXP4_pooled_any_type vs PHY_pooled_any_type,level2,true_positive_code_found_by_both,03-07,27
Evaluation 4: EXP2 vs EXP4 vs PHY,EXP4,EXP4_pooled_any_type vs PHY_pooled_any_type,level2,true_positive_code_found_by_both,04-03,21
Evaluation 4: EXP2 vs EXP4 vs PHY,EXP4,EXP4_pooled_any_type vs PHY_pooled_any_type,level2,true_positive_code_found_by_both,04-08,20
Evaluation 4: EXP2 vs EXP4 vs PHY,EXP4,EXP4_pooled_any_type vs PHY_pooled_any_type,level2,true_positive_code_found_by_both,04-05,16
Evaluation 4: EXP2 vs EXP4 vs PHY,EXP4,EXP4_pooled_any_type vs PHY_pooled_any_type,level2,true_positive_code_found_by_both,04-06,14
Evaluation 4: EXP2 vs EXP4 vs PHY,EXP4,EXP4_pooled_any_type vs PHY_pooled_any_type,level2,true_positive_code_found_by_both,04-02,11
Evaluation 4: EXP2 vs EXP4 vs PHY,EXP4,EXP4_pooled_any_type vs PHY_pooled_any_type,level2,true_positive_code_found_by_both,02-03,7
Evaluation 4: EXP2 vs EXP4 vs PHY,EXP4,EXP4_pooled_any_type vs PHY_pooled_any_type,level2,true_positive_code_found_by_both,01-03,7
Evaluation 4: EXP2 vs EXP4 vs PHY,EXP4,EXP4_pooled_any_type vs PHY_pooled_any_type,level2,true_positive_code_found_by_both,05-00,7
Evaluation 4: EXP2 vs EXP4 vs PHY,EXP4,EXP4_pooled_any_type vs PHY_pooled_any_type,level2,true_positive_code_found_by_both,02-05,4
Evaluation 4: EXP2 vs EXP4 vs PHY,EXP4,EXP4_pooled_any_type vs PHY_pooled_any_type,level2,true_positive_code_found_by_both,04-07,4
Evaluation 4: EXP2 vs EXP4 vs PHY,EXP4,EXP4_pooled_any_type vs PHY_pooled_any_type,level2,true_positive_code_found_by_both,02-02,4
Evaluation 4: EXP2 vs EXP4 vs PHY,EXP4,EXP4_pooled_any_type vs PHY_pooled_any_type,level2,true_positive_code_found_by_both,05-04,3
Evaluation 4: EXP2 vs EXP4 vs PHY,EXP4,EXP4_pooled_any_type vs PHY_pooled_any_type,level2,true_positive_code_found_by_both,01-07,2
Evaluation 4: EXP2 vs EXP4 vs PHY,EXP4,EXP4_pooled_any_type vs PHY_pooled_any_type,level2,true_positive_code_found_by_both,04-00,2
Evaluation 4: EXP2 vs EXP4 vs PHY,EXP4,EXP4_pooled_any_type vs PHY_pooled_any_type,level2,true_positive_code_found_by_both,02-01,1
Evaluation 4: EXP2 vs EXP4 vs PHY,EXP4,EXP4_pooled_any_type vs PHY_pooled_any_type,level2,true_positive_code_found_by_both,05-08,1
Evaluation 4: EXP2 vs EXP4 vs PHY,EXP4,EXP4_pooled_any_type vs PHY_pooled_any_type,level2,true_positive_code_found_by_both,04-04,1
