evaluation,metric_type,comparison,level,class_metric_kind,class,support,tp,fp,fn,precision,recall,f1,cohen_kappa_one_vs_rest
Evaluation 1: EXP1 vs PHY,direct,EXP1_direct vs PHY_direct,full,single_label,00-02-00,0,0,3,0,0.0,,,
Evaluation 1: EXP1 vs PHY,direct,EXP1_direct vs PHY_direct,full,single_label,00-03-00,0,0,1,0,0.0,,,
Evaluation 1: EXP1 vs PHY,direct,EXP1_direct vs PHY_direct,full,single_label,00-04-00,0,0,1,0,0.0,,,
Evaluation 1: EXP1 vs PHY,direct,EXP1_direct vs PHY_direct,full,single_label,01-00-00,14,0,0,14,,0.0,,
Evaluation 1: EXP1 vs PHY,direct,EXP1_direct vs PHY_direct,full,single_label,01-01-00,13,1,3,12,0.25,0.07692307692307693,0.11764705882352941,
Evaluation 1: EXP1 vs PHY,direct,EXP1_direct vs PHY_direct,full,single_label,01-01-01,12,7,5,5,0.5833333333333334,0.5833333333333334,0.5833333333333334,
Evaluation 1: EXP1 vs PHY,direct,EXP1_direct vs PHY_direct,full,single_label,01-01-02,11,7,6,4,0.5384615384615384,0.6363636363636364,0.5833333333333334,
Evaluation 1: EXP1 vs PHY,direct,EXP1_direct vs PHY_direct,full,single_label,01-01-04,25,9,12,16,0.42857142857142855,0.36,0.391304347826087,
Evaluation 1: EXP1 vs PHY,direct,EXP1_direct vs PHY_direct,full,single_label,01-01-05,9,4,6,5,0.4,0.4444444444444444,0.4210526315789474,
Evaluation 1: EXP1 vs PHY,direct,EXP1_direct vs PHY_direct,full,single_label,01-01-06,28,6,6,22,0.5,0.21428571428571427,0.3,
Evaluation 1: EXP1 vs PHY,direct,EXP1_direct vs PHY_direct,full,single_label,01-01-99,0,0,2,0,0.0,,,
Evaluation 1: EXP1 vs PHY,direct,EXP1_direct vs PHY_direct,full,single_label,01-03-00,3,0,2,3,0.0,0.0,,
Evaluation 1: EXP1 vs PHY,direct,EXP1_direct vs PHY_direct,full,single_label,01-04-00,3,0,0,3,,0.0,,
Evaluation 1: EXP1 vs PHY,direct,EXP1_direct vs PHY_direct,full,single_label,01-04-01,28,7,2,21,0.7777777777777778,0.25,0.3783783783783784,
Evaluation 1: EXP1 vs PHY,direct,EXP1_direct vs PHY_direct,full,single_label,01-04-02,2,1,22,1,0.043478260869565216,0.5,0.08,
Evaluation 1: EXP1 vs PHY,direct,EXP1_direct vs PHY_direct,full,single_label,01-04-03,6,2,0,4,1.0,0.3333333333333333,0.5,
Evaluation 1: EXP1 vs PHY,direct,EXP1_direct vs PHY_direct,full,single_label,01-05-00,2,2,10,0,0.16666666666666666,1.0,0.2857142857142857,
Evaluation 1: EXP1 vs PHY,direct,EXP1_direct vs PHY_direct,full,single_label,02-03-00,2,2,2,0,0.5,1.0,0.6666666666666666,
Evaluation 1: EXP1 vs PHY,direct,EXP1_direct vs PHY_direct,full,single_label,02-05-00,2,0,0,2,,0.0,,
Evaluation 1: EXP1 vs PHY,direct,EXP1_direct vs PHY_direct,full,single_label,03-00-00,3,0,0,3,,0.0,,
Evaluation 1: EXP1 vs PHY,direct,EXP1_direct vs PHY_direct,full,single_label,03-01-00,4,0,0,4,,0.0,,
Evaluation 1: EXP1 vs PHY,direct,EXP1_direct vs PHY_direct,full,single_label,03-01-01,1,0,4,1,0.0,0.0,,
Evaluation 1: EXP1 vs PHY,direct,EXP1_direct vs PHY_direct,full,single_label,03-01-02,33,19,3,14,0.8636363636363636,0.5757575757575758,0.6909090909090909,
Evaluation 1: EXP1 vs PHY,direct,EXP1_direct vs PHY_direct,full,single_label,03-01-03,4,3,4,1,0.42857142857142855,0.75,0.5454545454545454,
Evaluation 1: EXP1 vs PHY,direct,EXP1_direct vs PHY_direct,full,single_label,03-01-04,42,26,9,16,0.7428571428571429,0.6190476190476191,0.6753246753246753,
Evaluation 1: EXP1 vs PHY,direct,EXP1_direct vs PHY_direct,full,single_label,03-01-99,0,0,3,0,0.0,,,
Evaluation 1: EXP1 vs PHY,direct,EXP1_direct vs PHY_direct,full,single_label,03-02-00,0,0,34,0,0.0,,,
Evaluation 1: EXP1 vs PHY,direct,EXP1_direct vs PHY_direct,full,single_label,03-02-01,0,0,1,0,0.0,,,
Evaluation 1: EXP1 vs PHY,direct,EXP1_direct vs PHY_direct,full,single_label,03-02-02,1,1,2,0,0.3333333333333333,1.0,0.5,
Evaluation 1: EXP1 vs PHY,direct,EXP1_direct vs PHY_direct,full,single_label,03-03-00,14,0,1,14,0.0,0.0,,
Evaluation 1: EXP1 vs PHY,direct,EXP1_direct vs PHY_direct,full,single_label,03-03-01,1,0,1,1,0.0,0.0,,
Evaluation 1: EXP1 vs PHY,direct,EXP1_direct vs PHY_direct,full,single_label,03-03-02,3,1,6,2,0.14285714285714285,0.3333333333333333,0.2,
Evaluation 1: EXP1 vs PHY,direct,EXP1_direct vs PHY_direct,full,single_label,03-03-03,3,2,12,1,0.14285714285714285,0.6666666666666666,0.23529411764705882,
Evaluation 1: EXP1 vs PHY,direct,EXP1_direct vs PHY_direct,full,single_label,03-03-99,0,0,1,0,0.0,,,
Evaluation 1: EXP1 vs PHY,direct,EXP1_direct vs PHY_direct,full,single_label,03-04-00,2,0,1,2,0.0,0.0,,
Evaluation 1: EXP1 vs PHY,direct,EXP1_direct vs PHY_direct,full,single_label,03-04-01,1,1,0,0,1.0,1.0,1.0,
Evaluation 1: EXP1 vs PHY,direct,EXP1_direct vs PHY_direct,full,single_label,03-04-02,1,1,6,0,0.14285714285714285,1.0,0.25,
Evaluation 1: EXP1 vs PHY,direct,EXP1_direct vs PHY_direct,full,single_label,03-04-99,0,0,2,0,0.0,,,
Evaluation 1: EXP1 vs PHY,direct,EXP1_direct vs PHY_direct,full,single_label,03-05-00,1,0,0,1,,0.0,,
Evaluation 1: EXP1 vs PHY,direct,EXP1_direct vs PHY_direct,full,single_label,03-05-01,1,0,6,1,0.0,0.0,,
Evaluation 1: EXP1 vs PHY,direct,EXP1_direct vs PHY_direct,full,single_label,03-06-00,7,0,0,7,,0.0,,
Evaluation 1: EXP1 vs PHY,direct,EXP1_direct vs PHY_direct,full,single_label,03-06-02,1,0,0,1,,0.0,,
Evaluation 1: EXP1 vs PHY,direct,EXP1_direct vs PHY_direct,full,single_label,03-06-03,1,0,0,1,,0.0,,
Evaluation 1: EXP1 vs PHY,direct,EXP1_direct vs PHY_direct,full,single_label,03-06-04,2,0,0,2,,0.0,,
Evaluation 1: EXP1 vs PHY,direct,EXP1_direct vs PHY_direct,full,single_label,03-06-99,0,0,3,0,0.0,,,
Evaluation 1: EXP1 vs PHY,direct,EXP1_direct vs PHY_direct,full,single_label,03-07-01,1,1,2,0,0.3333333333333333,1.0,0.5,
Evaluation 1: EXP1 vs PHY,direct,EXP1_direct vs PHY_direct,full,single_label,03-07-99,0,0,1,0,0.0,,,
Evaluation 1: EXP1 vs PHY,direct,EXP1_direct vs PHY_direct,full,single_label,03-08-00,8,5,4,3,0.5555555555555556,0.625,0.5882352941176471,
Evaluation 1: EXP1 vs PHY,direct,EXP1_direct vs PHY_direct,full,single_label,03-08-01,3,0,2,3,0.0,0.0,,
Evaluation 1: EXP1 vs PHY,direct,EXP1_direct vs PHY_direct,full,single_label,03-09-01,0,0,3,0,0.0,,,
Evaluation 1: EXP1 vs PHY,direct,EXP1_direct vs PHY_direct,full,single_label,04-00-00,2,0,0,2,,0.0,,
Evaluation 1: EXP1 vs PHY,direct,EXP1_direct vs PHY_direct,full,single_label,04-01-00,2,1,1,1,0.5,0.5,0.5,
Evaluation 1: EXP1 vs PHY,direct,EXP1_direct vs PHY_direct,full,single_label,04-02-00,1,0,1,1,0.0,0.0,,
Evaluation 1: EXP1 vs PHY,direct,EXP1_direct vs PHY_direct,full,single_label,04-03-00,3,2,0,1,1.0,0.6666666666666666,0.8,
Evaluation 1: EXP1 vs PHY,direct,EXP1_direct vs PHY_direct,full,single_label,04-05-00,4,1,0,3,1.0,0.25,0.4,
Evaluation 1: EXP1 vs PHY,direct,EXP1_direct vs PHY_direct,full,single_label,04-06-00,1,1,2,0,0.3333333333333333,1.0,0.5,
Evaluation 1: EXP1 vs PHY,direct,EXP1_direct vs PHY_direct,full,single_label,04-08-00,1,0,0,1,,0.0,,
Evaluation 1: EXP1 vs PHY,direct,EXP1_direct vs PHY_direct,full,single_label,04-09-00,0,0,2,0,0.0,,,
Evaluation 1: EXP1 vs PHY,direct,EXP1_direct vs PHY_direct,full,single_label,04-99-00,0,0,2,0,0.0,,,
Evaluation 1: EXP1 vs PHY,direct,EXP1_direct vs PHY_direct,full,single_label,05-03-00,1,0,2,1,0.0,0.0,,
Evaluation 1: EXP1 vs PHY,direct,EXP1_direct vs PHY_direct,full,single_label,05-05-00,1,1,5,0,0.16666666666666666,1.0,0.2857142857142857,
Evaluation 1: EXP1 vs PHY,direct,EXP1_direct vs PHY_direct,full,single_label,05-06-00,16,7,0,9,1.0,0.4375,0.6086956521739131,
Evaluation 1: EXP1 vs PHY,direct,EXP1_direct vs PHY_direct,level2,single_label,00-02,0,0,3,0,0.0,,,
Evaluation 1: EXP1 vs PHY,direct,EXP1_direct vs PHY_direct,level2,single_label,00-03,0,0,1,0,0.0,,,
Evaluation 1: EXP1 vs PHY,direct,EXP1_direct vs PHY_direct,level2,single_label,00-04,0,0,1,0,0.0,,,
Evaluation 1: EXP1 vs PHY,direct,EXP1_direct vs PHY_direct,level2,single_label,01-00,14,0,0,14,,0.0,,
Evaluation 1: EXP1 vs PHY,direct,EXP1_direct vs PHY_direct,level2,single_label,01-01,98,54,20,44,0.7297297297297297,0.5510204081632653,0.6279069767441859,
Evaluation 1: EXP1 vs PHY,direct,EXP1_direct vs PHY_direct,level2,single_label,01-03,3,0,2,3,0.0,0.0,,
Evaluation 1: EXP1 vs PHY,direct,EXP1_direct vs PHY_direct,level2,single_label,01-04,39,19,15,20,0.5588235294117647,0.48717948717948717,0.5205479452054794,
Evaluation 1: EXP1 vs PHY,direct,EXP1_direct vs PHY_direct,level2,single_label,01-05,2,2,10,0,0.16666666666666666,1.0,0.2857142857142857,
Evaluation 1: EXP1 vs PHY,direct,EXP1_direct vs PHY_direct,level2,single_label,02-03,2,2,2,0,0.5,1.0,0.6666666666666666,
Evaluation 1: EXP1 vs PHY,direct,EXP1_direct vs PHY_direct,level2,single_label,02-05,2,0,0,2,,0.0,,
Evaluation 1: EXP1 vs PHY,direct,EXP1_direct vs PHY_direct,level2,single_label,03-00,3,0,0,3,,0.0,,
Evaluation 1: EXP1 vs PHY,direct,EXP1_direct vs PHY_direct,level2,single_label,03-01,84,62,9,22,0.8732394366197183,0.7380952380952381,0.8,
Evaluation 1: EXP1 vs PHY,direct,EXP1_direct vs PHY_direct,level2,single_label,03-02,1,1,37,0,0.02631578947368421,1.0,0.05128205128205127,
Evaluation 1: EXP1 vs PHY,direct,EXP1_direct vs PHY_direct,level2,single_label,03-03,21,17,7,4,0.7083333333333334,0.8095238095238095,0.7555555555555556,
Evaluation 1: EXP1 vs PHY,direct,EXP1_direct vs PHY_direct,level2,single_label,03-04,4,2,9,2,0.18181818181818182,0.5,0.26666666666666666,
Evaluation 1: EXP1 vs PHY,direct,EXP1_direct vs PHY_direct,level2,single_label,03-05,2,1,5,1,0.16666666666666666,0.5,0.25,
Evaluation 1: EXP1 vs PHY,direct,EXP1_direct vs PHY_direct,level2,single_label,03-06,11,2,1,9,0.6666666666666666,0.18181818181818182,0.28571428571428575,
Evaluation 1: EXP1 vs PHY,direct,EXP1_direct vs PHY_direct,level2,single_label,03-07,1,1,3,0,0.25,1.0,0.4,
Evaluation 1: EXP1 vs PHY,direct,EXP1_direct vs PHY_direct,level2,single_label,03-08,11,6,5,5,0.5454545454545454,0.5454545454545454,0.5454545454545454,
Evaluation 1: EXP1 vs PHY,direct,EXP1_direct vs PHY_direct,level2,single_label,03-09,0,0,3,0,0.0,,,
Evaluation 1: EXP1 vs PHY,direct,EXP1_direct vs PHY_direct,level2,single_label,04-00,2,0,0,2,,0.0,,
Evaluation 1: EXP1 vs PHY,direct,EXP1_direct vs PHY_direct,level2,single_label,04-01,2,1,1,1,0.5,0.5,0.5,
Evaluation 1: EXP1 vs PHY,direct,EXP1_direct vs PHY_direct,level2,single_label,04-02,1,0,1,1,0.0,0.0,,
Evaluation 1: EXP1 vs PHY,direct,EXP1_direct vs PHY_direct,level2,single_label,04-03,3,2,0,1,1.0,0.6666666666666666,0.8,
Evaluation 1: EXP1 vs PHY,direct,EXP1_direct vs PHY_direct,level2,single_label,04-05,4,1,0,3,1.0,0.25,0.4,
Evaluation 1: EXP1 vs PHY,direct,EXP1_direct vs PHY_direct,level2,single_label,04-06,1,1,2,0,0.3333333333333333,1.0,0.5,
Evaluation 1: EXP1 vs PHY,direct,EXP1_direct vs PHY_direct,level2,single_label,04-08,1,0,0,1,,0.0,,
Evaluation 1: EXP1 vs PHY,direct,EXP1_direct vs PHY_direct,level2,single_label,04-09,0,0,2,0,0.0,,,
Evaluation 1: EXP1 vs PHY,direct,EXP1_direct vs PHY_direct,level2,single_label,04-99,0,0,2,0,0.0,,,
Evaluation 1: EXP1 vs PHY,direct,EXP1_direct vs PHY_direct,level2,single_label,05-03,1,0,2,1,0.0,0.0,,
Evaluation 1: EXP1 vs PHY,direct,EXP1_direct vs PHY_direct,level2,single_label,05-05,1,1,5,0,0.16666666666666666,1.0,0.2857142857142857,
Evaluation 1: EXP1 vs PHY,direct,EXP1_direct vs PHY_direct,level2,single_label,05-06,16,7,0,9,1.0,0.4375,0.6086956521739131,
Evaluation 1: EXP1 vs PHY,direct,EXP1_direct vs PHY_direct,level1,single_label,00,0,0,5,0,0.0,,,
Evaluation 1: EXP1 vs PHY,direct,EXP1_direct vs PHY_direct,level1,single_label,01,156,101,21,55,0.8278688524590164,0.6474358974358975,0.7266187050359713,
Evaluation 1: EXP1 vs PHY,direct,EXP1_direct vs PHY_direct,level1,single_label,02,4,2,2,2,0.5,0.5,0.5,
Evaluation 1: EXP1 vs PHY,direct,EXP1_direct vs PHY_direct,level1,single_label,03,138,117,54,21,0.6842105263157895,0.8478260869565217,0.7572815533980581,
Evaluation 1: EXP1 vs PHY,direct,EXP1_direct vs PHY_direct,level1,single_label,04,14,8,5,6,0.6153846153846154,0.5714285714285714,0.5925925925925927,
Evaluation 1: EXP1 vs PHY,direct,EXP1_direct vs PHY_direct,level1,single_label,05,18,15,0,3,1.0,0.8333333333333334,0.9090909090909091,
Evaluation 1: EXP1 vs PHY,underlying,EXP1_underlying vs PHY_underlying,full,single_label,00-02-00,0,0,12,0,0.0,,,
Evaluation 1: EXP1 vs PHY,underlying,EXP1_underlying vs PHY_underlying,full,single_label,00-03-00,0,0,14,0,0.0,,,
Evaluation 1: EXP1 vs PHY,underlying,EXP1_underlying vs PHY_underlying,full,single_label,00-04-00,0,0,1,0,0.0,,,
Evaluation 1: EXP1 vs PHY,underlying,EXP1_underlying vs PHY_underlying,full,single_label,01-00-00,30,0,0,30,,0.0,,
Evaluation 1: EXP1 vs PHY,underlying,EXP1_underlying vs PHY_underlying,full,single_label,01-01-00,214,19,42,195,0.3114754098360656,0.08878504672897196,0.13818181818181816,
Evaluation 1: EXP1 vs PHY,underlying,EXP1_underlying vs PHY_underlying,full,single_label,01-01-01,206,158,228,48,0.40932642487046633,0.7669902912621359,0.5337837837837838,
Evaluation 1: EXP1 vs PHY,underlying,EXP1_underlying vs PHY_underlying,full,single_label,01-01-02,57,39,35,18,0.527027027027027,0.6842105263157895,0.5954198473282442,
Evaluation 1: EXP1 vs PHY,underlying,EXP1_underlying vs PHY_underlying,full,single_label,01-01-03,0,0,3,0,0.0,,,
Evaluation 1: EXP1 vs PHY,underlying,EXP1_underlying vs PHY_underlying,full,single_label,01-01-04,209,137,90,72,0.6035242290748899,0.6555023923444976,0.6284403669724771,
Evaluation 1: EXP1 vs PHY,underlying,EXP1_underlying vs PHY_underlying,full,single_label,01-01-05,70,22,44,48,0.3333333333333333,0.3142857142857143,0.3235294117647059,
Evaluation 1: EXP1 vs PHY,underlying,EXP1_underlying vs PHY_underlying,full,single_label,01-01-06,15,1,19,14,0.05,0.06666666666666667,0.05714285714285715,
Evaluation 1: EXP1 vs PHY,underlying,EXP1_underlying vs PHY_underlying,full,single_label,01-01-99,0,0,33,0,0.0,,,
Evaluation 1: EXP1 vs PHY,underlying,EXP1_underlying vs PHY_underlying,full,single_label,01-03-00,16,5,8,11,0.38461538461538464,0.3125,0.3448275862068966,
Evaluation 1: EXP1 vs PHY,underlying,EXP1_underlying vs PHY_underlying,full,single_label,01-04-00,41,1,1,40,0.5,0.024390243902439025,0.046511627906976744,
Evaluation 1: EXP1 vs PHY,underlying,EXP1_underlying vs PHY_underlying,full,single_label,01-04-01,40,29,98,11,0.2283464566929134,0.725,0.34730538922155685,
Evaluation 1: EXP1 vs PHY,underlying,EXP1_underlying vs PHY_underlying,full,single_label,01-04-02,801,565,43,236,0.9292763157894737,0.7053682896379525,0.8019872249822568,
Evaluation 1: EXP1 vs PHY,underlying,EXP1_underlying vs PHY_underlying,full,single_label,01-04-03,27,9,9,18,0.5,0.3333333333333333,0.4,
Evaluation 1: EXP1 vs PHY,underlying,EXP1_underlying vs PHY_underlying,full,single_label,01-05-00,52,39,74,13,0.34513274336283184,0.75,0.47272727272727283,
Evaluation 1: EXP1 vs PHY,underlying,EXP1_underlying vs PHY_underlying,full,single_label,01-07-00,3,3,0,0,1.0,1.0,1.0,
Evaluation 1: EXP1 vs PHY,underlying,EXP1_underlying vs PHY_underlying,full,single_label,01-99-00,0,0,26,0,0.0,,,
Evaluation 1: EXP1 vs PHY,underlying,EXP1_underlying vs PHY_underlying,full,single_label,02-00-00,9,0,0,9,,0.0,,
Evaluation 1: EXP1 vs PHY,underlying,EXP1_underlying vs PHY_underlying,full,single_label,02-01-00,6,4,1,2,0.8,0.6666666666666666,0.7272727272727272,
Evaluation 1: EXP1 vs PHY,underlying,EXP1_underlying vs PHY_underlying,full,single_label,02-02-00,5,4,1,1,0.8,0.8,0.8000000000000002,
Evaluation 1: EXP1 vs PHY,underlying,EXP1_underlying vs PHY_underlying,full,single_label,02-03-00,17,12,1,5,0.9230769230769231,0.7058823529411765,0.8000000000000002,
Evaluation 1: EXP1 vs PHY,underlying,EXP1_underlying vs PHY_underlying,full,single_label,02-04-00,11,10,60,1,0.14285714285714285,0.9090909090909091,0.24691358024691357,
Evaluation 1: EXP1 vs PHY,underlying,EXP1_underlying vs PHY_underlying,full,single_label,02-05-00,6,4,3,2,0.5714285714285714,0.6666666666666666,0.6153846153846153,
Evaluation 1: EXP1 vs PHY,underlying,EXP1_underlying vs PHY_underlying,full,single_label,02-06-00,1,0,2,1,0.0,0.0,,
Evaluation 1: EXP1 vs PHY,underlying,EXP1_underlying vs PHY_underlying,full,single_label,02-99-00,0,0,7,0,0.0,,,
Evaluation 1: EXP1 vs PHY,underlying,EXP1_underlying vs PHY_underlying,full,single_label,03-00-00,47,0,0,47,,0.0,,
Evaluation 1: EXP1 vs PHY,underlying,EXP1_underlying vs PHY_underlying,full,single_label,03-01-00,29,3,1,26,0.75,0.10344827586206896,0.18181818181818182,
Evaluation 1: EXP1 vs PHY,underlying,EXP1_underlying vs PHY_underlying,full,single_label,03-01-01,124,65,121,59,0.34946236559139787,0.5241935483870968,0.41935483870967744,
Evaluation 1: EXP1 vs PHY,underlying,EXP1_underlying vs PHY_underlying,full,single_label,03-01-02,145,54,23,91,0.7012987012987013,0.3724137931034483,0.4864864864864865,
Evaluation 1: EXP1 vs PHY,underlying,EXP1_underlying vs PHY_underlying,full,single_label,03-01-03,16,6,33,10,0.15384615384615385,0.375,0.2181818181818182,
Evaluation 1: EXP1 vs PHY,underlying,EXP1_underlying vs PHY_underlying,full,single_label,03-01-04,139,70,70,69,0.5,0.5035971223021583,0.5017921146953405,
Evaluation 1: EXP1 vs PHY,underlying,EXP1_underlying vs PHY_underlying,full,single_label,03-01-99,0,0,33,0,0.0,,,
Evaluation 1: EXP1 vs PHY,underlying,EXP1_underlying vs PHY_underlying,full,single_label,03-02-00,11,0,3,11,0.0,0.0,,
Evaluation 1: EXP1 vs PHY,underlying,EXP1_underlying vs PHY_underlying,full,single_label,03-02-01,2,1,9,1,0.1,0.5,0.16666666666666669,
Evaluation 1: EXP1 vs PHY,underlying,EXP1_underlying vs PHY_underlying,full,single_label,03-02-02,38,35,14,3,0.7142857142857143,0.9210526315789473,0.8045977011494253,
Evaluation 1: EXP1 vs PHY,underlying,EXP1_underlying vs PHY_underlying,full,single_label,03-02-99,0,0,2,0,0.0,,,
Evaluation 1: EXP1 vs PHY,underlying,EXP1_underlying vs PHY_underlying,full,single_label,03-03-00,101,2,5,99,0.2857142857142857,0.019801980198019802,0.037037037037037035,
Evaluation 1: EXP1 vs PHY,underlying,EXP1_underlying vs PHY_underlying,full,single_label,03-03-01,9,3,31,6,0.08823529411764706,0.3333333333333333,0.13953488372093023,
Evaluation 1: EXP1 vs PHY,underlying,EXP1_underlying vs PHY_underlying,full,single_label,03-03-02,52,41,58,11,0.41414141414141414,0.7884615384615384,0.5430463576158939,
Evaluation 1: EXP1 vs PHY,underlying,EXP1_underlying vs PHY_underlying,full,single_label,03-03-03,47,28,23,19,0.5490196078431373,0.5957446808510638,0.5714285714285715,
Evaluation 1: EXP1 vs PHY,underlying,EXP1_underlying vs PHY_underlying,full,single_label,03-03-99,0,0,10,0,0.0,,,
Evaluation 1: EXP1 vs PHY,underlying,EXP1_underlying vs PHY_underlying,full,single_label,03-04-00,34,0,1,34,0.0,0.0,,
Evaluation 1: EXP1 vs PHY,underlying,EXP1_underlying vs PHY_underlying,full,single_label,03-04-01,10,5,4,5,0.5555555555555556,0.5,0.5263157894736842,
Evaluation 1: EXP1 vs PHY,underlying,EXP1_underlying vs PHY_underlying,full,single_label,03-04-02,33,27,16,6,0.627906976744186,0.8181818181818182,0.7105263157894738,
Evaluation 1: EXP1 vs PHY,underlying,EXP1_underlying vs PHY_underlying,full,single_label,03-04-99,0,0,16,0,0.0,,,
Evaluation 1: EXP1 vs PHY,underlying,EXP1_underlying vs PHY_underlying,full,single_label,03-05-00,1,0,0,1,,0.0,,
Evaluation 1: EXP1 vs PHY,underlying,EXP1_underlying vs PHY_underlying,full,single_label,03-05-01,72,50,6,22,0.8928571428571429,0.6944444444444444,0.78125,
Evaluation 1: EXP1 vs PHY,underlying,EXP1_underlying vs PHY_underlying,full,single_label,03-05-99,0,0,1,0,0.0,,,
Evaluation 1: EXP1 vs PHY,underlying,EXP1_underlying vs PHY_underlying,full,single_label,03-06-00,62,5,3,57,0.625,0.08064516129032258,0.14285714285714285,
Evaluation 1: EXP1 vs PHY,underlying,EXP1_underlying vs PHY_underlying,full,single_label,03-06-01,11,11,2,0,0.8461538461538461,1.0,0.9166666666666666,
Evaluation 1: EXP1 vs PHY,underlying,EXP1_underlying vs PHY_underlying,full,single_label,03-06-02,63,56,5,7,0.9180327868852459,0.8888888888888888,0.9032258064516128,
Evaluation 1: EXP1 vs PHY,underlying,EXP1_underlying vs PHY_underlying,full,single_label,03-06-03,15,8,3,7,0.7272727272727273,0.5333333333333333,0.6153846153846153,
Evaluation 1: EXP1 vs PHY,underlying,EXP1_underlying vs PHY_underlying,full,single_label,03-06-04,34,12,27,22,0.3076923076923077,0.35294117647058826,0.3287671232876712,
Evaluation 1: EXP1 vs PHY,underlying,EXP1_underlying vs PHY_underlying,full,single_label,03-06-05,7,7,3,0,0.7,1.0,0.8235294117647058,
Evaluation 1: EXP1 vs PHY,underlying,EXP1_underlying vs PHY_underlying,full,single_label,03-06-06,1,1,4,0,0.2,1.0,0.33333333333333337,
Evaluation 1: EXP1 vs PHY,underlying,EXP1_underlying vs PHY_underlying,full,single_label,03-06-07,0,0,22,0,0.0,,,
Evaluation 1: EXP1 vs PHY,underlying,EXP1_underlying vs PHY_underlying,full,single_label,03-06-99,0,0,55,0,0.0,,,
Evaluation 1: EXP1 vs PHY,underlying,EXP1_underlying vs PHY_underlying,full,single_label,03-07-00,16,0,0,16,,0.0,,
Evaluation 1: EXP1 vs PHY,underlying,EXP1_underlying vs PHY_underlying,full,single_label,03-07-01,16,4,26,12,0.13333333333333333,0.25,0.1739130434782609,
Evaluation 1: EXP1 vs PHY,underlying,EXP1_underlying vs PHY_underlying,full,single_label,03-07-99,0,0,14,0,0.0,,,
Evaluation 1: EXP1 vs PHY,underlying,EXP1_underlying vs PHY_underlying,full,single_label,03-08-00,37,7,17,30,0.2916666666666667,0.1891891891891892,0.22950819672131148,
Evaluation 1: EXP1 vs PHY,underlying,EXP1_underlying vs PHY_underlying,full,single_label,03-08-01,11,0,0,11,,0.0,,
Evaluation 1: EXP1 vs PHY,underlying,EXP1_underlying vs PHY_underlying,full,single_label,03-08-99,0,0,6,0,0.0,,,
Evaluation 1: EXP1 vs PHY,underlying,EXP1_underlying vs PHY_underlying,full,single_label,03-09-00,3,0,0,3,,0.0,,
Evaluation 1: EXP1 vs PHY,underlying,EXP1_underlying vs PHY_underlying,full,single_label,03-09-01,57,36,39,21,0.48,0.631578947368421,0.5454545454545454,
Evaluation 1: EXP1 vs PHY,underlying,EXP1_underlying vs PHY_underlying,full,single_label,03-99-00,0,0,19,0,0.0,,,
Evaluation 1: EXP1 vs PHY,underlying,EXP1_underlying vs PHY_underlying,full,single_label,04-00-00,31,0,1,31,0.0,0.0,,
Evaluation 1: EXP1 vs PHY,underlying,EXP1_underlying vs PHY_underlying,full,single_label,04-01-00,69,67,4,2,0.9436619718309859,0.9710144927536232,0.9571428571428571,
Evaluation 1: EXP1 vs PHY,underlying,EXP1_underlying vs PHY_underlying,full,single_label,04-02-00,20,14,7,6,0.6666666666666666,0.7,0.6829268292682926,
Evaluation 1: EXP1 vs PHY,underlying,EXP1_underlying vs PHY_underlying,full,single_label,04-03-00,55,48,0,7,1.0,0.8727272727272727,0.9320388349514563,
Evaluation 1: EXP1 vs PHY,underlying,EXP1_underlying vs PHY_underlying,full,single_label,04-04-00,5,2,1,3,0.6666666666666666,0.4,0.5,
Evaluation 1: EXP1 vs PHY,underlying,EXP1_underlying vs PHY_underlying,full,single_label,04-05-00,54,28,8,26,0.7777777777777778,0.5185185185185185,0.6222222222222222,
Evaluation 1: EXP1 vs PHY,underlying,EXP1_underlying vs PHY_underlying,full,single_label,04-06-00,14,13,8,1,0.6190476190476191,0.9285714285714286,0.742857142857143,
Evaluation 1: EXP1 vs PHY,underlying,EXP1_underlying vs PHY_underlying,full,single_label,04-07-00,4,4,2,0,0.6666666666666666,1.0,0.8,
Evaluation 1: EXP1 vs PHY,underlying,EXP1_underlying vs PHY_underlying,full,single_label,04-08-00,25,23,5,2,0.8214285714285714,0.92,0.8679245283018867,
Evaluation 1: EXP1 vs PHY,underlying,EXP1_underlying vs PHY_underlying,full,single_label,04-09-00,1,1,10,0,0.09090909090909091,1.0,0.16666666666666669,
Evaluation 1: EXP1 vs PHY,underlying,EXP1_underlying vs PHY_underlying,full,single_label,04-99-00,0,0,15,0,0.0,,,
Evaluation 1: EXP1 vs PHY,underlying,EXP1_underlying vs PHY_underlying,full,single_label,05-00-00,24,2,7,22,0.2222222222222222,0.08333333333333333,0.12121212121212122,
Evaluation 1: EXP1 vs PHY,underlying,EXP1_underlying vs PHY_underlying,full,single_label,05-03-00,145,122,22,23,0.8472222222222222,0.8413793103448276,0.8442906574394463,
Evaluation 1: EXP1 vs PHY,underlying,EXP1_underlying vs PHY_underlying,full,single_label,05-04-00,28,14,6,14,0.7,0.5,0.5833333333333334,
Evaluation 1: EXP1 vs PHY,underlying,EXP1_underlying vs PHY_underlying,full,single_label,05-05-00,206,119,13,87,0.9015151515151515,0.5776699029126213,0.7041420118343196,
Evaluation 1: EXP1 vs PHY,underlying,EXP1_underlying vs PHY_underlying,full,single_label,05-06-00,101,68,30,33,0.6938775510204082,0.6732673267326733,0.6834170854271358,
Evaluation 1: EXP1 vs PHY,underlying,EXP1_underlying vs PHY_underlying,full,single_label,05-08-00,5,4,12,1,0.25,0.8,0.38095238095238093,
Evaluation 1: EXP1 vs PHY,underlying,EXP1_underlying vs PHY_underlying,full,single_label,05-09-00,0,0,1,0,0.0,,,
Evaluation 1: EXP1 vs PHY,underlying,EXP1_underlying vs PHY_underlying,full,single_label,05-99-00,0,0,7,0,0.0,,,
Evaluation 1: EXP1 vs PHY,underlying,EXP1_underlying vs PHY_underlying,level2,single_label,00-02,0,0,12,0,0.0,,,
Evaluation 1: EXP1 vs PHY,underlying,EXP1_underlying vs PHY_underlying,level2,single_label,00-03,0,0,14,0,0.0,,,
Evaluation 1: EXP1 vs PHY,underlying,EXP1_underlying vs PHY_underlying,level2,single_label,00-04,0,0,1,0,0.0,,,
Evaluation 1: EXP1 vs PHY,underlying,EXP1_underlying vs PHY_underlying,level2,single_label,01-00,30,0,0,30,,0.0,,
Evaluation 1: EXP1 vs PHY,underlying,EXP1_underlying vs PHY_underlying,level2,single_label,01-01,771,622,248,149,0.7149425287356321,0.8067444876783398,0.7580743449116393,
Evaluation 1: EXP1 vs PHY,underlying,EXP1_underlying vs PHY_underlying,level2,single_label,01-03,16,5,8,11,0.38461538461538464,0.3125,0.3448275862068966,
Evaluation 1: EXP1 vs PHY,underlying,EXP1_underlying vs PHY_underlying,level2,single_label,01-04,909,704,51,205,0.9324503311258279,0.7744774477447744,0.8461538461538461,
Evaluation 1: EXP1 vs PHY,underlying,EXP1_underlying vs PHY_underlying,level2,single_label,01-05,52,39,74,13,0.34513274336283184,0.75,0.47272727272727283,
Evaluation 1: EXP1 vs PHY,underlying,EXP1_underlying vs PHY_underlying,level2,single_label,01-07,3,3,0,0,1.0,1.0,1.0,
Evaluation 1: EXP1 vs PHY,underlying,EXP1_underlying vs PHY_underlying,level2,single_label,01-99,0,0,26,0,0.0,,,
Evaluation 1: EXP1 vs PHY,underlying,EXP1_underlying vs PHY_underlying,level2,single_label,02-00,9,0,0,9,,0.0,,
Evaluation 1: EXP1 vs PHY,underlying,EXP1_underlying vs PHY_underlying,level2,single_label,02-01,6,4,1,2,0.8,0.6666666666666666,0.7272727272727272,
Evaluation 1: EXP1 vs PHY,underlying,EXP1_underlying vs PHY_underlying,level2,single_label,02-02,5,4,1,1,0.8,0.8,0.8000000000000002,
Evaluation 1: EXP1 vs PHY,underlying,EXP1_underlying vs PHY_underlying,level2,single_label,02-03,17,12,1,5,0.9230769230769231,0.7058823529411765,0.8000000000000002,
Evaluation 1: EXP1 vs PHY,underlying,EXP1_underlying vs PHY_underlying,level2,single_label,02-04,11,10,60,1,0.14285714285714285,0.9090909090909091,0.24691358024691357,
Evaluation 1: EXP1 vs PHY,underlying,EXP1_underlying vs PHY_underlying,level2,single_label,02-05,6,4,3,2,0.5714285714285714,0.6666666666666666,0.6153846153846153,
Evaluation 1: EXP1 vs PHY,underlying,EXP1_underlying vs PHY_underlying,level2,single_label,02-06,1,0,2,1,0.0,0.0,,
Evaluation 1: EXP1 vs PHY,underlying,EXP1_underlying vs PHY_underlying,level2,single_label,02-99,0,0,7,0,0.0,,,
Evaluation 1: EXP1 vs PHY,underlying,EXP1_underlying vs PHY_underlying,level2,single_label,03-00,47,0,0,47,,0.0,,
Evaluation 1: EXP1 vs PHY,underlying,EXP1_underlying vs PHY_underlying,level2,single_label,03-01,453,372,107,81,0.7766179540709812,0.8211920529801324,0.798283261802575,
Evaluation 1: EXP1 vs PHY,underlying,EXP1_underlying vs PHY_underlying,level2,single_label,03-02,51,39,25,12,0.609375,0.7647058823529411,0.6782608695652174,
Evaluation 1: EXP1 vs PHY,underlying,EXP1_underlying vs PHY_underlying,level2,single_label,03-03,209,132,69,77,0.6567164179104478,0.631578947368421,0.6439024390243903,
Evaluation 1: EXP1 vs PHY,underlying,EXP1_underlying vs PHY_underlying,level2,single_label,03-04,77,43,26,34,0.6231884057971014,0.5584415584415584,0.589041095890411,
Evaluation 1: EXP1 vs PHY,underlying,EXP1_underlying vs PHY_underlying,level2,single_label,03-05,73,50,7,23,0.8771929824561403,0.684931506849315,0.7692307692307693,
Evaluation 1: EXP1 vs PHY,underlying,EXP1_underlying vs PHY_underlying,level2,single_label,03-06,193,166,58,27,0.7410714285714286,0.8601036269430051,0.7961630695443646,
Evaluation 1: EXP1 vs PHY,underlying,EXP1_underlying vs PHY_underlying,level2,single_label,03-07,32,17,27,15,0.38636363636363635,0.53125,0.4473684210526316,
Evaluation 1: EXP1 vs PHY,underlying,EXP1_underlying vs PHY_underlying,level2,single_label,03-08,48,11,19,37,0.36666666666666664,0.22916666666666666,0.28205128205128205,
Evaluation 1: EXP1 vs PHY,underlying,EXP1_underlying vs PHY_underlying,level2,single_label,03-09,60,37,38,23,0.49333333333333335,0.6166666666666667,0.5481481481481482,
Evaluation 1: EXP1 vs PHY,underlying,EXP1_underlying vs PHY_underlying,level2,single_label,03-99,0,0,19,0,0.0,,,
Evaluation 1: EXP1 vs PHY,underlying,EXP1_underlying vs PHY_underlying,level2,single_label,04-00,31,0,1,31,0.0,0.0,,
Evaluation 1: EXP1 vs PHY,underlying,EXP1_underlying vs PHY_underlying,level2,single_label,04-01,69,67,4,2,0.9436619718309859,0.9710144927536232,0.9571428571428571,
Evaluation 1: EXP1 vs PHY,underlying,EXP1_underlying vs PHY_underlying,level2,single_label,04-02,20,14,7,6,0.6666666666666666,0.7,0.6829268292682926,
Evaluation 1: EXP1 vs PHY,underlying,EXP1_underlying vs PHY_underlying,level2,single_label,04-03,55,48,0,7,1.0,0.8727272727272727,0.9320388349514563,
Evaluation 1: EXP1 vs PHY,underlying,EXP1_underlying vs PHY_underlying,level2,single_label,04-04,5,2,1,3,0.6666666666666666,0.4,0.5,
Evaluation 1: EXP1 vs PHY,underlying,EXP1_underlying vs PHY_underlying,level2,single_label,04-05,54,28,8,26,0.7777777777777778,0.5185185185185185,0.6222222222222222,
Evaluation 1: EXP1 vs PHY,underlying,EXP1_underlying vs PHY_underlying,level2,single_label,04-06,14,13,8,1,0.6190476190476191,0.9285714285714286,0.742857142857143,
Evaluation 1: EXP1 vs PHY,underlying,EXP1_underlying vs PHY_underlying,level2,single_label,04-07,4,4,2,0,0.6666666666666666,1.0,0.8,
Evaluation 1: EXP1 vs PHY,underlying,EXP1_underlying vs PHY_underlying,level2,single_label,04-08,25,23,5,2,0.8214285714285714,0.92,0.8679245283018867,
Evaluation 1: EXP1 vs PHY,underlying,EXP1_underlying vs PHY_underlying,level2,single_label,04-09,1,1,10,0,0.09090909090909091,1.0,0.16666666666666669,
Evaluation 1: EXP1 vs PHY,underlying,EXP1_underlying vs PHY_underlying,level2,single_label,04-99,0,0,15,0,0.0,,,
Evaluation 1: EXP1 vs PHY,underlying,EXP1_underlying vs PHY_underlying,level2,single_label,05-00,24,2,7,22,0.2222222222222222,0.08333333333333333,0.12121212121212122,
Evaluation 1: EXP1 vs PHY,underlying,EXP1_underlying vs PHY_underlying,level2,single_label,05-03,145,122,22,23,0.8472222222222222,0.8413793103448276,0.8442906574394463,
Evaluation 1: EXP1 vs PHY,underlying,EXP1_underlying vs PHY_underlying,level2,single_label,05-04,28,14,6,14,0.7,0.5,0.5833333333333334,
Evaluation 1: EXP1 vs PHY,underlying,EXP1_underlying vs PHY_underlying,level2,single_label,05-05,206,119,13,87,0.9015151515151515,0.5776699029126213,0.7041420118343196,
Evaluation 1: EXP1 vs PHY,underlying,EXP1_underlying vs PHY_underlying,level2,single_label,05-06,101,68,30,33,0.6938775510204082,0.6732673267326733,0.6834170854271358,
Evaluation 1: EXP1 vs PHY,underlying,EXP1_underlying vs PHY_underlying,level2,single_label,05-08,5,4,12,1,0.25,0.8,0.38095238095238093,
Evaluation 1: EXP1 vs PHY,underlying,EXP1_underlying vs PHY_underlying,level2,single_label,05-09,0,0,1,0,0.0,,,
Evaluation 1: EXP1 vs PHY,underlying,EXP1_underlying vs PHY_underlying,level2,single_label,05-99,0,0,7,0,0.0,,,
Evaluation 1: EXP1 vs PHY,underlying,EXP1_underlying vs PHY_underlying,level1,single_label,00,0,0,27,0,0.0,,,
Evaluation 1: EXP1 vs PHY,underlying,EXP1_underlying vs PHY_underlying,level1,single_label,01,1781,1591,189,190,0.8938202247191012,0.8933183604716451,0.8935692221286156,
Evaluation 1: EXP1 vs PHY,underlying,EXP1_underlying vs PHY_underlying,level1,single_label,02,55,50,59,5,0.45871559633027525,0.9090909090909091,0.6097560975609756,
Evaluation 1: EXP1 vs PHY,underlying,EXP1_underlying vs PHY_underlying,level1,single_label,03,1243,1062,200,181,0.8415213946117274,0.8543845534995977,0.8479041916167664,
Evaluation 1: EXP1 vs PHY,underlying,EXP1_underlying vs PHY_underlying,level1,single_label,04,278,237,24,41,0.9080459770114943,0.8525179856115108,0.8794063079777366,
Evaluation 1: EXP1 vs PHY,underlying,EXP1_underlying vs PHY_underlying,level1,single_label,05,509,406,21,103,0.9508196721311475,0.7976424361493124,0.8675213675213674,
Evaluation 1: EXP1 vs PHY,contributory,EXP1_contrib_set vs PHY_contrib,full,multi_label,00-02-00,0,0,5,0,0.0,,,0.0
Evaluation 1: EXP1 vs PHY,contributory,EXP1_contrib_set vs PHY_contrib,full,multi_label,01-00-00,2,0,0,2,,0.0,,0.0
Evaluation 1: EXP1 vs PHY,contributory,EXP1_contrib_set vs PHY_contrib,full,multi_label,01-01-00,2,0,12,2,0.0,0.0,,-0.013521126760565124
Evaluation 1: EXP1 vs PHY,contributory,EXP1_contrib_set vs PHY_contrib,full,multi_label,01-01-01,5,1,10,4,0.09090909090909091,0.2,0.12500000000000003,0.10094952523738064
Evaluation 1: EXP1 vs PHY,contributory,EXP1_contrib_set vs PHY_contrib,full,multi_label,01-01-02,0,0,1,0,0.0,,,0.0
Evaluation 1: EXP1 vs PHY,contributory,EXP1_contrib_set vs PHY_contrib,full,multi_label,01-01-03,0,0,1,0,0.0,,,0.0
Evaluation 1: EXP1 vs PHY,contributory,EXP1_contrib_set vs PHY_contrib,full,multi_label,01-01-04,1,0,23,1,0.0,0.0,,-0.0075138843515195255
Evaluation 1: EXP1 vs PHY,contributory,EXP1_contrib_set vs PHY_contrib,full,multi_label,01-01-05,0,0,6,0,0.0,,,0.0
Evaluation 1: EXP1 vs PHY,contributory,EXP1_contrib_set vs PHY_contrib,full,multi_label,01-01-06,0,0,4,0,0.0,,,0.0
Evaluation 1: EXP1 vs PHY,contributory,EXP1_contrib_set vs PHY_contrib,full,multi_label,01-01-99,0,0,7,0,0.0,,,0.0
Evaluation 1: EXP1 vs PHY,contributory,EXP1_contrib_set vs PHY_contrib,full,multi_label,01-03-00,0,0,2,0,0.0,,,0.0
Evaluation 1: EXP1 vs PHY,contributory,EXP1_contrib_set vs PHY_contrib,full,multi_label,01-04-00,4,0,0,4,,0.0,,0.0
Evaluation 1: EXP1 vs PHY,contributory,EXP1_contrib_set vs PHY_contrib,full,multi_label,01-04-01,0,0,10,0,0.0,,,0.0
Evaluation 1: EXP1 vs PHY,contributory,EXP1_contrib_set vs PHY_contrib,full,multi_label,01-04-02,27,16,7,11,0.6956521739130435,0.5925925925925926,0.6399999999999999,0.6014817367332876
Evaluation 1: EXP1 vs PHY,contributory,EXP1_contrib_set vs PHY_contrib,full,multi_label,01-04-03,0,0,3,0,0.0,,,0.0
Evaluation 1: EXP1 vs PHY,contributory,EXP1_contrib_set vs PHY_contrib,full,multi_label,01-04-99,0,0,3,0,0.0,,,0.0
Evaluation 1: EXP1 vs PHY,contributory,EXP1_contrib_set vs PHY_contrib,full,multi_label,01-05-00,1,0,13,1,0.0,0.0,,-0.007278835386336965
Evaluation 1: EXP1 vs PHY,contributory,EXP1_contrib_set vs PHY_contrib,full,multi_label,01-99-00,0,0,10,0,0.0,,,0.0
Evaluation 1: EXP1 vs PHY,contributory,EXP1_contrib_set vs PHY_contrib,full,multi_label,02-00-00,1,0,0,1,,0.0,,0.0
Evaluation 1: EXP1 vs PHY,contributory,EXP1_contrib_set vs PHY_contrib,full,multi_label,02-03-00,0,0,1,0,0.0,,,0.0
Evaluation 1: EXP1 vs PHY,contributory,EXP1_contrib_set vs PHY_contrib,full,multi_label,03-00-00,3,0,0,3,,0.0,,0.0
Evaluation 1: EXP1 vs PHY,contributory,EXP1_contrib_set vs PHY_contrib,full,multi_label,03-01-01,82,52,44,30,0.5416666666666666,0.6341463414634146,0.5842696629213483,0.36610892607159534
Evaluation 1: EXP1 vs PHY,contributory,EXP1_contrib_set vs PHY_contrib,full,multi_label,03-01-02,1,0,10,1,0.0,0.0,,-0.007125044531530781
Evaluation 1: EXP1 vs PHY,contributory,EXP1_contrib_set vs PHY_contrib,full,multi_label,03-01-03,0,0,2,0,0.0,,,0.0
Evaluation 1: EXP1 vs PHY,contributory,EXP1_contrib_set vs PHY_contrib,full,multi_label,03-01-04,22,6,15,16,0.2857142857142857,0.2727272727272727,0.2790697674418604,0.21329120173792865
Evaluation 1: EXP1 vs PHY,contributory,EXP1_contrib_set vs PHY_contrib,full,multi_label,03-01-99,0,0,17,0,0.0,,,0.0
Evaluation 1: EXP1 vs PHY,contributory,EXP1_contrib_set vs PHY_contrib,full,multi_label,03-02-00,0,0,8,0,0.0,,,0.0
Evaluation 1: EXP1 vs PHY,contributory,EXP1_contrib_set vs PHY_contrib,full,multi_label,03-02-01,1,0,3,1,0.0,0.0,,-0.005870841487283326
Evaluation 1: EXP1 vs PHY,contributory,EXP1_contrib_set vs PHY_contrib,full,multi_label,03-02-02,2,1,5,1,0.16666666666666666,0.5,0.25,0.2411417322834639
Evaluation 1: EXP1 vs PHY,contributory,EXP1_contrib_set vs PHY_contrib,full,multi_label,03-02-99,0,0,4,0,0.0,,,0.0
Evaluation 1: EXP1 vs PHY,contributory,EXP1_contrib_set vs PHY_contrib,full,multi_label,03-03-00,1,0,1,1,0.0,0.0,,-0.003906249999992727
Evaluation 1: EXP1 vs PHY,contributory,EXP1_contrib_set vs PHY_contrib,full,multi_label,03-03-01,0,0,2,0,0.0,,,0.0
Evaluation 1: EXP1 vs PHY,contributory,EXP1_contrib_set vs PHY_contrib,full,multi_label,03-03-02,0,0,3,0,0.0,,,0.0
Evaluation 1: EXP1 vs PHY,contributory,EXP1_contrib_set vs PHY_contrib,full,multi_label,03-03-03,0,0,1,0,0.0,,,0.0
Evaluation 1: EXP1 vs PHY,contributory,EXP1_contrib_set vs PHY_contrib,full,multi_label,03-03-99,0,0,10,0,0.0,,,0.0
Evaluation 1: EXP1 vs PHY,contributory,EXP1_contrib_set vs PHY_contrib,full,multi_label,03-04-00,2,0,1,2,0.0,0.0,,-0.005215123859201154
Evaluation 1: EXP1 vs PHY,contributory,EXP1_contrib_set vs PHY_contrib,full,multi_label,03-04-01,2,1,7,1,0.125,0.5,0.2,0.1899133175728917
Evaluation 1: EXP1 vs PHY,contributory,EXP1_contrib_set vs PHY_contrib,full,multi_label,03-04-02,9,5,5,4,0.5,0.5555555555555556,0.5263157894736842,0.5081862640867527
Evaluation 1: EXP1 vs PHY,contributory,EXP1_contrib_set vs PHY_contrib,full,multi_label,03-04-99,0,0,15,0,0.0,,,0.0
Evaluation 1: EXP1 vs PHY,contributory,EXP1_contrib_set vs PHY_contrib,full,multi_label,03-05-01,38,31,25,7,0.5535714285714286,0.8157894736842105,0.6595744680851064,0.5867751984725155
Evaluation 1: EXP1 vs PHY,contributory,EXP1_contrib_set vs PHY_contrib,full,multi_label,03-05-99,0,0,1,0,0.0,,,0.0
Evaluation 1: EXP1 vs PHY,contributory,EXP1_contrib_set vs PHY_contrib,full,multi_label,03-06-00,1,0,1,1,0.0,0.0,,-0.003906249999992727
Evaluation 1: EXP1 vs PHY,contributory,EXP1_contrib_set vs PHY_contrib,full,multi_label,03-06-02,1,1,0,0,1.0,1.0,1.0,1.0
Evaluation 1: EXP1 vs PHY,contributory,EXP1_contrib_set vs PHY_contrib,full,multi_label,03-06-04,0,0,1,0,0.0,,,0.0
Evaluation 1: EXP1 vs PHY,contributory,EXP1_contrib_set vs PHY_contrib,full,multi_label,03-06-06,0,0,1,0,0.0,,,0.0
Evaluation 1: EXP1 vs PHY,contributory,EXP1_contrib_set vs PHY_contrib,full,multi_label,03-06-99,0,0,3,0,0.0,,,0.0
Evaluation 1: EXP1 vs PHY,contributory,EXP1_contrib_set vs PHY_contrib,full,multi_label,03-07-01,2,1,11,1,0.08333333333333333,0.5,0.14285714285714285,0.1312676056338028
Evaluation 1: EXP1 vs PHY,contributory,EXP1_contrib_set vs PHY_contrib,full,multi_label,03-07-99,0,0,10,0,0.0,,,0.0
Evaluation 1: EXP1 vs PHY,contributory,EXP1_contrib_set vs PHY_contrib,full,multi_label,03-08-00,14,7,28,7,0.2,0.5,0.28571428571428575,0.22543701024713717
Evaluation 1: EXP1 vs PHY,contributory,EXP1_contrib_set vs PHY_contrib,full,multi_label,03-08-01,11,0,0,11,,0.0,,0.0
Evaluation 1: EXP1 vs PHY,contributory,EXP1_contrib_set vs PHY_contrib,full,multi_label,03-08-99,0,0,19,0,0.0,,,0.0
Evaluation 1: EXP1 vs PHY,contributory,EXP1_contrib_set vs PHY_contrib,full,multi_label,03-09-00,2,0,0,2,,0.0,,0.0
Evaluation 1: EXP1 vs PHY,contributory,EXP1_contrib_set vs PHY_contrib,full,multi_label,03-09-01,8,3,36,5,0.07692307692307693,0.375,0.12765957446808512,0.0801396769969448
Evaluation 1: EXP1 vs PHY,contributory,EXP1_contrib_set vs PHY_contrib,full,multi_label,03-09-99,0,0,1,0,0.0,,,0.0
Evaluation 1: EXP1 vs PHY,contributory,EXP1_contrib_set vs PHY_contrib,full,multi_label,03-99-00,0,0,21,0,0.0,,,0.0
Evaluation 1: EXP1 vs PHY,contributory,EXP1_contrib_set vs PHY_contrib,full,multi_label,04-00-00,1,0,0,1,,0.0,,0.0
Evaluation 1: EXP1 vs PHY,contributory,EXP1_contrib_set vs PHY_contrib,full,multi_label,04-01-00,1,0,1,1,0.0,0.0,,-0.003906249999992727
Evaluation 1: EXP1 vs PHY,contributory,EXP1_contrib_set vs PHY_contrib,full,multi_label,04-02-00,1,0,4,1,0.0,0.0,,-0.006264682850436304
Evaluation 1: EXP1 vs PHY,contributory,EXP1_contrib_set vs PHY_contrib,full,multi_label,04-05-00,1,0,0,1,,0.0,,0.0
Evaluation 1: EXP1 vs PHY,contributory,EXP1_contrib_set vs PHY_contrib,full,multi_label,04-99-00,0,0,5,0,0.0,,,0.0
Evaluation 1: EXP1 vs PHY,contributory,EXP1_contrib_set vs PHY_contrib,full,multi_label,05-03-00,4,1,3,3,0.25,0.25,0.25,0.2381422924901152
Evaluation 1: EXP1 vs PHY,contributory,EXP1_contrib_set vs PHY_contrib,full,multi_label,05-04-00,1,0,2,1,0.0,0.0,,-0.005215123859201154
Evaluation 1: EXP1 vs PHY,contributory,EXP1_contrib_set vs PHY_contrib,full,multi_label,05-05-00,3,2,3,1,0.4,0.6666666666666666,0.5,0.4925962487660425
Evaluation 1: EXP1 vs PHY,contributory,EXP1_contrib_set vs PHY_contrib,full,multi_label,05-99-00,0,0,3,0,0.0,,,0.0
Evaluation 1: EXP1 vs PHY,contributory,EXP1_contrib_set vs PHY_contrib,full,multi_label,99-00-00,0,0,1,0,0.0,,,0.0
Evaluation 1: EXP1 vs PHY,contributory,EXP1_contrib_set vs PHY_contrib,full,multi_label,BLANK,0,0,3,0,0.0,,,0.0
Evaluation 1: EXP1 vs PHY,contributory,EXP1_contrib_set vs PHY_contrib,level2,multi_label,00-02,0,0,5,0,0.0,,,0.0
Evaluation 1: EXP1 vs PHY,contributory,EXP1_contrib_set vs PHY_contrib,level2,multi_label,01-00,2,0,0,2,,0.0,,0.0
Evaluation 1: EXP1 vs PHY,contributory,EXP1_contrib_set vs PHY_contrib,level2,multi_label,01-01,8,3,57,5,0.05,0.375,0.08823529411764708,0.03523855655122242
Evaluation 1: EXP1 vs PHY,contributory,EXP1_contrib_set vs PHY_contrib,level2,multi_label,01-03,0,0,2,0,0.0,,,0.0
Evaluation 1: EXP1 vs PHY,contributory,EXP1_contrib_set vs PHY_contrib,level2,multi_label,01-04,31,19,14,12,0.5757575757575758,0.6129032258064516,0.59375,0.5360366615747815
Evaluation 1: EXP1 vs PHY,contributory,EXP1_contrib_set vs PHY_contrib,level2,multi_label,01-05,1,0,13,1,0.0,0.0,,-0.007278835386336965
Evaluation 1: EXP1 vs PHY,contributory,EXP1_contrib_set vs PHY_contrib,level2,multi_label,01-99,0,0,10,0,0.0,,,0.0
Evaluation 1: EXP1 vs PHY,contributory,EXP1_contrib_set vs PHY_contrib,level2,multi_label,02-00,1,0,0,1,,0.0,,0.0
Evaluation 1: EXP1 vs PHY,contributory,EXP1_contrib_set vs PHY_contrib,level2,multi_label,02-03,0,0,1,0,0.0,,,0.0
Evaluation 1: EXP1 vs PHY,contributory,EXP1_contrib_set vs PHY_contrib,level2,multi_label,03-00,3,0,0,3,,0.0,,0.0
Evaluation 1: EXP1 vs PHY,contributory,EXP1_contrib_set vs PHY_contrib,level2,multi_label,03-01,105,80,39,25,0.6722689075630253,0.7619047619047619,0.7142857142857143,0.4951194057339308
Evaluation 1: EXP1 vs PHY,contributory,EXP1_contrib_set vs PHY_contrib,level2,multi_label,03-02,3,2,18,1,0.1,0.6666666666666666,0.1739130434782609,0.15679502676567084
Evaluation 1: EXP1 vs PHY,contributory,EXP1_contrib_set vs PHY_contrib,level2,multi_label,03-03,1,0,17,1,0.0,0.0,,-0.0074041811846680015
Evaluation 1: EXP1 vs PHY,contributory,EXP1_contrib_set vs PHY_contrib,level2,multi_label,03-04,13,8,25,5,0.24242424242424243,0.6153846153846154,0.34782608695652173,0.2967894928858078
Evaluation 1: EXP1 vs PHY,contributory,EXP1_contrib_set vs PHY_contrib,level2,multi_label,03-05,38,31,26,7,0.543859649122807,0.8157894736842105,0.6526315789473685,0.5777025344819001
Evaluation 1: EXP1 vs PHY,contributory,EXP1_contrib_set vs PHY_contrib,level2,multi_label,03-06,2,1,6,1,0.14285714285714285,0.5,0.22222222222222224,0.21269146608314798
Evaluation 1: EXP1 vs PHY,contributory,EXP1_contrib_set vs PHY_contrib,level2,multi_label,03-07,2,1,21,1,0.045454545454545456,0.5,0.08333333333333334,0.07006578947368425
Evaluation 1: EXP1 vs PHY,contributory,EXP1_contrib_set vs PHY_contrib,level2,multi_label,03-08,25,15,39,10,0.2777777777777778,0.6,0.37974683544303794,0.2846105777424304
Evaluation 1: EXP1 vs PHY,contributory,EXP1_contrib_set vs PHY_contrib,level2,multi_label,03-09,10,4,35,6,0.10256410256410256,0.4,0.163265306122449,0.10801659189029017
Evaluation 1: EXP1 vs PHY,contributory,EXP1_contrib_set vs PHY_contrib,level2,multi_label,03-99,0,0,21,0,0.0,,,0.0
Evaluation 1: EXP1 vs PHY,contributory,EXP1_contrib_set vs PHY_contrib,level2,multi_label,04-00,1,0,0,1,,0.0,,0.0
Evaluation 1: EXP1 vs PHY,contributory,EXP1_contrib_set vs PHY_contrib,level2,multi_label,04-01,1,0,1,1,0.0,0.0,,-0.003906249999992727
Evaluation 1: EXP1 vs PHY,contributory,EXP1_contrib_set vs PHY_contrib,level2,multi_label,04-02,1,0,4,1,0.0,0.0,,-0.006264682850436304
Evaluation 1: EXP1 vs PHY,contributory,EXP1_contrib_set vs PHY_contrib,level2,multi_label,04-05,1,0,0,1,,0.0,,0.0
Evaluation 1: EXP1 vs PHY,contributory,EXP1_contrib_set vs PHY_contrib,level2,multi_label,04-99,0,0,5,0,0.0,,,0.0
Evaluation 1: EXP1 vs PHY,contributory,EXP1_contrib_set vs PHY_contrib,level2,multi_label,05-03,4,1,3,3,0.25,0.25,0.25,0.2381422924901152
Evaluation 1: EXP1 vs PHY,contributory,EXP1_contrib_set vs PHY_contrib,level2,multi_label,05-04,1,0,2,1,0.0,0.0,,-0.005215123859201154
Evaluation 1: EXP1 vs PHY,contributory,EXP1_contrib_set vs PHY_contrib,level2,multi_label,05-05,3,2,3,1,0.4,0.6666666666666666,0.5,0.4925962487660425
Evaluation 1: EXP1 vs PHY,contributory,EXP1_contrib_set vs PHY_contrib,level2,multi_label,05-99,0,0,3,0,0.0,,,0.0
Evaluation 1: EXP1 vs PHY,contributory,EXP1_contrib_set vs PHY_contrib,level2,multi_label,99-00,0,0,1,0,0.0,,,0.0
Evaluation 1: EXP1 vs PHY,contributory,EXP1_contrib_set vs PHY_contrib,level2,multi_label,BLANK,0,0,3,0,0.0,,,0.0
Evaluation 1: EXP1 vs PHY,contributory,EXP1_contrib_set vs PHY_contrib,level1,multi_label,00,0,0,5,0,0.0,,,0.0
Evaluation 1: EXP1 vs PHY,contributory,EXP1_contrib_set vs PHY_contrib,level1,multi_label,01,42,31,69,11,0.31,0.7380952380952381,0.43661971830985913,0.2681711397451413
Evaluation 1: EXP1 vs PHY,contributory,EXP1_contrib_set vs PHY_contrib,level1,multi_label,02,1,0,1,1,0.0,0.0,,-0.003906249999992727
Evaluation 1: EXP1 vs PHY,contributory,EXP1_contrib_set vs PHY_contrib,level1,multi_label,03,202,188,33,14,0.8506787330316742,0.9306930693069307,0.888888888888889,0.3782364750090078
Evaluation 1: EXP1 vs PHY,contributory,EXP1_contrib_set vs PHY_contrib,level1,multi_label,04,4,1,9,3,0.1,0.25,0.14285714285714288,0.12336554860716333
Evaluation 1: EXP1 vs PHY,contributory,EXP1_contrib_set vs PHY_contrib,level1,multi_label,05,8,7,4,1,0.6363636363636364,0.875,0.7368421052631579,0.7270023369449751
Evaluation 1: EXP1 vs PHY,contributory,EXP1_contrib_set vs PHY_contrib,level1,multi_label,99,0,0,1,0,0.0,,,0.0
Evaluation 1: EXP1 vs PHY,contributory,EXP1_contrib_set vs PHY_contrib,level1,multi_label,BLANK,0,0,3,0,0.0,,,0.0
Evaluation 2: EXP3 vs PHY,direct,EXP3_direct vs PHY_direct,full,single_label,00-02-00,0,0,14,0,0.0,,,
Evaluation 2: EXP3 vs PHY,direct,EXP3_direct vs PHY_direct,full,single_label,00-03-00,0,0,1,0,0.0,,,
Evaluation 2: EXP3 vs PHY,direct,EXP3_direct vs PHY_direct,full,single_label,00-04-00,0,0,1,0,0.0,,,
Evaluation 2: EXP3 vs PHY,direct,EXP3_direct vs PHY_direct,full,single_label,01-00-00,14,0,0,14,,0.0,,
Evaluation 2: EXP3 vs PHY,direct,EXP3_direct vs PHY_direct,full,single_label,01-01-00,13,1,1,12,0.5,0.07692307692307693,0.13333333333333336,
Evaluation 2: EXP3 vs PHY,direct,EXP3_direct vs PHY_direct,full,single_label,01-01-01,12,5,8,7,0.38461538461538464,0.4166666666666667,0.4,
Evaluation 2: EXP3 vs PHY,direct,EXP3_direct vs PHY_direct,full,single_label,01-01-02,11,6,3,5,0.6666666666666666,0.5454545454545454,0.6,
Evaluation 2: EXP3 vs PHY,direct,EXP3_direct vs PHY_direct,full,single_label,01-01-04,25,10,13,15,0.43478260869565216,0.4,0.41666666666666663,
Evaluation 2: EXP3 vs PHY,direct,EXP3_direct vs PHY_direct,full,single_label,01-01-05,9,2,3,7,0.4,0.2222222222222222,0.2857142857142857,
Evaluation 2: EXP3 vs PHY,direct,EXP3_direct vs PHY_direct,full,single_label,01-01-06,28,11,4,17,0.7333333333333333,0.39285714285714285,0.5116279069767441,
Evaluation 2: EXP3 vs PHY,direct,EXP3_direct vs PHY_direct,full,single_label,01-03-00,3,0,0,3,,0.0,,
Evaluation 2: EXP3 vs PHY,direct,EXP3_direct vs PHY_direct,full,single_label,01-04-00,3,0,2,3,0.0,0.0,,
Evaluation 2: EXP3 vs PHY,direct,EXP3_direct vs PHY_direct,full,single_label,01-04-01,28,11,1,17,0.9166666666666666,0.39285714285714285,0.55,
Evaluation 2: EXP3 vs PHY,direct,EXP3_direct vs PHY_direct,full,single_label,01-04-02,2,1,7,1,0.125,0.5,0.2,
Evaluation 2: EXP3 vs PHY,direct,EXP3_direct vs PHY_direct,full,single_label,01-04-03,6,1,1,5,0.5,0.16666666666666666,0.25,
Evaluation 2: EXP3 vs PHY,direct,EXP3_direct vs PHY_direct,full,single_label,01-05-00,2,2,11,0,0.15384615384615385,1.0,0.2666666666666667,
Evaluation 2: EXP3 vs PHY,direct,EXP3_direct vs PHY_direct,full,single_label,02-03-00,2,2,0,0,1.0,1.0,1.0,
Evaluation 2: EXP3 vs PHY,direct,EXP3_direct vs PHY_direct,full,single_label,02-05-00,2,1,0,1,1.0,0.5,0.6666666666666666,
Evaluation 2: EXP3 vs PHY,direct,EXP3_direct vs PHY_direct,full,single_label,03-00-00,3,0,0,3,,0.0,,
Evaluation 2: EXP3 vs PHY,direct,EXP3_direct vs PHY_direct,full,single_label,03-01-00,4,0,0,4,,0.0,,
Evaluation 2: EXP3 vs PHY,direct,EXP3_direct vs PHY_direct,full,single_label,03-01-01,1,0,2,1,0.0,0.0,,
Evaluation 2: EXP3 vs PHY,direct,EXP3_direct vs PHY_direct,full,single_label,03-01-02,33,13,2,20,0.8666666666666667,0.3939393939393939,0.5416666666666666,
Evaluation 2: EXP3 vs PHY,direct,EXP3_direct vs PHY_direct,full,single_label,03-01-03,4,3,2,1,0.6,0.75,0.6666666666666665,
Evaluation 2: EXP3 vs PHY,direct,EXP3_direct vs PHY_direct,full,single_label,03-01-04,42,32,7,10,0.8205128205128205,0.7619047619047619,0.7901234567901233,
Evaluation 2: EXP3 vs PHY,direct,EXP3_direct vs PHY_direct,full,single_label,03-01-99,0,0,4,0,0.0,,,
Evaluation 2: EXP3 vs PHY,direct,EXP3_direct vs PHY_direct,full,single_label,03-02-00,0,0,29,0,0.0,,,
Evaluation 2: EXP3 vs PHY,direct,EXP3_direct vs PHY_direct,full,single_label,03-02-02,1,1,1,0,0.5,1.0,0.6666666666666666,
Evaluation 2: EXP3 vs PHY,direct,EXP3_direct vs PHY_direct,full,single_label,03-03-00,14,0,0,14,,0.0,,
Evaluation 2: EXP3 vs PHY,direct,EXP3_direct vs PHY_direct,full,single_label,03-03-01,1,0,1,1,0.0,0.0,,
Evaluation 2: EXP3 vs PHY,direct,EXP3_direct vs PHY_direct,full,single_label,03-03-02,3,2,7,1,0.2222222222222222,0.6666666666666666,0.3333333333333333,
Evaluation 2: EXP3 vs PHY,direct,EXP3_direct vs PHY_direct,full,single_label,03-03-03,3,1,13,2,0.07142857142857142,0.3333333333333333,0.11764705882352941,
Evaluation 2: EXP3 vs PHY,direct,EXP3_direct vs PHY_direct,full,single_label,03-03-99,0,0,3,0,0.0,,,
Evaluation 2: EXP3 vs PHY,direct,EXP3_direct vs PHY_direct,full,single_label,03-04-00,2,0,4,2,0.0,0.0,,
Evaluation 2: EXP3 vs PHY,direct,EXP3_direct vs PHY_direct,full,single_label,03-04-01,1,1,1,0,0.5,1.0,0.6666666666666666,
Evaluation 2: EXP3 vs PHY,direct,EXP3_direct vs PHY_direct,full,single_label,03-04-02,1,1,3,0,0.25,1.0,0.4,
Evaluation 2: EXP3 vs PHY,direct,EXP3_direct vs PHY_direct,full,single_label,03-04-99,0,0,4,0,0.0,,,
Evaluation 2: EXP3 vs PHY,direct,EXP3_direct vs PHY_direct,full,single_label,03-05-00,1,0,0,1,,0.0,,
Evaluation 2: EXP3 vs PHY,direct,EXP3_direct vs PHY_direct,full,single_label,03-05-01,1,0,5,1,0.0,0.0,,
Evaluation 2: EXP3 vs PHY,direct,EXP3_direct vs PHY_direct,full,single_label,03-06-00,7,0,0,7,,0.0,,
Evaluation 2: EXP3 vs PHY,direct,EXP3_direct vs PHY_direct,full,single_label,03-06-02,1,0,0,1,,0.0,,
Evaluation 2: EXP3 vs PHY,direct,EXP3_direct vs PHY_direct,full,single_label,03-06-03,1,0,0,1,,0.0,,
Evaluation 2: EXP3 vs PHY,direct,EXP3_direct vs PHY_direct,full,single_label,03-06-04,2,1,0,1,1.0,0.5,0.6666666666666666,
Evaluation 2: EXP3 vs PHY,direct,EXP3_direct vs PHY_direct,full,single_label,03-06-99,0,0,1,0,0.0,,,
Evaluation 2: EXP3 vs PHY,direct,EXP3_direct vs PHY_direct,full,single_label,03-07-01,1,1,3,0,0.25,1.0,0.4,
Evaluation 2: EXP3 vs PHY,direct,EXP3_direct vs PHY_direct,full,single_label,03-08-00,8,3,6,5,0.3333333333333333,0.375,0.35294117647058826,
Evaluation 2: EXP3 vs PHY,direct,EXP3_direct vs PHY_direct,full,single_label,03-08-01,3,0,0,3,,0.0,,
Evaluation 2: EXP3 vs PHY,direct,EXP3_direct vs PHY_direct,full,single_label,03-09-01,0,0,5,0,0.0,,,
Evaluation 2: EXP3 vs PHY,direct,EXP3_direct vs PHY_direct,full,single_label,04-00-00,2,0,0,2,,0.0,,
Evaluation 2: EXP3 vs PHY,direct,EXP3_direct vs PHY_direct,full,single_label,04-01-00,2,0,1,2,0.0,0.0,,
Evaluation 2: EXP3 vs PHY,direct,EXP3_direct vs PHY_direct,full,single_label,04-02-00,1,1,2,0,0.3333333333333333,1.0,0.5,
Evaluation 2: EXP3 vs PHY,direct,EXP3_direct vs PHY_direct,full,single_label,04-03-00,3,2,0,1,1.0,0.6666666666666666,0.8,
Evaluation 2: EXP3 vs PHY,direct,EXP3_direct vs PHY_direct,full,single_label,04-05-00,4,1,0,3,1.0,0.25,0.4,
Evaluation 2: EXP3 vs PHY,direct,EXP3_direct vs PHY_direct,full,single_label,04-06-00,1,0,0,1,,0.0,,
Evaluation 2: EXP3 vs PHY,direct,EXP3_direct vs PHY_direct,full,single_label,04-08-00,1,0,0,1,,0.0,,
Evaluation 2: EXP3 vs PHY,direct,EXP3_direct vs PHY_direct,full,single_label,04-99-00,0,0,2,0,0.0,,,
Evaluation 2: EXP3 vs PHY,direct,EXP3_direct vs PHY_direct,full,single_label,05-03-00,1,0,1,1,0.0,0.0,,
Evaluation 2: EXP3 vs PHY,direct,EXP3_direct vs PHY_direct,full,single_label,05-05-00,1,1,8,0,0.1111111111111111,1.0,0.19999999999999998,
Evaluation 2: EXP3 vs PHY,direct,EXP3_direct vs PHY_direct,full,single_label,05-06-00,16,5,0,11,1.0,0.3125,0.47619047619047616,
Evaluation 2: EXP3 vs PHY,direct,EXP3_direct vs PHY_direct,full,single_label,BLANK,0,0,21,0,0.0,,,
Evaluation 2: EXP3 vs PHY,direct,EXP3_direct vs PHY_direct,level2,single_label,00-02,0,0,14,0,0.0,,,
Evaluation 2: EXP3 vs PHY,direct,EXP3_direct vs PHY_direct,level2,single_label,00-03,0,0,1,0,0.0,,,
Evaluation 2: EXP3 vs PHY,direct,EXP3_direct vs PHY_direct,level2,single_label,00-04,0,0,1,0,0.0,,,
Evaluation 2: EXP3 vs PHY,direct,EXP3_direct vs PHY_direct,level2,single_label,01-00,14,0,0,14,,0.0,,
Evaluation 2: EXP3 vs PHY,direct,EXP3_direct vs PHY_direct,level2,single_label,01-01,98,45,22,53,0.6716417910447762,0.45918367346938777,0.5454545454545454,
Evaluation 2: EXP3 vs PHY,direct,EXP3_direct vs PHY_direct,level2,single_label,01-03,3,0,0,3,,0.0,,
Evaluation 2: EXP3 vs PHY,direct,EXP3_direct vs PHY_direct,level2,single_label,01-04,39,17,7,22,0.7083333333333334,0.4358974358974359,0.5396825396825398,
Evaluation 2: EXP3 vs PHY,direct,EXP3_direct vs PHY_direct,level2,single_label,01-05,2,2,11,0,0.15384615384615385,1.0,0.2666666666666667,
Evaluation 2: EXP3 vs PHY,direct,EXP3_direct vs PHY_direct,level2,single_label,02-03,2,2,0,0,1.0,1.0,1.0,
Evaluation 2: EXP3 vs PHY,direct,EXP3_direct vs PHY_direct,level2,single_label,02-05,2,1,0,1,1.0,0.5,0.6666666666666666,
Evaluation 2: EXP3 vs PHY,direct,EXP3_direct vs PHY_direct,level2,single_label,03-00,3,0,0,3,,0.0,,
Evaluation 2: EXP3 vs PHY,direct,EXP3_direct vs PHY_direct,level2,single_label,03-01,84,57,8,27,0.8769230769230769,0.6785714285714286,0.7651006711409396,
Evaluation 2: EXP3 vs PHY,direct,EXP3_direct vs PHY_direct,level2,single_label,03-02,1,1,30,0,0.03225806451612903,1.0,0.0625,
Evaluation 2: EXP3 vs PHY,direct,EXP3_direct vs PHY_direct,level2,single_label,03-03,21,15,12,6,0.5555555555555556,0.7142857142857143,0.6250000000000001,
Evaluation 2: EXP3 vs PHY,direct,EXP3_direct vs PHY_direct,level2,single_label,03-04,4,2,12,2,0.14285714285714285,0.5,0.22222222222222224,
Evaluation 2: EXP3 vs PHY,direct,EXP3_direct vs PHY_direct,level2,single_label,03-05,2,1,4,1,0.2,0.5,0.28571428571428575,
Evaluation 2: EXP3 vs PHY,direct,EXP3_direct vs PHY_direct,level2,single_label,03-06,11,1,1,10,0.5,0.09090909090909091,0.15384615384615385,
Evaluation 2: EXP3 vs PHY,direct,EXP3_direct vs PHY_direct,level2,single_label,03-07,1,1,3,0,0.25,1.0,0.4,
Evaluation 2: EXP3 vs PHY,direct,EXP3_direct vs PHY_direct,level2,single_label,03-08,11,4,5,7,0.4444444444444444,0.36363636363636365,0.39999999999999997,
Evaluation 2: EXP3 vs PHY,direct,EXP3_direct vs PHY_direct,level2,single_label,03-09,0,0,5,0,0.0,,,
Evaluation 2: EXP3 vs PHY,direct,EXP3_direct vs PHY_direct,level2,single_label,04-00,2,0,0,2,,0.0,,
Evaluation 2: EXP3 vs PHY,direct,EXP3_direct vs PHY_direct,level2,single_label,04-01,2,0,1,2,0.0,0.0,,
Evaluation 2: EXP3 vs PHY,direct,EXP3_direct vs PHY_direct,level2,single_label,04-02,1,1,2,0,0.3333333333333333,1.0,0.5,
Evaluation 2: EXP3 vs PHY,direct,EXP3_direct vs PHY_direct,level2,single_label,04-03,3,2,0,1,1.0,0.6666666666666666,0.8,
Evaluation 2: EXP3 vs PHY,direct,EXP3_direct vs PHY_direct,level2,single_label,04-05,4,1,0,3,1.0,0.25,0.4,
Evaluation 2: EXP3 vs PHY,direct,EXP3_direct vs PHY_direct,level2,single_label,04-06,1,0,0,1,,0.0,,
Evaluation 2: EXP3 vs PHY,direct,EXP3_direct vs PHY_direct,level2,single_label,04-08,1,0,0,1,,0.0,,
Evaluation 2: EXP3 vs PHY,direct,EXP3_direct vs PHY_direct,level2,single_label,04-99,0,0,2,0,0.0,,,
Evaluation 2: EXP3 vs PHY,direct,EXP3_direct vs PHY_direct,level2,single_label,05-03,1,0,1,1,0.0,0.0,,
Evaluation 2: EXP3 vs PHY,direct,EXP3_direct vs PHY_direct,level2,single_label,05-05,1,1,8,0,0.1111111111111111,1.0,0.19999999999999998,
Evaluation 2: EXP3 vs PHY,direct,EXP3_direct vs PHY_direct,level2,single_label,05-06,16,5,0,11,1.0,0.3125,0.47619047619047616,
Evaluation 2: EXP3 vs PHY,direct,EXP3_direct vs PHY_direct,level2,single_label,BLANK,0,0,21,0,0.0,,,
Evaluation 2: EXP3 vs PHY,direct,EXP3_direct vs PHY_direct,level1,single_label,00,0,0,16,0,0.0,,,
Evaluation 2: EXP3 vs PHY,direct,EXP3_direct vs PHY_direct,level1,single_label,01,156,88,16,68,0.8461538461538461,0.5641025641025641,0.676923076923077,
Evaluation 2: EXP3 vs PHY,direct,EXP3_direct vs PHY_direct,level1,single_label,02,4,3,0,1,1.0,0.75,0.8571428571428571,
Evaluation 2: EXP3 vs PHY,direct,EXP3_direct vs PHY_direct,level1,single_label,03,138,110,52,28,0.6790123456790124,0.7971014492753623,0.7333333333333334,
Evaluation 2: EXP3 vs PHY,direct,EXP3_direct vs PHY_direct,level1,single_label,04,14,6,3,8,0.6666666666666666,0.42857142857142855,0.5217391304347826,
Evaluation 2: EXP3 vs PHY,direct,EXP3_direct vs PHY_direct,level1,single_label,05,18,15,0,3,1.0,0.8333333333333334,0.9090909090909091,
Evaluation 2: EXP3 vs PHY,direct,EXP3_direct vs PHY_direct,level1,single_label,BLANK,0,0,21,0,0.0,,,
Evaluation 2: EXP3 vs PHY,underlying,EXP3_underlying vs PHY_underlying,full,single_label,00-01-00,0,0,1,0,0.0,,,
Evaluation 2: EXP3 vs PHY,underlying,EXP3_underlying vs PHY_underlying,full,single_label,00-02-00,0,0,28,0,0.0,,,
Evaluation 2: EXP3 vs PHY,underlying,EXP3_underlying vs PHY_underlying,full,single_label,00-03-00,0,0,4,0,0.0,,,
Evaluation 2: EXP3 vs PHY,underlying,EXP3_underlying vs PHY_underlying,full,single_label,00-04-00,0,0,2,0,0.0,,,
Evaluation 2: EXP3 vs PHY,underlying,EXP3_underlying vs PHY_underlying,full,single_label,01-00-00,30,0,0,30,,0.0,,
Evaluation 2: EXP3 vs PHY,underlying,EXP3_underlying vs PHY_underlying,full,single_label,01-01-00,214,29,43,185,0.4027777777777778,0.13551401869158877,0.20279720279720279,
Evaluation 2: EXP3 vs PHY,underlying,EXP3_underlying vs PHY_underlying,full,single_label,01-01-01,206,140,217,66,0.39215686274509803,0.6796116504854369,0.4973357015985791,
Evaluation 2: EXP3 vs PHY,underlying,EXP3_underlying vs PHY_underlying,full,single_label,01-01-02,57,34,49,23,0.40963855421686746,0.5964912280701754,0.4857142857142857,
Evaluation 2: EXP3 vs PHY,underlying,EXP3_underlying vs PHY_underlying,full,single_label,01-01-03,0,0,4,0,0.0,,,
Evaluation 2: EXP3 vs PHY,underlying,EXP3_underlying vs PHY_underlying,full,single_label,01-01-04,209,118,65,91,0.644808743169399,0.5645933014354066,0.6020408163265306,
Evaluation 2: EXP3 vs PHY,underlying,EXP3_underlying vs PHY_underlying,full,single_label,01-01-05,70,18,46,52,0.28125,0.2571428571428571,0.26865671641791045,
Evaluation 2: EXP3 vs PHY,underlying,EXP3_underlying vs PHY_underlying,full,single_label,01-01-06,15,2,24,13,0.07692307692307693,0.13333333333333333,0.0975609756097561,
Evaluation 2: EXP3 vs PHY,underlying,EXP3_underlying vs PHY_underlying,full,single_label,01-01-99,0,0,36,0,0.0,,,
Evaluation 2: EXP3 vs PHY,underlying,EXP3_underlying vs PHY_underlying,full,single_label,01-03-00,16,3,10,13,0.23076923076923078,0.1875,0.20689655172413793,
Evaluation 2: EXP3 vs PHY,underlying,EXP3_underlying vs PHY_underlying,full,single_label,01-04-00,41,2,2,39,0.5,0.04878048780487805,0.08888888888888888,
Evaluation 2: EXP3 vs PHY,underlying,EXP3_underlying vs PHY_underlying,full,single_label,01-04-01,40,27,129,13,0.17307692307692307,0.675,0.2755102040816326,
Evaluation 2: EXP3 vs PHY,underlying,EXP3_underlying vs PHY_underlying,full,single_label,01-04-02,801,385,20,416,0.9506172839506173,0.48064918851435706,0.6384742951907131,
Evaluation 2: EXP3 vs PHY,underlying,EXP3_underlying vs PHY_underlying,full,single_label,01-04-03,27,5,9,22,0.35714285714285715,0.18518518518518517,0.24390243902439024,
Evaluation 2: EXP3 vs PHY,underlying,EXP3_underlying vs PHY_underlying,full,single_label,01-05-00,52,34,80,18,0.2982456140350877,0.6538461538461539,0.40963855421686746,
Evaluation 2: EXP3 vs PHY,underlying,EXP3_underlying vs PHY_underlying,full,single_label,01-07-00,3,2,1,1,0.6666666666666666,0.6666666666666666,0.6666666666666666,
Evaluation 2: EXP3 vs PHY,underlying,EXP3_underlying vs PHY_underlying,full,single_label,01-99-00,0,0,15,0,0.0,,,
Evaluation 2: EXP3 vs PHY,underlying,EXP3_underlying vs PHY_underlying,full,single_label,02-00-00,9,0,0,9,,0.0,,
Evaluation 2: EXP3 vs PHY,underlying,EXP3_underlying vs PHY_underlying,full,single_label,02-01-00,6,4,2,2,0.6666666666666666,0.6666666666666666,0.6666666666666666,
Evaluation 2: EXP3 vs PHY,underlying,EXP3_underlying vs PHY_underlying,full,single_label,02-02-00,5,1,2,4,0.3333333333333333,0.2,0.25,
Evaluation 2: EXP3 vs PHY,underlying,EXP3_underlying vs PHY_underlying,full,single_label,02-03-00,17,10,2,7,0.8333333333333334,0.5882352941176471,0.6896551724137931,
Evaluation 2: EXP3 vs PHY,underlying,EXP3_underlying vs PHY_underlying,full,single_label,02-04-00,11,10,32,1,0.23809523809523808,0.9090909090909091,0.3773584905660377,
Evaluation 2: EXP3 vs PHY,underlying,EXP3_underlying vs PHY_underlying,full,single_label,02-05-00,6,2,6,4,0.25,0.3333333333333333,0.28571428571428575,
Evaluation 2: EXP3 vs PHY,underlying,EXP3_underlying vs PHY_underlying,full,single_label,02-06-00,1,0,2,1,0.0,0.0,,
Evaluation 2: EXP3 vs PHY,underlying,EXP3_underlying vs PHY_underlying,full,single_label,02-99-00,0,0,9,0,0.0,,,
Evaluation 2: EXP3 vs PHY,underlying,EXP3_underlying vs PHY_underlying,full,single_label,03-00-00,47,0,5,47,0.0,0.0,,
Evaluation 2: EXP3 vs PHY,underlying,EXP3_underlying vs PHY_underlying,full,single_label,03-01-00,29,0,5,29,0.0,0.0,,
Evaluation 2: EXP3 vs PHY,underlying,EXP3_underlying vs PHY_underlying,full,single_label,03-01-01,124,68,101,56,0.40236686390532544,0.5483870967741935,0.46416382252559724,
Evaluation 2: EXP3 vs PHY,underlying,EXP3_underlying vs PHY_underlying,full,single_label,03-01-02,145,41,36,104,0.5324675324675324,0.2827586206896552,0.36936936936936937,
Evaluation 2: EXP3 vs PHY,underlying,EXP3_underlying vs PHY_underlying,full,single_label,03-01-03,16,9,25,7,0.2647058823529412,0.5625,0.36000000000000004,
Evaluation 2: EXP3 vs PHY,underlying,EXP3_underlying vs PHY_underlying,full,single_label,03-01-04,139,62,67,77,0.4806201550387597,0.4460431654676259,0.4626865671641791,
Evaluation 2: EXP3 vs PHY,underlying,EXP3_underlying vs PHY_underlying,full,single_label,03-01-99,0,0,34,0,0.0,,,
Evaluation 2: EXP3 vs PHY,underlying,EXP3_underlying vs PHY_underlying,full,single_label,03-02-00,11,1,7,10,0.125,0.09090909090909091,0.10526315789473685,
Evaluation 2: EXP3 vs PHY,underlying,EXP3_underlying vs PHY_underlying,full,single_label,03-02-01,2,0,13,2,0.0,0.0,,
Evaluation 2: EXP3 vs PHY,underlying,EXP3_underlying vs PHY_underlying,full,single_label,03-02-02,38,34,13,4,0.723404255319149,0.8947368421052632,0.8,
Evaluation 2: EXP3 vs PHY,underlying,EXP3_underlying vs PHY_underlying,full,single_label,03-02-99,0,0,4,0,0.0,,,
Evaluation 2: EXP3 vs PHY,underlying,EXP3_underlying vs PHY_underlying,full,single_label,03-03-00,101,4,4,97,0.5,0.039603960396039604,0.07339449541284403,
Evaluation 2: EXP3 vs PHY,underlying,EXP3_underlying vs PHY_underlying,full,single_label,03-03-01,9,2,32,7,0.058823529411764705,0.2222222222222222,0.09302325581395347,
Evaluation 2: EXP3 vs PHY,underlying,EXP3_underlying vs PHY_underlying,full,single_label,03-03-02,52,39,48,13,0.4482758620689655,0.75,0.5611510791366906,
Evaluation 2: EXP3 vs PHY,underlying,EXP3_underlying vs PHY_underlying,full,single_label,03-03-03,47,30,40,17,0.42857142857142855,0.6382978723404256,0.5128205128205128,
Evaluation 2: EXP3 vs PHY,underlying,EXP3_underlying vs PHY_underlying,full,single_label,03-03-99,0,0,12,0,0.0,,,
Evaluation 2: EXP3 vs PHY,underlying,EXP3_underlying vs PHY_underlying,full,single_label,03-04-00,34,1,1,33,0.5,0.029411764705882353,0.05555555555555555,
Evaluation 2: EXP3 vs PHY,underlying,EXP3_underlying vs PHY_underlying,full,single_label,03-04-01,10,5,6,5,0.45454545454545453,0.5,0.47619047619047616,
Evaluation 2: EXP3 vs PHY,underlying,EXP3_underlying vs PHY_underlying,full,single_label,03-04-02,33,26,16,7,0.6190476190476191,0.7878787878787878,0.6933333333333334,
Evaluation 2: EXP3 vs PHY,underlying,EXP3_underlying vs PHY_underlying,full,single_label,03-04-99,0,0,21,0,0.0,,,
Evaluation 2: EXP3 vs PHY,underlying,EXP3_underlying vs PHY_underlying,full,single_label,03-05-00,1,0,0,1,,0.0,,
Evaluation 2: EXP3 vs PHY,underlying,EXP3_underlying vs PHY_underlying,full,single_label,03-05-01,72,52,8,20,0.8666666666666667,0.7222222222222222,0.7878787878787877,
Evaluation 2: EXP3 vs PHY,underlying,EXP3_underlying vs PHY_underlying,full,single_label,03-06-00,62,3,3,59,0.5,0.04838709677419355,0.08823529411764706,
Evaluation 2: EXP3 vs PHY,underlying,EXP3_underlying vs PHY_underlying,full,single_label,03-06-01,11,11,0,0,1.0,1.0,1.0,
Evaluation 2: EXP3 vs PHY,underlying,EXP3_underlying vs PHY_underlying,full,single_label,03-06-02,63,54,6,9,0.9,0.8571428571428571,0.8780487804878048,
Evaluation 2: EXP3 vs PHY,underlying,EXP3_underlying vs PHY_underlying,full,single_label,03-06-03,15,7,3,8,0.7,0.4666666666666667,0.56,
Evaluation 2: EXP3 vs PHY,underlying,EXP3_underlying vs PHY_underlying,full,single_label,03-06-04,34,9,13,25,0.4090909090909091,0.2647058823529412,0.3214285714285714,
Evaluation 2: EXP3 vs PHY,underlying,EXP3_underlying vs PHY_underlying,full,single_label,03-06-05,7,6,2,1,0.75,0.8571428571428571,0.7999999999999999,
Evaluation 2: EXP3 vs PHY,underlying,EXP3_underlying vs PHY_underlying,full,single_label,03-06-06,1,1,3,0,0.25,1.0,0.4,
Evaluation 2: EXP3 vs PHY,underlying,EXP3_underlying vs PHY_underlying,full,single_label,03-06-07,0,0,22,0,0.0,,,
Evaluation 2: EXP3 vs PHY,underlying,EXP3_underlying vs PHY_underlying,full,single_label,03-06-99,0,0,69,0,0.0,,,
Evaluation 2: EXP3 vs PHY,underlying,EXP3_underlying vs PHY_underlying,full,single_label,03-07-00,16,1,2,15,0.3333333333333333,0.0625,0.10526315789473684,
Evaluation 2: EXP3 vs PHY,underlying,EXP3_underlying vs PHY_underlying,full,single_label,03-07-01,16,7,31,9,0.18421052631578946,0.4375,0.25925925925925924,
Evaluation 2: EXP3 vs PHY,underlying,EXP3_underlying vs PHY_underlying,full,single_label,03-07-99,0,0,16,0,0.0,,,
Evaluation 2: EXP3 vs PHY,underlying,EXP3_underlying vs PHY_underlying,full,single_label,03-08-00,37,13,31,24,0.29545454545454547,0.35135135135135137,0.3209876543209877,
Evaluation 2: EXP3 vs PHY,underlying,EXP3_underlying vs PHY_underlying,full,single_label,03-08-01,11,0,1,11,0.0,0.0,,
Evaluation 2: EXP3 vs PHY,underlying,EXP3_underlying vs PHY_underlying,full,single_label,03-09-00,3,0,1,3,0.0,0.0,,
Evaluation 2: EXP3 vs PHY,underlying,EXP3_underlying vs PHY_underlying,full,single_label,03-09-01,57,35,35,22,0.5,0.6140350877192983,0.5511811023622046,
Evaluation 2: EXP3 vs PHY,underlying,EXP3_underlying vs PHY_underlying,full,single_label,03-99-00,0,0,29,0,0.0,,,
Evaluation 2: EXP3 vs PHY,underlying,EXP3_underlying vs PHY_underlying,full,single_label,04-00-00,31,0,0,31,,0.0,,
Evaluation 2: EXP3 vs PHY,underlying,EXP3_underlying vs PHY_underlying,full,single_label,04-01-00,69,54,4,15,0.9310344827586207,0.782608695652174,0.8503937007874016,
Evaluation 2: EXP3 vs PHY,underlying,EXP3_underlying vs PHY_underlying,full,single_label,04-02-00,20,13,9,7,0.5909090909090909,0.65,0.6190476190476191,
Evaluation 2: EXP3 vs PHY,underlying,EXP3_underlying vs PHY_underlying,full,single_label,04-03-00,55,47,0,8,1.0,0.8545454545454545,0.9215686274509803,
Evaluation 2: EXP3 vs PHY,underlying,EXP3_underlying vs PHY_underlying,full,single_label,04-04-00,5,2,1,3,0.6666666666666666,0.4,0.5,
Evaluation 2: EXP3 vs PHY,underlying,EXP3_underlying vs PHY_underlying,full,single_label,04-05-00,54,25,8,29,0.7575757575757576,0.46296296296296297,0.5747126436781609,
Evaluation 2: EXP3 vs PHY,underlying,EXP3_underlying vs PHY_underlying,full,single_label,04-06-00,14,11,4,3,0.7333333333333333,0.7857142857142857,0.7586206896551724,
Evaluation 2: EXP3 vs PHY,underlying,EXP3_underlying vs PHY_underlying,full,single_label,04-07-00,4,3,1,1,0.75,0.75,0.75,
Evaluation 2: EXP3 vs PHY,underlying,EXP3_underlying vs PHY_underlying,full,single_label,04-08-00,25,20,5,5,0.8,0.8,0.8000000000000002,
Evaluation 2: EXP3 vs PHY,underlying,EXP3_underlying vs PHY_underlying,full,single_label,04-09-00,1,1,4,0,0.2,1.0,0.33333333333333337,
Evaluation 2: EXP3 vs PHY,underlying,EXP3_underlying vs PHY_underlying,full,single_label,04-99-00,0,0,24,0,0.0,,,
Evaluation 2: EXP3 vs PHY,underlying,EXP3_underlying vs PHY_underlying,full,single_label,05-00-00,24,2,0,22,1.0,0.08333333333333333,0.15384615384615385,
Evaluation 2: EXP3 vs PHY,underlying,EXP3_underlying vs PHY_underlying,full,single_label,05-02-00,0,0,1,0,0.0,,,
Evaluation 2: EXP3 vs PHY,underlying,EXP3_underlying vs PHY_underlying,full,single_label,05-03-00,145,101,23,44,0.8145161290322581,0.696551724137931,0.7509293680297399,
Evaluation 2: EXP3 vs PHY,underlying,EXP3_underlying vs PHY_underlying,full,single_label,05-04-00,28,13,15,15,0.4642857142857143,0.4642857142857143,0.4642857142857143,
Evaluation 2: EXP3 vs PHY,underlying,EXP3_underlying vs PHY_underlying,full,single_label,05-05-00,206,126,14,80,0.9,0.6116504854368932,0.7283236994219652,
Evaluation 2: EXP3 vs PHY,underlying,EXP3_underlying vs PHY_underlying,full,single_label,05-06-00,101,59,22,42,0.7283950617283951,0.5841584158415841,0.6483516483516484,
Evaluation 2: EXP3 vs PHY,underlying,EXP3_underlying vs PHY_underlying,full,single_label,05-08-00,5,3,5,2,0.375,0.6,0.4615384615384615,
Evaluation 2: EXP3 vs PHY,underlying,EXP3_underlying vs PHY_underlying,full,single_label,05-09-00,0,0,1,0,0.0,,,
Evaluation 2: EXP3 vs PHY,underlying,EXP3_underlying vs PHY_underlying,full,single_label,05-99-00,0,0,6,0,0.0,,,
Evaluation 2: EXP3 vs PHY,underlying,EXP3_underlying vs PHY_underlying,full,single_label,BLANK,0,0,287,0,0.0,,,
Evaluation 2: EXP3 vs PHY,underlying,EXP3_underlying vs PHY_underlying,level2,single_label,00-01,0,0,1,0,0.0,,,
Evaluation 2: EXP3 vs PHY,underlying,EXP3_underlying vs PHY_underlying,level2,single_label,00-02,0,0,28,0,0.0,,,
Evaluation 2: EXP3 vs PHY,underlying,EXP3_underlying vs PHY_underlying,level2,single_label,00-03,0,0,4,0,0.0,,,
Evaluation 2: EXP3 vs PHY,underlying,EXP3_underlying vs PHY_underlying,level2,single_label,00-04,0,0,2,0,0.0,,,
Evaluation 2: EXP3 vs PHY,underlying,EXP3_underlying vs PHY_underlying,level2,single_label,01-00,30,0,0,30,,0.0,,
Evaluation 2: EXP3 vs PHY,underlying,EXP3_underlying vs PHY_underlying,level2,single_label,01-01,771,565,260,206,0.6848484848484848,0.7328145265888456,0.7080200501253133,
Evaluation 2: EXP3 vs PHY,underlying,EXP3_underlying vs PHY_underlying,level2,single_label,01-03,16,3,10,13,0.23076923076923078,0.1875,0.20689655172413793,
Evaluation 2: EXP3 vs PHY,underlying,EXP3_underlying vs PHY_underlying,level2,single_label,01-04,909,535,44,374,0.924006908462867,0.5885588558855885,0.7190860215053764,
Evaluation 2: EXP3 vs PHY,underlying,EXP3_underlying vs PHY_underlying,level2,single_label,01-05,52,34,80,18,0.2982456140350877,0.6538461538461539,0.40963855421686746,
Evaluation 2: EXP3 vs PHY,underlying,EXP3_underlying vs PHY_underlying,level2,single_label,01-07,3,2,1,1,0.6666666666666666,0.6666666666666666,0.6666666666666666,
Evaluation 2: EXP3 vs PHY,underlying,EXP3_underlying vs PHY_underlying,level2,single_label,01-99,0,0,15,0,0.0,,,
Evaluation 2: EXP3 vs PHY,underlying,EXP3_underlying vs PHY_underlying,level2,single_label,02-00,9,0,0,9,,0.0,,
Evaluation 2: EXP3 vs PHY,underlying,EXP3_underlying vs PHY_underlying,level2,single_label,02-01,6,4,2,2,0.6666666666666666,0.6666666666666666,0.6666666666666666,
Evaluation 2: EXP3 vs PHY,underlying,EXP3_underlying vs PHY_underlying,level2,single_label,02-02,5,1,2,4,0.3333333333333333,0.2,0.25,
Evaluation 2: EXP3 vs PHY,underlying,EXP3_underlying vs PHY_underlying,level2,single_label,02-03,17,10,2,7,0.8333333333333334,0.5882352941176471,0.6896551724137931,
Evaluation 2: EXP3 vs PHY,underlying,EXP3_underlying vs PHY_underlying,level2,single_label,02-04,11,10,32,1,0.23809523809523808,0.9090909090909091,0.3773584905660377,
Evaluation 2: EXP3 vs PHY,underlying,EXP3_underlying vs PHY_underlying,level2,single_label,02-05,6,2,6,4,0.25,0.3333333333333333,0.28571428571428575,
Evaluation 2: EXP3 vs PHY,underlying,EXP3_underlying vs PHY_underlying,level2,single_label,02-06,1,0,2,1,0.0,0.0,,
Evaluation 2: EXP3 vs PHY,underlying,EXP3_underlying vs PHY_underlying,level2,single_label,02-99,0,0,9,0,0.0,,,
Evaluation 2: EXP3 vs PHY,underlying,EXP3_underlying vs PHY_underlying,level2,single_label,03-00,47,0,5,47,0.0,0.0,,
Evaluation 2: EXP3 vs PHY,underlying,EXP3_underlying vs PHY_underlying,level2,single_label,03-01,453,331,117,122,0.7388392857142857,0.7306843267108167,0.7347391786903441,
Evaluation 2: EXP3 vs PHY,underlying,EXP3_underlying vs PHY_underlying,level2,single_label,03-02,51,38,34,13,0.5277777777777778,0.7450980392156863,0.6178861788617886,
Evaluation 2: EXP3 vs PHY,underlying,EXP3_underlying vs PHY_underlying,level2,single_label,03-03,209,133,78,76,0.6303317535545023,0.6363636363636364,0.6333333333333333,
Evaluation 2: EXP3 vs PHY,underlying,EXP3_underlying vs PHY_underlying,level2,single_label,03-04,77,43,33,34,0.5657894736842105,0.5584415584415584,0.5620915032679739,
Evaluation 2: EXP3 vs PHY,underlying,EXP3_underlying vs PHY_underlying,level2,single_label,03-05,73,52,8,21,0.8666666666666667,0.7123287671232876,0.7819548872180451,
Evaluation 2: EXP3 vs PHY,underlying,EXP3_underlying vs PHY_underlying,level2,single_label,03-06,193,153,59,40,0.7216981132075472,0.7927461139896373,0.7555555555555555,
Evaluation 2: EXP3 vs PHY,underlying,EXP3_underlying vs PHY_underlying,level2,single_label,03-07,32,22,35,10,0.38596491228070173,0.6875,0.49438202247191015,
Evaluation 2: EXP3 vs PHY,underlying,EXP3_underlying vs PHY_underlying,level2,single_label,03-08,48,14,31,34,0.3111111111111111,0.2916666666666667,0.30107526881720426,
Evaluation 2: EXP3 vs PHY,underlying,EXP3_underlying vs PHY_underlying,level2,single_label,03-09,60,35,36,25,0.49295774647887325,0.5833333333333334,0.534351145038168,
Evaluation 2: EXP3 vs PHY,underlying,EXP3_underlying vs PHY_underlying,level2,single_label,03-99,0,0,29,0,0.0,,,
Evaluation 2: EXP3 vs PHY,underlying,EXP3_underlying vs PHY_underlying,level2,single_label,04-00,31,0,0,31,,0.0,,
Evaluation 2: EXP3 vs PHY,underlying,EXP3_underlying vs PHY_underlying,level2,single_label,04-01,69,54,4,15,0.9310344827586207,0.782608695652174,0.8503937007874016,
Evaluation 2: EXP3 vs PHY,underlying,EXP3_underlying vs PHY_underlying,level2,single_label,04-02,20,13,9,7,0.5909090909090909,0.65,0.6190476190476191,
Evaluation 2: EXP3 vs PHY,underlying,EXP3_underlying vs PHY_underlying,level2,single_label,04-03,55,47,0,8,1.0,0.8545454545454545,0.9215686274509803,
Evaluation 2: EXP3 vs PHY,underlying,EXP3_underlying vs PHY_underlying,level2,single_label,04-04,5,2,1,3,0.6666666666666666,0.4,0.5,
Evaluation 2: EXP3 vs PHY,underlying,EXP3_underlying vs PHY_underlying,level2,single_label,04-05,54,25,8,29,0.7575757575757576,0.46296296296296297,0.5747126436781609,
Evaluation 2: EXP3 vs PHY,underlying,EXP3_underlying vs PHY_underlying,level2,single_label,04-06,14,11,4,3,0.7333333333333333,0.7857142857142857,0.7586206896551724,
Evaluation 2: EXP3 vs PHY,underlying,EXP3_underlying vs PHY_underlying,level2,single_label,04-07,4,3,1,1,0.75,0.75,0.75,
Evaluation 2: EXP3 vs PHY,underlying,EXP3_underlying vs PHY_underlying,level2,single_label,04-08,25,20,5,5,0.8,0.8,0.8000000000000002,
Evaluation 2: EXP3 vs PHY,underlying,EXP3_underlying vs PHY_underlying,level2,single_label,04-09,1,1,4,0,0.2,1.0,0.33333333333333337,
Evaluation 2: EXP3 vs PHY,underlying,EXP3_underlying vs PHY_underlying,level2,single_label,04-99,0,0,24,0,0.0,,,
Evaluation 2: EXP3 vs PHY,underlying,EXP3_underlying vs PHY_underlying,level2,single_label,05-00,24,2,0,22,1.0,0.08333333333333333,0.15384615384615385,
Evaluation 2: EXP3 vs PHY,underlying,EXP3_underlying vs PHY_underlying,level2,single_label,05-02,0,0,1,0,0.0,,,
Evaluation 2: EXP3 vs PHY,underlying,EXP3_underlying vs PHY_underlying,level2,single_label,05-03,145,101,23,44,0.8145161290322581,0.696551724137931,0.7509293680297399,
Evaluation 2: EXP3 vs PHY,underlying,EXP3_underlying vs PHY_underlying,level2,single_label,05-04,28,13,15,15,0.4642857142857143,0.4642857142857143,0.4642857142857143,
Evaluation 2: EXP3 vs PHY,underlying,EXP3_underlying vs PHY_underlying,level2,single_label,05-05,206,126,14,80,0.9,0.6116504854368932,0.7283236994219652,
Evaluation 2: EXP3 vs PHY,underlying,EXP3_underlying vs PHY_underlying,level2,single_label,05-06,101,59,22,42,0.7283950617283951,0.5841584158415841,0.6483516483516484,
Evaluation 2: EXP3 vs PHY,underlying,EXP3_underlying vs PHY_underlying,level2,single_label,05-08,5,3,5,2,0.375,0.6,0.4615384615384615,
Evaluation 2: EXP3 vs PHY,underlying,EXP3_underlying vs PHY_underlying,level2,single_label,05-09,0,0,1,0,0.0,,,
Evaluation 2: EXP3 vs PHY,underlying,EXP3_underlying vs PHY_underlying,level2,single_label,05-99,0,0,6,0,0.0,,,
Evaluation 2: EXP3 vs PHY,underlying,EXP3_underlying vs PHY_underlying,level2,single_label,BLANK,0,0,287,0,0.0,,,
Evaluation 2: EXP3 vs PHY,underlying,EXP3_underlying vs PHY_underlying,level1,single_label,00,0,0,35,0,0.0,,,
Evaluation 2: EXP3 vs PHY,underlying,EXP3_underlying vs PHY_underlying,level1,single_label,01,1781,1417,132,364,0.9147837314396384,0.7956204379562044,0.851051051051051,
Evaluation 2: EXP3 vs PHY,underlying,EXP3_underlying vs PHY_underlying,level1,single_label,02,55,45,37,10,0.5487804878048781,0.8181818181818182,0.656934306569343,
Evaluation 2: EXP3 vs PHY,underlying,EXP3_underlying vs PHY_underlying,level1,single_label,03,1243,1000,286,243,0.7776049766718507,0.8045052292839904,0.7908264136022144,
Evaluation 2: EXP3 vs PHY,underlying,EXP3_underlying vs PHY_underlying,level1,single_label,04,278,209,27,69,0.885593220338983,0.7517985611510791,0.8132295719844358,
Evaluation 2: EXP3 vs PHY,underlying,EXP3_underlying vs PHY_underlying,level1,single_label,05,509,365,26,144,0.9335038363171355,0.7170923379174853,0.8111111111111112,
Evaluation 2: EXP3 vs PHY,underlying,EXP3_underlying vs PHY_underlying,level1,single_label,BLANK,0,0,287,0,0.0,,,
Evaluation 2: EXP3 vs PHY,contributory,EXP3_contrib_set vs PHY_contrib,full,multi_label,00-02-00,0,0,1,0,0.0,,,0.0
Evaluation 2: EXP3 vs PHY,contributory,EXP3_contrib_set vs PHY_contrib,full,multi_label,01-00-00,2,0,0,2,,0.0,,0.0
Evaluation 2: EXP3 vs PHY,contributory,EXP3_contrib_set vs PHY_contrib,full,multi_label,01-01-00,2,1,6,1,0.14285714285714285,0.5,0.22222222222222224,0.21269146608314798
Evaluation 2: EXP3 vs PHY,contributory,EXP3_contrib_set vs PHY_contrib,full,multi_label,01-01-01,5,1,10,4,0.09090909090909091,0.2,0.12500000000000003,0.10094952523738064
Evaluation 2: EXP3 vs PHY,contributory,EXP3_contrib_set vs PHY_contrib,full,multi_label,01-01-04,1,0,9,1,0.0,0.0,,-0.007053291536048538
Evaluation 2: EXP3 vs PHY,contributory,EXP3_contrib_set vs PHY_contrib,full,multi_label,01-01-05,0,0,2,0,0.0,,,0.0
Evaluation 2: EXP3 vs PHY,contributory,EXP3_contrib_set vs PHY_contrib,full,multi_label,01-01-06,0,0,2,0,0.0,,,0.0
Evaluation 2: EXP3 vs PHY,contributory,EXP3_contrib_set vs PHY_contrib,full,multi_label,01-01-99,0,0,3,0,0.0,,,0.0
Evaluation 2: EXP3 vs PHY,contributory,EXP3_contrib_set vs PHY_contrib,full,multi_label,01-03-00,0,0,2,0,0.0,,,0.0
Evaluation 2: EXP3 vs PHY,contributory,EXP3_contrib_set vs PHY_contrib,full,multi_label,01-04-00,4,0,0,4,,0.0,,0.0
Evaluation 2: EXP3 vs PHY,contributory,EXP3_contrib_set vs PHY_contrib,full,multi_label,01-04-01,0,0,6,0,0.0,,,0.0
Evaluation 2: EXP3 vs PHY,contributory,EXP3_contrib_set vs PHY_contrib,full,multi_label,01-04-02,27,8,2,19,0.8,0.2962962962962963,0.43243243243243246,0.3982606756606086
Evaluation 2: EXP3 vs PHY,contributory,EXP3_contrib_set vs PHY_contrib,full,multi_label,01-04-99,0,0,1,0,0.0,,,0.0
Evaluation 2: EXP3 vs PHY,contributory,EXP3_contrib_set vs PHY_contrib,full,multi_label,01-05-00,1,0,4,1,0.0,0.0,,-0.006264682850436304
Evaluation 2: EXP3 vs PHY,contributory,EXP3_contrib_set vs PHY_contrib,full,multi_label,01-99-00,0,0,3,0,0.0,,,0.0
Evaluation 2: EXP3 vs PHY,contributory,EXP3_contrib_set vs PHY_contrib,full,multi_label,02-00-00,1,0,0,1,,0.0,,0.0
Evaluation 2: EXP3 vs PHY,contributory,EXP3_contrib_set vs PHY_contrib,full,multi_label,03-00-00,3,0,0,3,,0.0,,0.0
Evaluation 2: EXP3 vs PHY,contributory,EXP3_contrib_set vs PHY_contrib,full,multi_label,03-01-01,82,25,26,57,0.49019607843137253,0.3048780487804878,0.37593984962406013,0.17376147499709477
Evaluation 2: EXP3 vs PHY,contributory,EXP3_contrib_set vs PHY_contrib,full,multi_label,03-01-02,1,0,7,1,0.0,0.0,,-0.006856023506367943
Evaluation 2: EXP3 vs PHY,contributory,EXP3_contrib_set vs PHY_contrib,full,multi_label,03-01-03,0,0,2,0,0.0,,,0.0
Evaluation 2: EXP3 vs PHY,contributory,EXP3_contrib_set vs PHY_contrib,full,multi_label,03-01-04,22,1,10,21,0.09090909090909091,0.045454545454545456,0.060606060606060615,0.003751406777541941
Evaluation 2: EXP3 vs PHY,contributory,EXP3_contrib_set vs PHY_contrib,full,multi_label,03-01-99,0,0,4,0,0.0,,,0.0
Evaluation 2: EXP3 vs PHY,contributory,EXP3_contrib_set vs PHY_contrib,full,multi_label,03-02-00,0,0,4,0,0.0,,,0.0
Evaluation 2: EXP3 vs PHY,contributory,EXP3_contrib_set vs PHY_contrib,full,multi_label,03-02-01,1,0,1,1,0.0,0.0,,-0.003906249999992727
Evaluation 2: EXP3 vs PHY,contributory,EXP3_contrib_set vs PHY_contrib,full,multi_label,03-02-02,2,1,1,1,0.5,0.5,0.5,0.4960784313725491
Evaluation 2: EXP3 vs PHY,contributory,EXP3_contrib_set vs PHY_contrib,full,multi_label,03-02-99,0,0,4,0,0.0,,,0.0
Evaluation 2: EXP3 vs PHY,contributory,EXP3_contrib_set vs PHY_contrib,full,multi_label,03-03-00,1,0,6,1,0.0,0.0,,-0.006715165081145537
Evaluation 2: EXP3 vs PHY,contributory,EXP3_contrib_set vs PHY_contrib,full,multi_label,03-03-01,0,0,1,0,0.0,,,0.0
Evaluation 2: EXP3 vs PHY,contributory,EXP3_contrib_set vs PHY_contrib,full,multi_label,03-03-02,0,0,2,0,0.0,,,0.0
Evaluation 2: EXP3 vs PHY,contributory,EXP3_contrib_set vs PHY_contrib,full,multi_label,03-03-03,0,0,2,0,0.0,,,0.0
Evaluation 2: EXP3 vs PHY,contributory,EXP3_contrib_set vs PHY_contrib,full,multi_label,03-03-99,0,0,4,0,0.0,,,0.0
Evaluation 2: EXP3 vs PHY,contributory,EXP3_contrib_set vs PHY_contrib,full,multi_label,03-04-00,2,0,1,2,0.0,0.0,,-0.005215123859201154
Evaluation 2: EXP3 vs PHY,contributory,EXP3_contrib_set vs PHY_contrib,full,multi_label,03-04-01,2,1,3,1,0.25,0.5,0.3333333333333333,0.3263433813892531
Evaluation 2: EXP3 vs PHY,contributory,EXP3_contrib_set vs PHY_contrib,full,multi_label,03-04-02,9,4,1,5,0.8,0.4444444444444444,0.5714285714285714,0.560433295324972
Evaluation 2: EXP3 vs PHY,contributory,EXP3_contrib_set vs PHY_contrib,full,multi_label,03-04-99,0,0,9,0,0.0,,,0.0
Evaluation 2: EXP3 vs PHY,contributory,EXP3_contrib_set vs PHY_contrib,full,multi_label,03-05-01,38,22,10,16,0.6875,0.5789473684210527,0.6285714285714286,0.5705103483738272
Evaluation 2: EXP3 vs PHY,contributory,EXP3_contrib_set vs PHY_contrib,full,multi_label,03-06-00,1,0,0,1,,0.0,,0.0
Evaluation 2: EXP3 vs PHY,contributory,EXP3_contrib_set vs PHY_contrib,full,multi_label,03-06-02,1,1,2,0,0.3333333333333333,1.0,0.5,0.49706457925635833
Evaluation 2: EXP3 vs PHY,contributory,EXP3_contrib_set vs PHY_contrib,full,multi_label,03-06-99,0,0,1,0,0.0,,,0.0
Evaluation 2: EXP3 vs PHY,contributory,EXP3_contrib_set vs PHY_contrib,full,multi_label,03-07-01,2,0,7,2,0.0,0.0,,-0.012253829321665964
Evaluation 2: EXP3 vs PHY,contributory,EXP3_contrib_set vs PHY_contrib,full,multi_label,03-07-99,0,0,4,0,0.0,,,0.0
Evaluation 2: EXP3 vs PHY,contributory,EXP3_contrib_set vs PHY_contrib,full,multi_label,03-08-00,14,4,8,10,0.3333333333333333,0.2857142857142857,0.30769230769230765,0.27103687362117806
Evaluation 2: EXP3 vs PHY,contributory,EXP3_contrib_set vs PHY_contrib,full,multi_label,03-08-01,11,0,0,11,,0.0,,0.0
Evaluation 2: EXP3 vs PHY,contributory,EXP3_contrib_set vs PHY_contrib,full,multi_label,03-08-99,0,0,4,0,0.0,,,0.0
Evaluation 2: EXP3 vs PHY,contributory,EXP3_contrib_set vs PHY_contrib,full,multi_label,03-09-00,2,0,0,2,,0.0,,0.0
Evaluation 2: EXP3 vs PHY,contributory,EXP3_contrib_set vs PHY_contrib,full,multi_label,03-09-01,8,4,15,4,0.21052631578947367,0.5,0.2962962962962963,0.2640542577241892
Evaluation 2: EXP3 vs PHY,contributory,EXP3_contrib_set vs PHY_contrib,full,multi_label,03-99-00,0,0,4,0,0.0,,,0.0
Evaluation 2: EXP3 vs PHY,contributory,EXP3_contrib_set vs PHY_contrib,full,multi_label,04-00-00,1,0,0,1,,0.0,,0.0
Evaluation 2: EXP3 vs PHY,contributory,EXP3_contrib_set vs PHY_contrib,full,multi_label,04-01-00,1,0,1,1,0.0,0.0,,-0.003906249999992727
Evaluation 2: EXP3 vs PHY,contributory,EXP3_contrib_set vs PHY_contrib,full,multi_label,04-02-00,1,1,2,0,0.3333333333333333,1.0,0.5,0.49706457925635833
Evaluation 2: EXP3 vs PHY,contributory,EXP3_contrib_set vs PHY_contrib,full,multi_label,04-05-00,1,0,1,1,0.0,0.0,,-0.003906249999992727
Evaluation 2: EXP3 vs PHY,contributory,EXP3_contrib_set vs PHY_contrib,full,multi_label,04-99-00,0,0,2,0,0.0,,,0.0
Evaluation 2: EXP3 vs PHY,contributory,EXP3_contrib_set vs PHY_contrib,full,multi_label,05-03-00,4,1,2,3,0.3333333333333333,0.25,0.28571428571428575,0.2760563380281651
Evaluation 2: EXP3 vs PHY,contributory,EXP3_contrib_set vs PHY_contrib,full,multi_label,05-04-00,1,0,1,1,0.0,0.0,,-0.003906249999992727
Evaluation 2: EXP3 vs PHY,contributory,EXP3_contrib_set vs PHY_contrib,full,multi_label,05-05-00,3,1,1,2,0.5,0.3333333333333333,0.4,0.3943440691280406
Evaluation 2: EXP3 vs PHY,contributory,EXP3_contrib_set vs PHY_contrib,full,multi_label,05-99-00,0,0,2,0,0.0,,,0.0
Evaluation 2: EXP3 vs PHY,contributory,EXP3_contrib_set vs PHY_contrib,full,multi_label,BLANK,0,0,78,0,0.0,,,0.0
Evaluation 2: EXP3 vs PHY,contributory,EXP3_contrib_set vs PHY_contrib,level2,multi_label,00-02,0,0,1,0,0.0,,,0.0
Evaluation 2: EXP3 vs PHY,contributory,EXP3_contrib_set vs PHY_contrib,level2,multi_label,01-00,2,0,0,2,,0.0,,0.0
Evaluation 2: EXP3 vs PHY,contributory,EXP3_contrib_set vs PHY_contrib,level2,multi_label,01-01,8,3,29,5,0.09375,0.375,0.15,0.10544635544635546
Evaluation 2: EXP3 vs PHY,contributory,EXP3_contrib_set vs PHY_contrib,level2,multi_label,01-03,0,0,2,0,0.0,,,0.0
Evaluation 2: EXP3 vs PHY,contributory,EXP3_contrib_set vs PHY_contrib,level2,multi_label,01-04,31,8,9,23,0.47058823529411764,0.25806451612903225,0.3333333333333333,0.27105123205105436
Evaluation 2: EXP3 vs PHY,contributory,EXP3_contrib_set vs PHY_contrib,level2,multi_label,01-05,1,0,4,1,0.0,0.0,,-0.006264682850436304
Evaluation 2: EXP3 vs PHY,contributory,EXP3_contrib_set vs PHY_contrib,level2,multi_label,01-99,0,0,3,0,0.0,,,0.0
Evaluation 2: EXP3 vs PHY,contributory,EXP3_contrib_set vs PHY_contrib,level2,multi_label,02-00,1,0,0,1,,0.0,,0.0
Evaluation 2: EXP3 vs PHY,contributory,EXP3_contrib_set vs PHY_contrib,level2,multi_label,03-00,3,0,0,3,,0.0,,0.0
Evaluation 2: EXP3 vs PHY,contributory,EXP3_contrib_set vs PHY_contrib,level2,multi_label,03-01,105,44,20,61,0.6875,0.41904761904761906,0.5207100591715976,0.3059380522121828
Evaluation 2: EXP3 vs PHY,contributory,EXP3_contrib_set vs PHY_contrib,level2,multi_label,03-02,3,2,9,1,0.18181818181818182,0.6666666666666666,0.28571428571428575,0.2723669309173278
Evaluation 2: EXP3 vs PHY,contributory,EXP3_contrib_set vs PHY_contrib,level2,multi_label,03-03,1,0,15,1,0.0,0.0,,-0.0073493385595303625
Evaluation 2: EXP3 vs PHY,contributory,EXP3_contrib_set vs PHY_contrib,level2,multi_label,03-04,13,7,11,6,0.3888888888888889,0.5384615384615384,0.45161290322580644,0.4173889851980269
Evaluation 2: EXP3 vs PHY,contributory,EXP3_contrib_set vs PHY_contrib,level2,multi_label,03-05,38,22,10,16,0.6875,0.5789473684210527,0.6285714285714286,0.5705103483738272
Evaluation 2: EXP3 vs PHY,contributory,EXP3_contrib_set vs PHY_contrib,level2,multi_label,03-06,2,2,2,0,0.5,1.0,0.6666666666666666,0.6631716906946266
Evaluation 2: EXP3 vs PHY,contributory,EXP3_contrib_set vs PHY_contrib,level2,multi_label,03-07,2,0,10,2,0.0,0.0,,-0.013140604467805203
Evaluation 2: EXP3 vs PHY,contributory,EXP3_contrib_set vs PHY_contrib,level2,multi_label,03-08,25,8,8,17,0.5,0.32,0.39024390243902435,0.3401458354729387
Evaluation 2: EXP3 vs PHY,contributory,EXP3_contrib_set vs PHY_contrib,level2,multi_label,03-09,10,4,15,6,0.21052631578947367,0.4,0.27586206896551724,0.23695744380036696
Evaluation 2: EXP3 vs PHY,contributory,EXP3_contrib_set vs PHY_contrib,level2,multi_label,03-99,0,0,4,0,0.0,,,0.0
Evaluation 2: EXP3 vs PHY,contributory,EXP3_contrib_set vs PHY_contrib,level2,multi_label,04-00,1,0,0,1,,0.0,,0.0
Evaluation 2: EXP3 vs PHY,contributory,EXP3_contrib_set vs PHY_contrib,level2,multi_label,04-01,1,0,1,1,0.0,0.0,,-0.003906249999992727
Evaluation 2: EXP3 vs PHY,contributory,EXP3_contrib_set vs PHY_contrib,level2,multi_label,04-02,1,1,2,0,0.3333333333333333,1.0,0.5,0.49706457925635833
Evaluation 2: EXP3 vs PHY,contributory,EXP3_contrib_set vs PHY_contrib,level2,multi_label,04-05,1,0,1,1,0.0,0.0,,-0.003906249999992727
Evaluation 2: EXP3 vs PHY,contributory,EXP3_contrib_set vs PHY_contrib,level2,multi_label,04-99,0,0,2,0,0.0,,,0.0
Evaluation 2: EXP3 vs PHY,contributory,EXP3_contrib_set vs PHY_contrib,level2,multi_label,05-03,4,1,2,3,0.3333333333333333,0.25,0.28571428571428575,0.2760563380281651
Evaluation 2: EXP3 vs PHY,contributory,EXP3_contrib_set vs PHY_contrib,level2,multi_label,05-04,1,0,1,1,0.0,0.0,,-0.003906249999992727
Evaluation 2: EXP3 vs PHY,contributory,EXP3_contrib_set vs PHY_contrib,level2,multi_label,05-05,3,1,1,2,0.5,0.3333333333333333,0.4,0.3943440691280406
Evaluation 2: EXP3 vs PHY,contributory,EXP3_contrib_set vs PHY_contrib,level2,multi_label,05-99,0,0,2,0,0.0,,,0.0
Evaluation 2: EXP3 vs PHY,contributory,EXP3_contrib_set vs PHY_contrib,level2,multi_label,BLANK,0,0,78,0,0.0,,,0.0
Evaluation 2: EXP3 vs PHY,contributory,EXP3_contrib_set vs PHY_contrib,level1,multi_label,00,0,0,1,0,0.0,,,0.0
Evaluation 2: EXP3 vs PHY,contributory,EXP3_contrib_set vs PHY_contrib,level1,multi_label,01,42,18,34,24,0.34615384615384615,0.42857142857142855,0.3829787234042554,0.2467913087417889
Evaluation 2: EXP3 vs PHY,contributory,EXP3_contrib_set vs PHY_contrib,level1,multi_label,02,1,0,0,1,,0.0,,0.0
Evaluation 2: EXP3 vs PHY,contributory,EXP3_contrib_set vs PHY_contrib,level1,multi_label,03,202,124,23,78,0.8435374149659864,0.6138613861386139,0.7106017191977078,0.14347467414618054
Evaluation 2: EXP3 vs PHY,contributory,EXP3_contrib_set vs PHY_contrib,level1,multi_label,04,4,1,6,3,0.14285714285714285,0.25,0.18181818181818182,0.1652832912306026
Evaluation 2: EXP3 vs PHY,contributory,EXP3_contrib_set vs PHY_contrib,level1,multi_label,05,8,4,3,4,0.5714285714285714,0.5,0.5333333333333333,0.5193694897141333
Evaluation 2: EXP3 vs PHY,contributory,EXP3_contrib_set vs PHY_contrib,level1,multi_label,BLANK,0,0,78,0,0.0,,,0.0
Evaluation 3: EXP2 vs EXP1 vs PHY,direct,EXP2_direct vs PHY_direct,full,single_label,00-02-00,0,0,56,0,0.0,,,
Evaluation 3: EXP2 vs EXP1 vs PHY,direct,EXP2_direct vs PHY_direct,full,single_label,00-04-00,0,0,1,0,0.0,,,
Evaluation 3: EXP2 vs EXP1 vs PHY,direct,EXP2_direct vs PHY_direct,full,single_label,01-00-00,14,0,0,14,,0.0,,
Evaluation 3: EXP2 vs EXP1 vs PHY,direct,EXP2_direct vs PHY_direct,full,single_label,01-01-00,13,0,11,13,0.0,0.0,,
Evaluation 3: EXP2 vs EXP1 vs PHY,direct,EXP2_direct vs PHY_direct,full,single_label,01-01-01,12,2,1,10,0.6666666666666666,0.16666666666666666,0.26666666666666666,
Evaluation 3: EXP2 vs EXP1 vs PHY,direct,EXP2_direct vs PHY_direct,full,single_label,01-01-02,11,8,7,3,0.5333333333333333,0.7272727272727273,0.6153846153846153,
Evaluation 3: EXP2 vs EXP1 vs PHY,direct,EXP2_direct vs PHY_direct,full,single_label,01-01-04,25,8,12,17,0.4,0.32,0.35555555555555557,
Evaluation 3: EXP2 vs EXP1 vs PHY,direct,EXP2_direct vs PHY_direct,full,single_label,01-01-05,9,1,2,8,0.3333333333333333,0.1111111111111111,0.16666666666666666,
Evaluation 3: EXP2 vs EXP1 vs PHY,direct,EXP2_direct vs PHY_direct,full,single_label,01-01-06,28,6,4,22,0.6,0.21428571428571427,0.3157894736842105,
Evaluation 3: EXP2 vs EXP1 vs PHY,direct,EXP2_direct vs PHY_direct,full,single_label,01-03-00,3,0,0,3,,0.0,,
Evaluation 3: EXP2 vs EXP1 vs PHY,direct,EXP2_direct vs PHY_direct,full,single_label,01-04-00,3,0,1,3,0.0,0.0,,
Evaluation 3: EXP2 vs EXP1 vs PHY,direct,EXP2_direct vs PHY_direct,full,single_label,01-04-01,28,2,2,26,0.5,0.07142857142857142,0.125,
Evaluation 3: EXP2 vs EXP1 vs PHY,direct,EXP2_direct vs PHY_direct,full,single_label,01-04-02,2,0,35,2,0.0,0.0,,
Evaluation 3: EXP2 vs EXP1 vs PHY,direct,EXP2_direct vs PHY_direct,full,single_label,01-04-03,6,0,0,6,,0.0,,
Evaluation 3: EXP2 vs EXP1 vs PHY,direct,EXP2_direct vs PHY_direct,full,single_label,01-05-00,2,1,3,1,0.25,0.5,0.3333333333333333,
Evaluation 3: EXP2 vs EXP1 vs PHY,direct,EXP2_direct vs PHY_direct,full,single_label,02-03-00,2,1,0,1,1.0,0.5,0.6666666666666666,
Evaluation 3: EXP2 vs EXP1 vs PHY,direct,EXP2_direct vs PHY_direct,full,single_label,02-05-00,2,1,0,1,1.0,0.5,0.6666666666666666,
Evaluation 3: EXP2 vs EXP1 vs PHY,direct,EXP2_direct vs PHY_direct,full,single_label,03-00-00,3,0,0,3,,0.0,,
Evaluation 3: EXP2 vs EXP1 vs PHY,direct,EXP2_direct vs PHY_direct,full,single_label,03-01-00,4,0,1,4,0.0,0.0,,
Evaluation 3: EXP2 vs EXP1 vs PHY,direct,EXP2_direct vs PHY_direct,full,single_label,03-01-01,1,0,11,1,0.0,0.0,,
Evaluation 3: EXP2 vs EXP1 vs PHY,direct,EXP2_direct vs PHY_direct,full,single_label,03-01-02,33,13,5,20,0.7222222222222222,0.3939393939393939,0.5098039215686274,
Evaluation 3: EXP2 vs EXP1 vs PHY,direct,EXP2_direct vs PHY_direct,full,single_label,03-01-03,4,1,0,3,1.0,0.25,0.4,
Evaluation 3: EXP2 vs EXP1 vs PHY,direct,EXP2_direct vs PHY_direct,full,single_label,03-01-04,42,27,14,15,0.6585365853658537,0.6428571428571429,0.6506024096385543,
Evaluation 3: EXP2 vs EXP1 vs PHY,direct,EXP2_direct vs PHY_direct,full,single_label,03-01-99,0,0,2,0,0.0,,,
Evaluation 3: EXP2 vs EXP1 vs PHY,direct,EXP2_direct vs PHY_direct,full,single_label,03-02-00,0,0,9,0,0.0,,,
Evaluation 3: EXP2 vs EXP1 vs PHY,direct,EXP2_direct vs PHY_direct,full,single_label,03-02-02,1,1,1,0,0.5,1.0,0.6666666666666666,
Evaluation 3: EXP2 vs EXP1 vs PHY,direct,EXP2_direct vs PHY_direct,full,single_label,03-03-00,14,1,1,13,0.5,0.07142857142857142,0.125,
Evaluation 3: EXP2 vs EXP1 vs PHY,direct,EXP2_direct vs PHY_direct,full,single_label,03-03-01,1,0,2,1,0.0,0.0,,
Evaluation 3: EXP2 vs EXP1 vs PHY,direct,EXP2_direct vs PHY_direct,full,single_label,03-03-02,3,0,3,3,0.0,0.0,,
Evaluation 3: EXP2 vs EXP1 vs PHY,direct,EXP2_direct vs PHY_direct,full,single_label,03-03-03,3,1,12,2,0.07692307692307693,0.3333333333333333,0.125,
Evaluation 3: EXP2 vs EXP1 vs PHY,direct,EXP2_direct vs PHY_direct,full,single_label,03-04-00,2,0,1,2,0.0,0.0,,
Evaluation 3: EXP2 vs EXP1 vs PHY,direct,EXP2_direct vs PHY_direct,full,single_label,03-04-01,1,0,0,1,,0.0,,
Evaluation 3: EXP2 vs EXP1 vs PHY,direct,EXP2_direct vs PHY_direct,full,single_label,03-04-02,1,1,5,0,0.16666666666666666,1.0,0.2857142857142857,
Evaluation 3: EXP2 vs EXP1 vs PHY,direct,EXP2_direct vs PHY_direct,full,single_label,03-04-99,0,0,1,0,0.0,,,
Evaluation 3: EXP2 vs EXP1 vs PHY,direct,EXP2_direct vs PHY_direct,full,single_label,03-05-00,1,0,0,1,,0.0,,
Evaluation 3: EXP2 vs EXP1 vs PHY,direct,EXP2_direct vs PHY_direct,full,single_label,03-05-01,1,0,5,1,0.0,0.0,,
Evaluation 3: EXP2 vs EXP1 vs PHY,direct,EXP2_direct vs PHY_direct,full,single_label,03-06-00,7,0,2,7,0.0,0.0,,
Evaluation 3: EXP2 vs EXP1 vs PHY,direct,EXP2_direct vs PHY_direct,full,single_label,03-06-02,1,0,1,1,0.0,0.0,,
Evaluation 3: EXP2 vs EXP1 vs PHY,direct,EXP2_direct vs PHY_direct,full,single_label,03-06-03,1,1,0,0,1.0,1.0,1.0,
Evaluation 3: EXP2 vs EXP1 vs PHY,direct,EXP2_direct vs PHY_direct,full,single_label,03-06-04,2,0,0,2,,0.0,,
Evaluation 3: EXP2 vs EXP1 vs PHY,direct,EXP2_direct vs PHY_direct,full,single_label,03-06-99,0,0,2,0,0.0,,,
Evaluation 3: EXP2 vs EXP1 vs PHY,direct,EXP2_direct vs PHY_direct,full,single_label,03-07-01,1,1,8,0,0.1111111111111111,1.0,0.19999999999999998,
Evaluation 3: EXP2 vs EXP1 vs PHY,direct,EXP2_direct vs PHY_direct,full,single_label,03-08-00,8,5,3,3,0.625,0.625,0.625,
Evaluation 3: EXP2 vs EXP1 vs PHY,direct,EXP2_direct vs PHY_direct,full,single_label,03-08-01,3,0,0,3,,0.0,,
Evaluation 3: EXP2 vs EXP1 vs PHY,direct,EXP2_direct vs PHY_direct,full,single_label,03-09-01,0,0,3,0,0.0,,,
Evaluation 3: EXP2 vs EXP1 vs PHY,direct,EXP2_direct vs PHY_direct,full,single_label,04-00-00,2,0,0,2,,0.0,,
Evaluation 3: EXP2 vs EXP1 vs PHY,direct,EXP2_direct vs PHY_direct,full,single_label,04-01-00,2,1,0,1,1.0,0.5,0.6666666666666666,
Evaluation 3: EXP2 vs EXP1 vs PHY,direct,EXP2_direct vs PHY_direct,full,single_label,04-02-00,1,0,1,1,0.0,0.0,,
Evaluation 3: EXP2 vs EXP1 vs PHY,direct,EXP2_direct vs PHY_direct,full,single_label,04-03-00,3,0,0,3,,0.0,,
Evaluation 3: EXP2 vs EXP1 vs PHY,direct,EXP2_direct vs PHY_direct,full,single_label,04-05-00,4,1,0,3,1.0,0.25,0.4,
Evaluation 3: EXP2 vs EXP1 vs PHY,direct,EXP2_direct vs PHY_direct,full,single_label,04-06-00,1,1,0,0,1.0,1.0,1.0,
Evaluation 3: EXP2 vs EXP1 vs PHY,direct,EXP2_direct vs PHY_direct,full,single_label,04-08-00,1,0,0,1,,0.0,,
Evaluation 3: EXP2 vs EXP1 vs PHY,direct,EXP2_direct vs PHY_direct,full,single_label,04-99-00,0,0,3,0,0.0,,,
Evaluation 3: EXP2 vs EXP1 vs PHY,direct,EXP2_direct vs PHY_direct,full,single_label,05-00-00,0,0,2,0,0.0,,,
Evaluation 3: EXP2 vs EXP1 vs PHY,direct,EXP2_direct vs PHY_direct,full,single_label,05-03-00,1,0,0,1,,0.0,,
Evaluation 3: EXP2 vs EXP1 vs PHY,direct,EXP2_direct vs PHY_direct,full,single_label,05-05-00,1,0,3,1,0.0,0.0,,
Evaluation 3: EXP2 vs EXP1 vs PHY,direct,EXP2_direct vs PHY_direct,full,single_label,05-06-00,16,7,0,9,1.0,0.4375,0.6086956521739131,
Evaluation 3: EXP2 vs EXP1 vs PHY,direct,EXP2_direct vs PHY_direct,full,single_label,BLANK,0,0,2,0,0.0,,,
Evaluation 3: EXP2 vs EXP1 vs PHY,direct,EXP2_direct vs PHY_direct,level2,single_label,00-02,0,0,56,0,0.0,,,
Evaluation 3: EXP2 vs EXP1 vs PHY,direct,EXP2_direct vs PHY_direct,level2,single_label,00-04,0,0,1,0,0.0,,,
Evaluation 3: EXP2 vs EXP1 vs PHY,direct,EXP2_direct vs PHY_direct,level2,single_label,01-00,14,0,0,14,,0.0,,
Evaluation 3: EXP2 vs EXP1 vs PHY,direct,EXP2_direct vs PHY_direct,level2,single_label,01-01,98,43,19,55,0.6935483870967742,0.4387755102040816,0.5375,
Evaluation 3: EXP2 vs EXP1 vs PHY,direct,EXP2_direct vs PHY_direct,level2,single_label,01-03,3,0,0,3,,0.0,,
Evaluation 3: EXP2 vs EXP1 vs PHY,direct,EXP2_direct vs PHY_direct,level2,single_label,01-04,39,21,19,18,0.525,0.5384615384615384,0.5316455696202531,
Evaluation 3: EXP2 vs EXP1 vs PHY,direct,EXP2_direct vs PHY_direct,level2,single_label,01-05,2,1,3,1,0.25,0.5,0.3333333333333333,
Evaluation 3: EXP2 vs EXP1 vs PHY,direct,EXP2_direct vs PHY_direct,level2,single_label,02-03,2,1,0,1,1.0,0.5,0.6666666666666666,
Evaluation 3: EXP2 vs EXP1 vs PHY,direct,EXP2_direct vs PHY_direct,level2,single_label,02-05,2,1,0,1,1.0,0.5,0.6666666666666666,
Evaluation 3: EXP2 vs EXP1 vs PHY,direct,EXP2_direct vs PHY_direct,level2,single_label,03-00,3,0,0,3,,0.0,,
Evaluation 3: EXP2 vs EXP1 vs PHY,direct,EXP2_direct vs PHY_direct,level2,single_label,03-01,84,61,13,23,0.8243243243243243,0.7261904761904762,0.7721518987341773,
Evaluation 3: EXP2 vs EXP1 vs PHY,direct,EXP2_direct vs PHY_direct,level2,single_label,03-02,1,1,10,0,0.09090909090909091,1.0,0.16666666666666669,
Evaluation 3: EXP2 vs EXP1 vs PHY,direct,EXP2_direct vs PHY_direct,level2,single_label,03-03,21,14,6,7,0.7,0.6666666666666666,0.6829268292682926,
Evaluation 3: EXP2 vs EXP1 vs PHY,direct,EXP2_direct vs PHY_direct,level2,single_label,03-04,4,1,7,3,0.125,0.25,0.16666666666666666,
Evaluation 3: EXP2 vs EXP1 vs PHY,direct,EXP2_direct vs PHY_direct,level2,single_label,03-05,2,1,4,1,0.2,0.5,0.28571428571428575,
Evaluation 3: EXP2 vs EXP1 vs PHY,direct,EXP2_direct vs PHY_direct,level2,single_label,03-06,11,4,2,7,0.6666666666666666,0.36363636363636365,0.4705882352941177,
Evaluation 3: EXP2 vs EXP1 vs PHY,direct,EXP2_direct vs PHY_direct,level2,single_label,03-07,1,1,8,0,0.1111111111111111,1.0,0.19999999999999998,
Evaluation 3: EXP2 vs EXP1 vs PHY,direct,EXP2_direct vs PHY_direct,level2,single_label,03-08,11,5,3,6,0.625,0.45454545454545453,0.5263157894736842,
Evaluation 3: EXP2 vs EXP1 vs PHY,direct,EXP2_direct vs PHY_direct,level2,single_label,03-09,0,0,3,0,0.0,,,
Evaluation 3: EXP2 vs EXP1 vs PHY,direct,EXP2_direct vs PHY_direct,level2,single_label,04-00,2,0,0,2,,0.0,,
Evaluation 3: EXP2 vs EXP1 vs PHY,direct,EXP2_direct vs PHY_direct,level2,single_label,04-01,2,1,0,1,1.0,0.5,0.6666666666666666,
Evaluation 3: EXP2 vs EXP1 vs PHY,direct,EXP2_direct vs PHY_direct,level2,single_label,04-02,1,0,1,1,0.0,0.0,,
Evaluation 3: EXP2 vs EXP1 vs PHY,direct,EXP2_direct vs PHY_direct,level2,single_label,04-03,3,0,0,3,,0.0,,
Evaluation 3: EXP2 vs EXP1 vs PHY,direct,EXP2_direct vs PHY_direct,level2,single_label,04-05,4,1,0,3,1.0,0.25,0.4,
Evaluation 3: EXP2 vs EXP1 vs PHY,direct,EXP2_direct vs PHY_direct,level2,single_label,04-06,1,1,0,0,1.0,1.0,1.0,
Evaluation 3: EXP2 vs EXP1 vs PHY,direct,EXP2_direct vs PHY_direct,level2,single_label,04-08,1,0,0,1,,0.0,,
Evaluation 3: EXP2 vs EXP1 vs PHY,direct,EXP2_direct vs PHY_direct,level2,single_label,04-99,0,0,3,0,0.0,,,
Evaluation 3: EXP2 vs EXP1 vs PHY,direct,EXP2_direct vs PHY_direct,level2,single_label,05-00,0,0,2,0,0.0,,,
Evaluation 3: EXP2 vs EXP1 vs PHY,direct,EXP2_direct vs PHY_direct,level2,single_label,05-03,1,0,0,1,,0.0,,
Evaluation 3: EXP2 vs EXP1 vs PHY,direct,EXP2_direct vs PHY_direct,level2,single_label,05-05,1,0,3,1,0.0,0.0,,
Evaluation 3: EXP2 vs EXP1 vs PHY,direct,EXP2_direct vs PHY_direct,level2,single_label,05-06,16,7,0,9,1.0,0.4375,0.6086956521739131,
Evaluation 3: EXP2 vs EXP1 vs PHY,direct,EXP2_direct vs PHY_direct,level2,single_label,BLANK,0,0,2,0,0.0,,,
Evaluation 3: EXP2 vs EXP1 vs PHY,direct,EXP2_direct vs PHY_direct,level1,single_label,00,0,0,57,0,0.0,,,
Evaluation 3: EXP2 vs EXP1 vs PHY,direct,EXP2_direct vs PHY_direct,level1,single_label,01,156,86,20,70,0.8113207547169812,0.5512820512820513,0.6564885496183206,
Evaluation 3: EXP2 vs EXP1 vs PHY,direct,EXP2_direct vs PHY_direct,level1,single_label,02,4,2,0,2,1.0,0.5,0.6666666666666666,
Evaluation 3: EXP2 vs EXP1 vs PHY,direct,EXP2_direct vs PHY_direct,level1,single_label,03,138,106,38,32,0.7361111111111112,0.7681159420289855,0.7517730496453902,
Evaluation 3: EXP2 vs EXP1 vs PHY,direct,EXP2_direct vs PHY_direct,level1,single_label,04,14,4,3,10,0.5714285714285714,0.2857142857142857,0.38095238095238093,
Evaluation 3: EXP2 vs EXP1 vs PHY,direct,EXP2_direct vs PHY_direct,level1,single_label,05,18,12,0,6,1.0,0.6666666666666666,0.8,
Evaluation 3: EXP2 vs EXP1 vs PHY,direct,EXP2_direct vs PHY_direct,level1,single_label,BLANK,0,0,2,0,0.0,,,
Evaluation 3: EXP2 vs EXP1 vs PHY,underlying,EXP2_underlying vs PHY_underlying,full,single_label,00-01-00,0,0,3,0,0.0,,,
Evaluation 3: EXP2 vs EXP1 vs PHY,underlying,EXP2_underlying vs PHY_underlying,full,single_label,00-02-00,0,0,68,0,0.0,,,
Evaluation 3: EXP2 vs EXP1 vs PHY,underlying,EXP2_underlying vs PHY_underlying,full,single_label,00-03-00,0,0,6,0,0.0,,,
Evaluation 3: EXP2 vs EXP1 vs PHY,underlying,EXP2_underlying vs PHY_underlying,full,single_label,00-04-00,0,0,2,0,0.0,,,
Evaluation 3: EXP2 vs EXP1 vs PHY,underlying,EXP2_underlying vs PHY_underlying,full,single_label,01-00-00,30,0,1,30,0.0,0.0,,
Evaluation 3: EXP2 vs EXP1 vs PHY,underlying,EXP2_underlying vs PHY_underlying,full,single_label,01-01-00,214,76,185,138,0.29118773946360155,0.35514018691588783,0.31999999999999995,
Evaluation 3: EXP2 vs EXP1 vs PHY,underlying,EXP2_underlying vs PHY_underlying,full,single_label,01-01-01,206,95,116,111,0.45023696682464454,0.46116504854368934,0.4556354916067147,
Evaluation 3: EXP2 vs EXP1 vs PHY,underlying,EXP2_underlying vs PHY_underlying,full,single_label,01-01-02,57,35,62,22,0.36082474226804123,0.6140350877192983,0.4545454545454546,
Evaluation 3: EXP2 vs EXP1 vs PHY,underlying,EXP2_underlying vs PHY_underlying,full,single_label,01-01-03,0,0,9,0,0.0,,,
Evaluation 3: EXP2 vs EXP1 vs PHY,underlying,EXP2_underlying vs PHY_underlying,full,single_label,01-01-04,209,136,170,73,0.4444444444444444,0.6507177033492823,0.5281553398058251,
Evaluation 3: EXP2 vs EXP1 vs PHY,underlying,EXP2_underlying vs PHY_underlying,full,single_label,01-01-05,70,20,72,50,0.21739130434782608,0.2857142857142857,0.24691358024691357,
Evaluation 3: EXP2 vs EXP1 vs PHY,underlying,EXP2_underlying vs PHY_underlying,full,single_label,01-01-06,15,1,26,14,0.037037037037037035,0.06666666666666667,0.047619047619047616,
Evaluation 3: EXP2 vs EXP1 vs PHY,underlying,EXP2_underlying vs PHY_underlying,full,single_label,01-01-99,0,0,18,0,0.0,,,
Evaluation 3: EXP2 vs EXP1 vs PHY,underlying,EXP2_underlying vs PHY_underlying,full,single_label,01-03-00,16,1,5,15,0.16666666666666666,0.0625,0.09090909090909091,
Evaluation 3: EXP2 vs EXP1 vs PHY,underlying,EXP2_underlying vs PHY_underlying,full,single_label,01-04-00,41,0,1,41,0.0,0.0,,
Evaluation 3: EXP2 vs EXP1 vs PHY,underlying,EXP2_underlying vs PHY_underlying,full,single_label,01-04-01,40,26,108,14,0.19402985074626866,0.65,0.29885057471264365,
Evaluation 3: EXP2 vs EXP1 vs PHY,underlying,EXP2_underlying vs PHY_underlying,full,single_label,01-04-02,801,559,80,242,0.8748043818466353,0.6978776529338327,0.7763888888888888,
Evaluation 3: EXP2 vs EXP1 vs PHY,underlying,EXP2_underlying vs PHY_underlying,full,single_label,01-04-03,27,1,2,26,0.3333333333333333,0.037037037037037035,0.06666666666666667,
Evaluation 3: EXP2 vs EXP1 vs PHY,underlying,EXP2_underlying vs PHY_underlying,full,single_label,01-05-00,52,39,99,13,0.2826086956521739,0.75,0.4105263157894737,
Evaluation 3: EXP2 vs EXP1 vs PHY,underlying,EXP2_underlying vs PHY_underlying,full,single_label,01-07-00,3,2,0,1,1.0,0.6666666666666666,0.8,
Evaluation 3: EXP2 vs EXP1 vs PHY,underlying,EXP2_underlying vs PHY_underlying,full,single_label,01-99-00,0,0,1,0,0.0,,,
Evaluation 3: EXP2 vs EXP1 vs PHY,underlying,EXP2_underlying vs PHY_underlying,full,single_label,02-00-00,9,3,8,6,0.2727272727272727,0.3333333333333333,0.3,
Evaluation 3: EXP2 vs EXP1 vs PHY,underlying,EXP2_underlying vs PHY_underlying,full,single_label,02-01-00,6,0,1,6,0.0,0.0,,
Evaluation 3: EXP2 vs EXP1 vs PHY,underlying,EXP2_underlying vs PHY_underlying,full,single_label,02-02-00,5,2,1,3,0.6666666666666666,0.4,0.5,
Evaluation 3: EXP2 vs EXP1 vs PHY,underlying,EXP2_underlying vs PHY_underlying,full,single_label,02-03-00,17,8,1,9,0.8888888888888888,0.47058823529411764,0.6153846153846153,
Evaluation 3: EXP2 vs EXP1 vs PHY,underlying,EXP2_underlying vs PHY_underlying,full,single_label,02-04-00,11,1,31,10,0.03125,0.09090909090909091,0.046511627906976744,
Evaluation 3: EXP2 vs EXP1 vs PHY,underlying,EXP2_underlying vs PHY_underlying,full,single_label,02-05-00,6,4,5,2,0.4444444444444444,0.6666666666666666,0.5333333333333333,
Evaluation 3: EXP2 vs EXP1 vs PHY,underlying,EXP2_underlying vs PHY_underlying,full,single_label,02-06-00,1,0,1,1,0.0,0.0,,
Evaluation 3: EXP2 vs EXP1 vs PHY,underlying,EXP2_underlying vs PHY_underlying,full,single_label,02-99-00,0,0,16,0,0.0,,,
Evaluation 3: EXP2 vs EXP1 vs PHY,underlying,EXP2_underlying vs PHY_underlying,full,single_label,03-00-00,47,0,0,47,,0.0,,
Evaluation 3: EXP2 vs EXP1 vs PHY,underlying,EXP2_underlying vs PHY_underlying,full,single_label,03-01-00,29,3,10,26,0.23076923076923078,0.10344827586206896,0.14285714285714288,
Evaluation 3: EXP2 vs EXP1 vs PHY,underlying,EXP2_underlying vs PHY_underlying,full,single_label,03-01-01,124,60,93,64,0.39215686274509803,0.4838709677419355,0.43321299638989175,
Evaluation 3: EXP2 vs EXP1 vs PHY,underlying,EXP2_underlying vs PHY_underlying,full,single_label,03-01-02,145,45,29,100,0.6081081081081081,0.3103448275862069,0.4109589041095891,
Evaluation 3: EXP2 vs EXP1 vs PHY,underlying,EXP2_underlying vs PHY_underlying,full,single_label,03-01-03,16,3,26,13,0.10344827586206896,0.1875,0.13333333333333333,
Evaluation 3: EXP2 vs EXP1 vs PHY,underlying,EXP2_underlying vs PHY_underlying,full,single_label,03-01-04,139,81,71,58,0.5328947368421053,0.5827338129496403,0.5567010309278352,
Evaluation 3: EXP2 vs EXP1 vs PHY,underlying,EXP2_underlying vs PHY_underlying,full,single_label,03-01-99,0,0,9,0,0.0,,,
Evaluation 3: EXP2 vs EXP1 vs PHY,underlying,EXP2_underlying vs PHY_underlying,full,single_label,03-02-00,11,1,7,10,0.125,0.09090909090909091,0.10526315789473685,
Evaluation 3: EXP2 vs EXP1 vs PHY,underlying,EXP2_underlying vs PHY_underlying,full,single_label,03-02-01,2,1,22,1,0.043478260869565216,0.5,0.08,
Evaluation 3: EXP2 vs EXP1 vs PHY,underlying,EXP2_underlying vs PHY_underlying,full,single_label,03-02-02,38,23,12,15,0.6571428571428571,0.6052631578947368,0.6301369863013698,
Evaluation 3: EXP2 vs EXP1 vs PHY,underlying,EXP2_underlying vs PHY_underlying,full,single_label,03-02-99,0,0,2,0,0.0,,,
Evaluation 3: EXP2 vs EXP1 vs PHY,underlying,EXP2_underlying vs PHY_underlying,full,single_label,03-03-00,101,9,19,92,0.32142857142857145,0.0891089108910891,0.13953488372093023,
Evaluation 3: EXP2 vs EXP1 vs PHY,underlying,EXP2_underlying vs PHY_underlying,full,single_label,03-03-01,9,3,22,6,0.12,0.3333333333333333,0.1764705882352941,
Evaluation 3: EXP2 vs EXP1 vs PHY,underlying,EXP2_underlying vs PHY_underlying,full,single_label,03-03-02,52,25,44,27,0.36231884057971014,0.4807692307692308,0.4132231404958678,
Evaluation 3: EXP2 vs EXP1 vs PHY,underlying,EXP2_underlying vs PHY_underlying,full,single_label,03-03-03,47,19,23,28,0.4523809523809524,0.40425531914893614,0.4269662921348315,
Evaluation 3: EXP2 vs EXP1 vs PHY,underlying,EXP2_underlying vs PHY_underlying,full,single_label,03-03-99,0,0,8,0,0.0,,,
Evaluation 3: EXP2 vs EXP1 vs PHY,underlying,EXP2_underlying vs PHY_underlying,full,single_label,03-04-00,34,0,2,34,0.0,0.0,,
Evaluation 3: EXP2 vs EXP1 vs PHY,underlying,EXP2_underlying vs PHY_underlying,full,single_label,03-04-01,10,0,1,10,0.0,0.0,,
Evaluation 3: EXP2 vs EXP1 vs PHY,underlying,EXP2_underlying vs PHY_underlying,full,single_label,03-04-02,33,29,27,4,0.5178571428571429,0.8787878787878788,0.651685393258427,
Evaluation 3: EXP2 vs EXP1 vs PHY,underlying,EXP2_underlying vs PHY_underlying,full,single_label,03-04-99,0,0,9,0,0.0,,,
Evaluation 3: EXP2 vs EXP1 vs PHY,underlying,EXP2_underlying vs PHY_underlying,full,single_label,03-05-00,1,0,2,1,0.0,0.0,,
Evaluation 3: EXP2 vs EXP1 vs PHY,underlying,EXP2_underlying vs PHY_underlying,full,single_label,03-05-01,72,40,21,32,0.6557377049180327,0.5555555555555556,0.6015037593984962,
Evaluation 3: EXP2 vs EXP1 vs PHY,underlying,EXP2_underlying vs PHY_underlying,full,single_label,03-05-99,0,0,1,0,0.0,,,
Evaluation 3: EXP2 vs EXP1 vs PHY,underlying,EXP2_underlying vs PHY_underlying,full,single_label,03-06-00,62,11,12,51,0.4782608695652174,0.1774193548387097,0.25882352941176473,
Evaluation 3: EXP2 vs EXP1 vs PHY,underlying,EXP2_underlying vs PHY_underlying,full,single_label,03-06-01,11,7,3,4,0.7,0.6363636363636364,0.6666666666666666,
Evaluation 3: EXP2 vs EXP1 vs PHY,underlying,EXP2_underlying vs PHY_underlying,full,single_label,03-06-02,63,27,2,36,0.9310344827586207,0.42857142857142855,0.5869565217391304,
Evaluation 3: EXP2 vs EXP1 vs PHY,underlying,EXP2_underlying vs PHY_underlying,full,single_label,03-06-03,15,4,3,11,0.5714285714285714,0.26666666666666666,0.36363636363636365,
Evaluation 3: EXP2 vs EXP1 vs PHY,underlying,EXP2_underlying vs PHY_underlying,full,single_label,03-06-04,34,6,40,28,0.13043478260869565,0.17647058823529413,0.15,
Evaluation 3: EXP2 vs EXP1 vs PHY,underlying,EXP2_underlying vs PHY_underlying,full,single_label,03-06-05,7,5,1,2,0.8333333333333334,0.7142857142857143,0.7692307692307692,
Evaluation 3: EXP2 vs EXP1 vs PHY,underlying,EXP2_underlying vs PHY_underlying,full,single_label,03-06-06,1,1,1,0,0.5,1.0,0.6666666666666666,
Evaluation 3: EXP2 vs EXP1 vs PHY,underlying,EXP2_underlying vs PHY_underlying,full,single_label,03-06-07,0,0,10,0,0.0,,,
Evaluation 3: EXP2 vs EXP1 vs PHY,underlying,EXP2_underlying vs PHY_underlying,full,single_label,03-06-99,0,0,31,0,0.0,,,
Evaluation 3: EXP2 vs EXP1 vs PHY,underlying,EXP2_underlying vs PHY_underlying,full,single_label,03-07-00,16,1,0,15,1.0,0.0625,0.11764705882352941,
Evaluation 3: EXP2 vs EXP1 vs PHY,underlying,EXP2_underlying vs PHY_underlying,full,single_label,03-07-01,16,10,32,6,0.23809523809523808,0.625,0.3448275862068965,
Evaluation 3: EXP2 vs EXP1 vs PHY,underlying,EXP2_underlying vs PHY_underlying,full,single_label,03-07-99,0,0,5,0,0.0,,,
Evaluation 3: EXP2 vs EXP1 vs PHY,underlying,EXP2_underlying vs PHY_underlying,full,single_label,03-08-00,37,10,44,27,0.18518518518518517,0.2702702702702703,0.2197802197802198,
Evaluation 3: EXP2 vs EXP1 vs PHY,underlying,EXP2_underlying vs PHY_underlying,full,single_label,03-08-01,11,0,0,11,,0.0,,
Evaluation 3: EXP2 vs EXP1 vs PHY,underlying,EXP2_underlying vs PHY_underlying,full,single_label,03-09-00,3,0,0,3,,0.0,,
Evaluation 3: EXP2 vs EXP1 vs PHY,underlying,EXP2_underlying vs PHY_underlying,full,single_label,03-09-01,57,19,27,38,0.41304347826086957,0.3333333333333333,0.36893203883495146,
Evaluation 3: EXP2 vs EXP1 vs PHY,underlying,EXP2_underlying vs PHY_underlying,full,single_label,03-99-00,0,0,12,0,0.0,,,
Evaluation 3: EXP2 vs EXP1 vs PHY,underlying,EXP2_underlying vs PHY_underlying,full,single_label,04-00-00,31,1,17,30,0.05555555555555555,0.03225806451612903,0.04081632653061224,
Evaluation 3: EXP2 vs EXP1 vs PHY,underlying,EXP2_underlying vs PHY_underlying,full,single_label,04-01-00,69,39,2,30,0.9512195121951219,0.5652173913043478,0.7090909090909091,
Evaluation 3: EXP2 vs EXP1 vs PHY,underlying,EXP2_underlying vs PHY_underlying,full,single_label,04-02-00,20,8,5,12,0.6153846153846154,0.4,0.4848484848484849,
Evaluation 3: EXP2 vs EXP1 vs PHY,underlying,EXP2_underlying vs PHY_underlying,full,single_label,04-03-00,55,26,0,29,1.0,0.4727272727272727,0.6419753086419753,
Evaluation 3: EXP2 vs EXP1 vs PHY,underlying,EXP2_underlying vs PHY_underlying,full,single_label,04-04-00,5,1,0,4,1.0,0.2,0.33333333333333337,
Evaluation 3: EXP2 vs EXP1 vs PHY,underlying,EXP2_underlying vs PHY_underlying,full,single_label,04-05-00,54,13,4,41,0.7647058823529411,0.24074074074074073,0.36619718309859156,
Evaluation 3: EXP2 vs EXP1 vs PHY,underlying,EXP2_underlying vs PHY_underlying,full,single_label,04-06-00,14,13,9,1,0.5909090909090909,0.9285714285714286,0.7222222222222223,
Evaluation 3: EXP2 vs EXP1 vs PHY,underlying,EXP2_underlying vs PHY_underlying,full,single_label,04-07-00,4,3,3,1,0.5,0.75,0.6,
Evaluation 3: EXP2 vs EXP1 vs PHY,underlying,EXP2_underlying vs PHY_underlying,full,single_label,04-08-00,25,16,9,9,0.64,0.64,0.64,
Evaluation 3: EXP2 vs EXP1 vs PHY,underlying,EXP2_underlying vs PHY_underlying,full,single_label,04-09-00,1,0,28,1,0.0,0.0,,
Evaluation 3: EXP2 vs EXP1 vs PHY,underlying,EXP2_underlying vs PHY_underlying,full,single_label,04-99-00,0,0,67,0,0.0,,,
Evaluation 3: EXP2 vs EXP1 vs PHY,underlying,EXP2_underlying vs PHY_underlying,full,single_label,05-00-00,24,7,99,17,0.0660377358490566,0.2916666666666667,0.10769230769230771,
Evaluation 3: EXP2 vs EXP1 vs PHY,underlying,EXP2_underlying vs PHY_underlying,full,single_label,05-02-00,0,0,1,0,0.0,,,
Evaluation 3: EXP2 vs EXP1 vs PHY,underlying,EXP2_underlying vs PHY_underlying,full,single_label,05-03-00,145,47,8,98,0.8545454545454545,0.32413793103448274,0.47,
Evaluation 3: EXP2 vs EXP1 vs PHY,underlying,EXP2_underlying vs PHY_underlying,full,single_label,05-04-00,28,4,2,24,0.6666666666666666,0.14285714285714285,0.23529411764705882,
Evaluation 3: EXP2 vs EXP1 vs PHY,underlying,EXP2_underlying vs PHY_underlying,full,single_label,05-05-00,206,48,15,158,0.7619047619047619,0.23300970873786409,0.3568773234200744,
Evaluation 3: EXP2 vs EXP1 vs PHY,underlying,EXP2_underlying vs PHY_underlying,full,single_label,05-06-00,101,49,38,52,0.5632183908045977,0.48514851485148514,0.5212765957446809,
Evaluation 3: EXP2 vs EXP1 vs PHY,underlying,EXP2_underlying vs PHY_underlying,full,single_label,05-08-00,5,3,31,2,0.08823529411764706,0.6,0.15384615384615385,
Evaluation 3: EXP2 vs EXP1 vs PHY,underlying,EXP2_underlying vs PHY_underlying,full,single_label,05-09-00,0,0,1,0,0.0,,,
Evaluation 3: EXP2 vs EXP1 vs PHY,underlying,EXP2_underlying vs PHY_underlying,full,single_label,05-99-00,0,0,7,0,0.0,,,
Evaluation 3: EXP2 vs EXP1 vs PHY,underlying,EXP2_underlying vs PHY_underlying,full,single_label,BLANK,0,0,9,0,0.0,,,
Evaluation 3: EXP2 vs EXP1 vs PHY,underlying,EXP2_underlying vs PHY_underlying,level2,single_label,00-01,0,0,3,0,0.0,,,
Evaluation 3: EXP2 vs EXP1 vs PHY,underlying,EXP2_underlying vs PHY_underlying,level2,single_label,00-02,0,0,68,0,0.0,,,
Evaluation 3: EXP2 vs EXP1 vs PHY,underlying,EXP2_underlying vs PHY_underlying,level2,single_label,00-03,0,0,6,0,0.0,,,
Evaluation 3: EXP2 vs EXP1 vs PHY,underlying,EXP2_underlying vs PHY_underlying,level2,single_label,00-04,0,0,2,0,0.0,,,
Evaluation 3: EXP2 vs EXP1 vs PHY,underlying,EXP2_underlying vs PHY_underlying,level2,single_label,01-00,30,0,1,30,0.0,0.0,,
Evaluation 3: EXP2 vs EXP1 vs PHY,underlying,EXP2_underlying vs PHY_underlying,level2,single_label,01-01,771,613,408,158,0.6003917727717923,0.795071335927367,0.6841517857142857,
Evaluation 3: EXP2 vs EXP1 vs PHY,underlying,EXP2_underlying vs PHY_underlying,level2,single_label,01-03,16,1,5,15,0.16666666666666666,0.0625,0.09090909090909091,
Evaluation 3: EXP2 vs EXP1 vs PHY,underlying,EXP2_underlying vs PHY_underlying,level2,single_label,01-04,909,686,91,223,0.8828828828828829,0.7546754675467546,0.8137603795966785,
Evaluation 3: EXP2 vs EXP1 vs PHY,underlying,EXP2_underlying vs PHY_underlying,level2,single_label,01-05,52,39,99,13,0.2826086956521739,0.75,0.4105263157894737,
Evaluation 3: EXP2 vs EXP1 vs PHY,underlying,EXP2_underlying vs PHY_underlying,level2,single_label,01-07,3,2,0,1,1.0,0.6666666666666666,0.8,
Evaluation 3: EXP2 vs EXP1 vs PHY,underlying,EXP2_underlying vs PHY_underlying,level2,single_label,01-99,0,0,1,0,0.0,,,
Evaluation 3: EXP2 vs EXP1 vs PHY,underlying,EXP2_underlying vs PHY_underlying,level2,single_label,02-00,9,3,8,6,0.2727272727272727,0.3333333333333333,0.3,
Evaluation 3: EXP2 vs EXP1 vs PHY,underlying,EXP2_underlying vs PHY_underlying,level2,single_label,02-01,6,0,1,6,0.0,0.0,,
Evaluation 3: EXP2 vs EXP1 vs PHY,underlying,EXP2_underlying vs PHY_underlying,level2,single_label,02-02,5,2,1,3,0.6666666666666666,0.4,0.5,
Evaluation 3: EXP2 vs EXP1 vs PHY,underlying,EXP2_underlying vs PHY_underlying,level2,single_label,02-03,17,8,1,9,0.8888888888888888,0.47058823529411764,0.6153846153846153,
Evaluation 3: EXP2 vs EXP1 vs PHY,underlying,EXP2_underlying vs PHY_underlying,level2,single_label,02-04,11,1,31,10,0.03125,0.09090909090909091,0.046511627906976744,
Evaluation 3: EXP2 vs EXP1 vs PHY,underlying,EXP2_underlying vs PHY_underlying,level2,single_label,02-05,6,4,5,2,0.4444444444444444,0.6666666666666666,0.5333333333333333,
Evaluation 3: EXP2 vs EXP1 vs PHY,underlying,EXP2_underlying vs PHY_underlying,level2,single_label,02-06,1,0,1,1,0.0,0.0,,
Evaluation 3: EXP2 vs EXP1 vs PHY,underlying,EXP2_underlying vs PHY_underlying,level2,single_label,02-99,0,0,16,0,0.0,,,
Evaluation 3: EXP2 vs EXP1 vs PHY,underlying,EXP2_underlying vs PHY_underlying,level2,single_label,03-00,47,0,0,47,,0.0,,
Evaluation 3: EXP2 vs EXP1 vs PHY,underlying,EXP2_underlying vs PHY_underlying,level2,single_label,03-01,453,318,112,135,0.7395348837209302,0.7019867549668874,0.7202718006795018,
Evaluation 3: EXP2 vs EXP1 vs PHY,underlying,EXP2_underlying vs PHY_underlying,level2,single_label,03-02,51,27,41,24,0.39705882352941174,0.5294117647058824,0.453781512605042,
Evaluation 3: EXP2 vs EXP1 vs PHY,underlying,EXP2_underlying vs PHY_underlying,level2,single_label,03-03,209,102,70,107,0.5930232558139535,0.4880382775119617,0.5354330708661418,
Evaluation 3: EXP2 vs EXP1 vs PHY,underlying,EXP2_underlying vs PHY_underlying,level2,single_label,03-04,77,36,32,41,0.5294117647058824,0.4675324675324675,0.49655172413793097,
Evaluation 3: EXP2 vs EXP1 vs PHY,underlying,EXP2_underlying vs PHY_underlying,level2,single_label,03-05,73,40,24,33,0.625,0.547945205479452,0.583941605839416,
Evaluation 3: EXP2 vs EXP1 vs PHY,underlying,EXP2_underlying vs PHY_underlying,level2,single_label,03-06,193,101,63,92,0.6158536585365854,0.5233160621761658,0.5658263305322129,
Evaluation 3: EXP2 vs EXP1 vs PHY,underlying,EXP2_underlying vs PHY_underlying,level2,single_label,03-07,32,16,32,16,0.3333333333333333,0.5,0.4,
Evaluation 3: EXP2 vs EXP1 vs PHY,underlying,EXP2_underlying vs PHY_underlying,level2,single_label,03-08,48,14,40,34,0.25925925925925924,0.2916666666666667,0.27450980392156865,
Evaluation 3: EXP2 vs EXP1 vs PHY,underlying,EXP2_underlying vs PHY_underlying,level2,single_label,03-09,60,19,27,41,0.41304347826086957,0.31666666666666665,0.3584905660377358,
Evaluation 3: EXP2 vs EXP1 vs PHY,underlying,EXP2_underlying vs PHY_underlying,level2,single_label,03-99,0,0,12,0,0.0,,,
Evaluation 3: EXP2 vs EXP1 vs PHY,underlying,EXP2_underlying vs PHY_underlying,level2,single_label,04-00,31,1,17,30,0.05555555555555555,0.03225806451612903,0.04081632653061224,
Evaluation 3: EXP2 vs EXP1 vs PHY,underlying,EXP2_underlying vs PHY_underlying,level2,single_label,04-01,69,39,2,30,0.9512195121951219,0.5652173913043478,0.7090909090909091,
Evaluation 3: EXP2 vs EXP1 vs PHY,underlying,EXP2_underlying vs PHY_underlying,level2,single_label,04-02,20,8,5,12,0.6153846153846154,0.4,0.4848484848484849,
Evaluation 3: EXP2 vs EXP1 vs PHY,underlying,EXP2_underlying vs PHY_underlying,level2,single_label,04-03,55,26,0,29,1.0,0.4727272727272727,0.6419753086419753,
Evaluation 3: EXP2 vs EXP1 vs PHY,underlying,EXP2_underlying vs PHY_underlying,level2,single_label,04-04,5,1,0,4,1.0,0.2,0.33333333333333337,
Evaluation 3: EXP2 vs EXP1 vs PHY,underlying,EXP2_underlying vs PHY_underlying,level2,single_label,04-05,54,13,4,41,0.7647058823529411,0.24074074074074073,0.36619718309859156,
Evaluation 3: EXP2 vs EXP1 vs PHY,underlying,EXP2_underlying vs PHY_underlying,level2,single_label,04-06,14,13,9,1,0.5909090909090909,0.9285714285714286,0.7222222222222223,
Evaluation 3: EXP2 vs EXP1 vs PHY,underlying,EXP2_underlying vs PHY_underlying,level2,single_label,04-07,4,3,3,1,0.5,0.75,0.6,
Evaluation 3: EXP2 vs EXP1 vs PHY,underlying,EXP2_underlying vs PHY_underlying,level2,single_label,04-08,25,16,9,9,0.64,0.64,0.64,
Evaluation 3: EXP2 vs EXP1 vs PHY,underlying,EXP2_underlying vs PHY_underlying,level2,single_label,04-09,1,0,28,1,0.0,0.0,,
Evaluation 3: EXP2 vs EXP1 vs PHY,underlying,EXP2_underlying vs PHY_underlying,level2,single_label,04-99,0,0,67,0,0.0,,,
Evaluation 3: EXP2 vs EXP1 vs PHY,underlying,EXP2_underlying vs PHY_underlying,level2,single_label,05-00,24,7,99,17,0.0660377358490566,0.2916666666666667,0.10769230769230771,
Evaluation 3: EXP2 vs EXP1 vs PHY,underlying,EXP2_underlying vs PHY_underlying,level2,single_label,05-02,0,0,1,0,0.0,,,
Evaluation 3: EXP2 vs EXP1 vs PHY,underlying,EXP2_underlying vs PHY_underlying,level2,single_label,05-03,145,47,8,98,0.8545454545454545,0.32413793103448274,0.47,
Evaluation 3: EXP2 vs EXP1 vs PHY,underlying,EXP2_underlying vs PHY_underlying,level2,single_label,05-04,28,4,2,24,0.6666666666666666,0.14285714285714285,0.23529411764705882,
Evaluation 3: EXP2 vs EXP1 vs PHY,underlying,EXP2_underlying vs PHY_underlying,level2,single_label,05-05,206,48,15,158,0.7619047619047619,0.23300970873786409,0.3568773234200744,
Evaluation 3: EXP2 vs EXP1 vs PHY,underlying,EXP2_underlying vs PHY_underlying,level2,single_label,05-06,101,49,38,52,0.5632183908045977,0.48514851485148514,0.5212765957446809,
Evaluation 3: EXP2 vs EXP1 vs PHY,underlying,EXP2_underlying vs PHY_underlying,level2,single_label,05-08,5,3,31,2,0.08823529411764706,0.6,0.15384615384615385,
Evaluation 3: EXP2 vs EXP1 vs PHY,underlying,EXP2_underlying vs PHY_underlying,level2,single_label,05-09,0,0,1,0,0.0,,,
Evaluation 3: EXP2 vs EXP1 vs PHY,underlying,EXP2_underlying vs PHY_underlying,level2,single_label,05-99,0,0,7,0,0.0,,,
Evaluation 3: EXP2 vs EXP1 vs PHY,underlying,EXP2_underlying vs PHY_underlying,level2,single_label,BLANK,0,0,9,0,0.0,,,
Evaluation 3: EXP2 vs EXP1 vs PHY,underlying,EXP2_underlying vs PHY_underlying,level1,single_label,00,0,0,79,0,0.0,,,
Evaluation 3: EXP2 vs EXP1 vs PHY,underlying,EXP2_underlying vs PHY_underlying,level1,single_label,01,1781,1605,341,176,0.8247687564234327,0.9011791128579449,0.8612825328682586,
Evaluation 3: EXP2 vs EXP1 vs PHY,underlying,EXP2_underlying vs PHY_underlying,level1,single_label,02,55,46,36,9,0.5609756097560976,0.8363636363636363,0.6715328467153284,
Evaluation 3: EXP2 vs EXP1 vs PHY,underlying,EXP2_underlying vs PHY_underlying,level1,single_label,03,1243,937,189,306,0.8321492007104796,0.7538213998390989,0.7910510764035457,
Evaluation 3: EXP2 vs EXP1 vs PHY,underlying,EXP2_underlying vs PHY_underlying,level1,single_label,04,278,213,51,65,0.8068181818181818,0.7661870503597122,0.7859778597785977,
Evaluation 3: EXP2 vs EXP1 vs PHY,underlying,EXP2_underlying vs PHY_underlying,level1,single_label,05,509,350,10,159,0.9722222222222222,0.68762278978389,0.8055235903337168,
Evaluation 3: EXP2 vs EXP1 vs PHY,underlying,EXP2_underlying vs PHY_underlying,level1,single_label,BLANK,0,0,9,0,0.0,,,
Evaluation 3: EXP2 vs EXP1 vs PHY,contributory,EXP2_contrib_set vs PHY_contrib,full,multi_label,00-02-00,0,0,4,0,0.0,,,0.0
Evaluation 3: EXP2 vs EXP1 vs PHY,contributory,EXP2_contrib_set vs PHY_contrib,full,multi_label,01-00-00,2,0,0,2,,0.0,,0.0
Evaluation 3: EXP2 vs EXP1 vs PHY,contributory,EXP2_contrib_set vs PHY_contrib,full,multi_label,01-01-00,2,1,29,1,0.03333333333333333,0.5,0.0625,0.04861796643632787
Evaluation 3: EXP2 vs EXP1 vs PHY,contributory,EXP2_contrib_set vs PHY_contrib,full,multi_label,01-01-01,5,3,13,2,0.1875,0.6,0.2857142857142857,0.2638915409585648
Evaluation 3: EXP2 vs EXP1 vs PHY,contributory,EXP2_contrib_set vs PHY_contrib,full,multi_label,01-01-02,0,0,1,0,0.0,,,0.0
Evaluation 3: EXP2 vs EXP1 vs PHY,contributory,EXP2_contrib_set vs PHY_contrib,full,multi_label,01-01-03,0,0,1,0,0.0,,,0.0
Evaluation 3: EXP2 vs EXP1 vs PHY,contributory,EXP2_contrib_set vs PHY_contrib,full,multi_label,01-01-04,1,0,23,1,0.0,0.0,,-0.0075138843515195255
Evaluation 3: EXP2 vs EXP1 vs PHY,contributory,EXP2_contrib_set vs PHY_contrib,full,multi_label,01-01-05,0,0,12,0,0.0,,,0.0
Evaluation 3: EXP2 vs EXP1 vs PHY,contributory,EXP2_contrib_set vs PHY_contrib,full,multi_label,01-01-06,0,0,3,0,0.0,,,0.0
Evaluation 3: EXP2 vs EXP1 vs PHY,contributory,EXP2_contrib_set vs PHY_contrib,full,multi_label,01-01-99,0,0,5,0,0.0,,,0.0
Evaluation 3: EXP2 vs EXP1 vs PHY,contributory,EXP2_contrib_set vs PHY_contrib,full,multi_label,01-04-00,4,0,2,4,0.0,0.0,,-0.010484927916125155
Evaluation 3: EXP2 vs EXP1 vs PHY,contributory,EXP2_contrib_set vs PHY_contrib,full,multi_label,01-04-01,0,0,11,0,0.0,,,0.0
Evaluation 3: EXP2 vs EXP1 vs PHY,contributory,EXP2_contrib_set vs PHY_contrib,full,multi_label,01-04-02,27,11,5,16,0.6875,0.4074074074074074,0.5116279069767441,0.4702071267301462
Evaluation 3: EXP2 vs EXP1 vs PHY,contributory,EXP2_contrib_set vs PHY_contrib,full,multi_label,01-04-03,0,0,2,0,0.0,,,0.0
Evaluation 3: EXP2 vs EXP1 vs PHY,contributory,EXP2_contrib_set vs PHY_contrib,full,multi_label,01-05-00,1,0,11,1,0.0,0.0,,-0.0071848465055529605
Evaluation 3: EXP2 vs EXP1 vs PHY,contributory,EXP2_contrib_set vs PHY_contrib,full,multi_label,01-99-00,0,0,5,0,0.0,,,0.0
Evaluation 3: EXP2 vs EXP1 vs PHY,contributory,EXP2_contrib_set vs PHY_contrib,full,multi_label,02-00-00,1,0,0,1,,0.0,,0.0
Evaluation 3: EXP2 vs EXP1 vs PHY,contributory,EXP2_contrib_set vs PHY_contrib,full,multi_label,03-00-00,3,0,0,3,,0.0,,0.0
Evaluation 3: EXP2 vs EXP1 vs PHY,contributory,EXP2_contrib_set vs PHY_contrib,full,multi_label,03-01-00,0,0,3,0,0.0,,,0.0
Evaluation 3: EXP2 vs EXP1 vs PHY,contributory,EXP2_contrib_set vs PHY_contrib,full,multi_label,03-01-01,82,52,46,30,0.5306122448979592,0.6341463414634146,0.5777777777777778,0.3529879422287003
Evaluation 3: EXP2 vs EXP1 vs PHY,contributory,EXP2_contrib_set vs PHY_contrib,full,multi_label,03-01-02,1,0,18,1,0.0,0.0,,-0.007427274602848463
Evaluation 3: EXP2 vs EXP1 vs PHY,contributory,EXP2_contrib_set vs PHY_contrib,full,multi_label,03-01-03,0,0,1,0,0.0,,,0.0
Evaluation 3: EXP2 vs EXP1 vs PHY,contributory,EXP2_contrib_set vs PHY_contrib,full,multi_label,03-01-04,22,3,9,19,0.25,0.13636363636363635,0.1764705882352941,0.12350791717417793
Evaluation 3: EXP2 vs EXP1 vs PHY,contributory,EXP2_contrib_set vs PHY_contrib,full,multi_label,03-01-99,0,0,14,0,0.0,,,0.0
Evaluation 3: EXP2 vs EXP1 vs PHY,contributory,EXP2_contrib_set vs PHY_contrib,full,multi_label,03-02-00,0,0,12,0,0.0,,,0.0
Evaluation 3: EXP2 vs EXP1 vs PHY,contributory,EXP2_contrib_set vs PHY_contrib,full,multi_label,03-02-01,1,0,0,1,,0.0,,0.0
Evaluation 3: EXP2 vs EXP1 vs PHY,contributory,EXP2_contrib_set vs PHY_contrib,full,multi_label,03-02-02,2,0,7,2,0.0,0.0,,-0.012253829321665964
Evaluation 3: EXP2 vs EXP1 vs PHY,contributory,EXP2_contrib_set vs PHY_contrib,full,multi_label,03-02-99,0,0,4,0,0.0,,,0.0
Evaluation 3: EXP2 vs EXP1 vs PHY,contributory,EXP2_contrib_set vs PHY_contrib,full,multi_label,03-03-00,1,0,6,1,0.0,0.0,,-0.006715165081145537
Evaluation 3: EXP2 vs EXP1 vs PHY,contributory,EXP2_contrib_set vs PHY_contrib,full,multi_label,03-03-02,0,0,7,0,0.0,,,0.0
Evaluation 3: EXP2 vs EXP1 vs PHY,contributory,EXP2_contrib_set vs PHY_contrib,full,multi_label,03-03-03,0,0,2,0,0.0,,,0.0
Evaluation 3: EXP2 vs EXP1 vs PHY,contributory,EXP2_contrib_set vs PHY_contrib,full,multi_label,03-03-99,0,0,6,0,0.0,,,0.0
Evaluation 3: EXP2 vs EXP1 vs PHY,contributory,EXP2_contrib_set vs PHY_contrib,full,multi_label,03-04-00,2,0,1,2,0.0,0.0,,-0.005215123859201154
Evaluation 3: EXP2 vs EXP1 vs PHY,contributory,EXP2_contrib_set vs PHY_contrib,full,multi_label,03-04-01,2,0,4,2,0.0,0.0,,-0.010484927916125155
Evaluation 3: EXP2 vs EXP1 vs PHY,contributory,EXP2_contrib_set vs PHY_contrib,full,multi_label,03-04-02,9,5,7,4,0.4166666666666667,0.5555555555555556,0.4761904761904762,0.45435244161358873
Evaluation 3: EXP2 vs EXP1 vs PHY,contributory,EXP2_contrib_set vs PHY_contrib,full,multi_label,03-04-99,0,0,14,0,0.0,,,0.0
Evaluation 3: EXP2 vs EXP1 vs PHY,contributory,EXP2_contrib_set vs PHY_contrib,full,multi_label,03-05-01,38,24,26,14,0.48,0.631578947368421,0.5454545454545454,0.4536564625850342
Evaluation 3: EXP2 vs EXP1 vs PHY,contributory,EXP2_contrib_set vs PHY_contrib,full,multi_label,03-05-99,0,0,1,0,0.0,,,0.0
Evaluation 3: EXP2 vs EXP1 vs PHY,contributory,EXP2_contrib_set vs PHY_contrib,full,multi_label,03-06-00,1,0,0,1,,0.0,,0.0
Evaluation 3: EXP2 vs EXP1 vs PHY,contributory,EXP2_contrib_set vs PHY_contrib,full,multi_label,03-06-02,1,0,0,1,,0.0,,0.0
Evaluation 3: EXP2 vs EXP1 vs PHY,contributory,EXP2_contrib_set vs PHY_contrib,full,multi_label,03-06-99,0,0,6,0,0.0,,,0.0
Evaluation 3: EXP2 vs EXP1 vs PHY,contributory,EXP2_contrib_set vs PHY_contrib,full,multi_label,03-07-01,2,0,10,2,0.0,0.0,,-0.013140604467805203
Evaluation 3: EXP2 vs EXP1 vs PHY,contributory,EXP2_contrib_set vs PHY_contrib,full,multi_label,03-07-99,0,0,4,0,0.0,,,0.0
Evaluation 3: EXP2 vs EXP1 vs PHY,contributory,EXP2_contrib_set vs PHY_contrib,full,multi_label,03-08-00,14,10,38,4,0.20833333333333334,0.7142857142857143,0.3225806451612903,0.2601782042494864
Evaluation 3: EXP2 vs EXP1 vs PHY,contributory,EXP2_contrib_set vs PHY_contrib,full,multi_label,03-08-01,11,0,0,11,,0.0,,0.0
Evaluation 3: EXP2 vs EXP1 vs PHY,contributory,EXP2_contrib_set vs PHY_contrib,full,multi_label,03-08-99,0,0,2,0,0.0,,,0.0
Evaluation 3: EXP2 vs EXP1 vs PHY,contributory,EXP2_contrib_set vs PHY_contrib,full,multi_label,03-09-00,2,0,0,2,,0.0,,0.0
Evaluation 3: EXP2 vs EXP1 vs PHY,contributory,EXP2_contrib_set vs PHY_contrib,full,multi_label,03-09-01,8,2,28,6,0.06666666666666667,0.25,0.10526315789473685,0.05901356881326739
Evaluation 3: EXP2 vs EXP1 vs PHY,contributory,EXP2_contrib_set vs PHY_contrib,full,multi_label,03-99-00,0,0,9,0,0.0,,,0.0
Evaluation 3: EXP2 vs EXP1 vs PHY,contributory,EXP2_contrib_set vs PHY_contrib,full,multi_label,04-00-00,1,0,0,1,,0.0,,0.0
Evaluation 3: EXP2 vs EXP1 vs PHY,contributory,EXP2_contrib_set vs PHY_contrib,full,multi_label,04-01-00,1,0,1,1,0.0,0.0,,-0.003906249999992727
Evaluation 3: EXP2 vs EXP1 vs PHY,contributory,EXP2_contrib_set vs PHY_contrib,full,multi_label,04-02-00,1,0,3,1,0.0,0.0,,-0.005870841487283326
Evaluation 3: EXP2 vs EXP1 vs PHY,contributory,EXP2_contrib_set vs PHY_contrib,full,multi_label,04-05-00,1,0,0,1,,0.0,,0.0
Evaluation 3: EXP2 vs EXP1 vs PHY,contributory,EXP2_contrib_set vs PHY_contrib,full,multi_label,04-99-00,0,0,2,0,0.0,,,0.0
Evaluation 3: EXP2 vs EXP1 vs PHY,contributory,EXP2_contrib_set vs PHY_contrib,full,multi_label,05-00-00,0,0,1,0,0.0,,,0.0
Evaluation 3: EXP2 vs EXP1 vs PHY,contributory,EXP2_contrib_set vs PHY_contrib,full,multi_label,05-03-00,4,0,0,4,,0.0,,0.0
Evaluation 3: EXP2 vs EXP1 vs PHY,contributory,EXP2_contrib_set vs PHY_contrib,full,multi_label,05-04-00,1,0,0,1,,0.0,,0.0
Evaluation 3: EXP2 vs EXP1 vs PHY,contributory,EXP2_contrib_set vs PHY_contrib,full,multi_label,05-05-00,3,0,0,3,,0.0,,0.0
Evaluation 3: EXP2 vs EXP1 vs PHY,contributory,EXP2_contrib_set vs PHY_contrib,full,multi_label,BLANK,0,0,26,0,0.0,,,0.0
Evaluation 3: EXP2 vs EXP1 vs PHY,contributory,EXP2_contrib_set vs PHY_contrib,level2,multi_label,00-02,0,0,4,0,0.0,,,0.0
Evaluation 3: EXP2 vs EXP1 vs PHY,contributory,EXP2_contrib_set vs PHY_contrib,level2,multi_label,01-00,2,0,0,2,,0.0,,0.0
Evaluation 3: EXP2 vs EXP1 vs PHY,contributory,EXP2_contrib_set vs PHY_contrib,level2,multi_label,01-01,8,5,71,3,0.06578947368421052,0.625,0.11904761904761904,0.06646377380718631
Evaluation 3: EXP2 vs EXP1 vs PHY,contributory,EXP2_contrib_set vs PHY_contrib,level2,multi_label,01-04,31,15,15,16,0.5,0.4838709677419355,0.4918032786885246,0.42339147427082563
Evaluation 3: EXP2 vs EXP1 vs PHY,contributory,EXP2_contrib_set vs PHY_contrib,level2,multi_label,01-05,1,0,11,1,0.0,0.0,,-0.0071848465055529605
Evaluation 3: EXP2 vs EXP1 vs PHY,contributory,EXP2_contrib_set vs PHY_contrib,level2,multi_label,01-99,0,0,5,0,0.0,,,0.0
Evaluation 3: EXP2 vs EXP1 vs PHY,contributory,EXP2_contrib_set vs PHY_contrib,level2,multi_label,02-00,1,0,0,1,,0.0,,0.0
Evaluation 3: EXP2 vs EXP1 vs PHY,contributory,EXP2_contrib_set vs PHY_contrib,level2,multi_label,03-00,3,0,0,3,,0.0,,0.0
Evaluation 3: EXP2 vs EXP1 vs PHY,contributory,EXP2_contrib_set vs PHY_contrib,level2,multi_label,03-01,105,82,44,23,0.6507936507936508,0.780952380952381,0.70995670995671,0.47673747227033775
Evaluation 3: EXP2 vs EXP1 vs PHY,contributory,EXP2_contrib_set vs PHY_contrib,level2,multi_label,03-02,3,1,20,2,0.047619047619047616,0.3333333333333333,0.08333333333333333,0.06421714664018499
Evaluation 3: EXP2 vs EXP1 vs PHY,contributory,EXP2_contrib_set vs PHY_contrib,level2,multi_label,03-03,1,0,20,1,0.0,0.0,,-0.007466865783088737
Evaluation 3: EXP2 vs EXP1 vs PHY,contributory,EXP2_contrib_set vs PHY_contrib,level2,multi_label,03-04,13,7,24,6,0.22580645161290322,0.5384615384615384,0.3181818181818182,0.2658541230241861
Evaluation 3: EXP2 vs EXP1 vs PHY,contributory,EXP2_contrib_set vs PHY_contrib,level2,multi_label,03-05,38,24,27,14,0.47058823529411764,0.631578947368421,0.5393258426966293,0.44533347370637477
Evaluation 3: EXP2 vs EXP1 vs PHY,contributory,EXP2_contrib_set vs PHY_contrib,level2,multi_label,03-06,2,1,5,1,0.16666666666666666,0.5,0.25,0.2411417322834639
Evaluation 3: EXP2 vs EXP1 vs PHY,contributory,EXP2_contrib_set vs PHY_contrib,level2,multi_label,03-07,2,0,14,2,0.0,0.0,,-0.013806706114398073
Evaluation 3: EXP2 vs EXP1 vs PHY,contributory,EXP2_contrib_set vs PHY_contrib,level2,multi_label,03-08,25,14,36,11,0.28,0.56,0.37333333333333335,0.27994038748137073
Evaluation 3: EXP2 vs EXP1 vs PHY,contributory,EXP2_contrib_set vs PHY_contrib,level2,multi_label,03-09,10,3,27,7,0.1,0.3,0.15,0.09731404958677708
Evaluation 3: EXP2 vs EXP1 vs PHY,contributory,EXP2_contrib_set vs PHY_contrib,level2,multi_label,03-99,0,0,9,0,0.0,,,0.0
Evaluation 3: EXP2 vs EXP1 vs PHY,contributory,EXP2_contrib_set vs PHY_contrib,level2,multi_label,04-00,1,0,0,1,,0.0,,0.0
Evaluation 3: EXP2 vs EXP1 vs PHY,contributory,EXP2_contrib_set vs PHY_contrib,level2,multi_label,04-01,1,0,1,1,0.0,0.0,,-0.003906249999992727
Evaluation 3: EXP2 vs EXP1 vs PHY,contributory,EXP2_contrib_set vs PHY_contrib,level2,multi_label,04-02,1,0,3,1,0.0,0.0,,-0.005870841487283326
Evaluation 3: EXP2 vs EXP1 vs PHY,contributory,EXP2_contrib_set vs PHY_contrib,level2,multi_label,04-05,1,0,0,1,,0.0,,0.0
Evaluation 3: EXP2 vs EXP1 vs PHY,contributory,EXP2_contrib_set vs PHY_contrib,level2,multi_label,04-99,0,0,2,0,0.0,,,0.0
Evaluation 3: EXP2 vs EXP1 vs PHY,contributory,EXP2_contrib_set vs PHY_contrib,level2,multi_label,05-00,0,0,1,0,0.0,,,0.0
Evaluation 3: EXP2 vs EXP1 vs PHY,contributory,EXP2_contrib_set vs PHY_contrib,level2,multi_label,05-03,4,0,0,4,,0.0,,0.0
Evaluation 3: EXP2 vs EXP1 vs PHY,contributory,EXP2_contrib_set vs PHY_contrib,level2,multi_label,05-04,1,0,0,1,,0.0,,0.0
Evaluation 3: EXP2 vs EXP1 vs PHY,contributory,EXP2_contrib_set vs PHY_contrib,level2,multi_label,05-05,3,0,0,3,,0.0,,0.0
Evaluation 3: EXP2 vs EXP1 vs PHY,contributory,EXP2_contrib_set vs PHY_contrib,level2,multi_label,BLANK,0,0,26,0,0.0,,,0.0
Evaluation 3: EXP2 vs EXP1 vs PHY,contributory,EXP2_contrib_set vs PHY_contrib,level1,multi_label,00,0,0,4,0,0.0,,,0.0
Evaluation 3: EXP2 vs EXP1 vs PHY,contributory,EXP2_contrib_set vs PHY_contrib,level1,multi_label,01,42,29,74,13,0.2815533980582524,0.6904761904761905,0.39999999999999997,0.21857197777234127
Evaluation 3: EXP2 vs EXP1 vs PHY,contributory,EXP2_contrib_set vs PHY_contrib,level1,multi_label,02,1,0,0,1,,0.0,,0.0
Evaluation 3: EXP2 vs EXP1 vs PHY,contributory,EXP2_contrib_set vs PHY_contrib,level1,multi_label,03,202,175,32,27,0.8454106280193237,0.8663366336633663,0.8557457212713936,0.2942518035838958
Evaluation 3: EXP2 vs EXP1 vs PHY,contributory,EXP2_contrib_set vs PHY_contrib,level1,multi_label,04,4,0,6,4,0.0,0.0,,-0.019032513877874233
Evaluation 3: EXP2 vs EXP1 vs PHY,contributory,EXP2_contrib_set vs PHY_contrib,level1,multi_label,05,8,0,1,8,0.0,0.0,,-0.0069656073138875075
Evaluation 3: EXP2 vs EXP1 vs PHY,contributory,EXP2_contrib_set vs PHY_contrib,level1,multi_label,BLANK,0,0,26,0,0.0,,,0.0
Evaluation 3: EXP2 vs EXP1 vs PHY,direct,EXP1_direct vs PHY_direct,full,single_label,00-02-00,0,0,3,0,0.0,,,
Evaluation 3: EXP2 vs EXP1 vs PHY,direct,EXP1_direct vs PHY_direct,full,single_label,00-03-00,0,0,1,0,0.0,,,
Evaluation 3: EXP2 vs EXP1 vs PHY,direct,EXP1_direct vs PHY_direct,full,single_label,00-04-00,0,0,1,0,0.0,,,
Evaluation 3: EXP2 vs EXP1 vs PHY,direct,EXP1_direct vs PHY_direct,full,single_label,01-00-00,14,0,0,14,,0.0,,
Evaluation 3: EXP2 vs EXP1 vs PHY,direct,EXP1_direct vs PHY_direct,full,single_label,01-01-00,13,1,3,12,0.25,0.07692307692307693,0.11764705882352941,
Evaluation 3: EXP2 vs EXP1 vs PHY,direct,EXP1_direct vs PHY_direct,full,single_label,01-01-01,12,7,5,5,0.5833333333333334,0.5833333333333334,0.5833333333333334,
Evaluation 3: EXP2 vs EXP1 vs PHY,direct,EXP1_direct vs PHY_direct,full,single_label,01-01-02,11,7,6,4,0.5384615384615384,0.6363636363636364,0.5833333333333334,
Evaluation 3: EXP2 vs EXP1 vs PHY,direct,EXP1_direct vs PHY_direct,full,single_label,01-01-04,25,9,12,16,0.42857142857142855,0.36,0.391304347826087,
Evaluation 3: EXP2 vs EXP1 vs PHY,direct,EXP1_direct vs PHY_direct,full,single_label,01-01-05,9,4,6,5,0.4,0.4444444444444444,0.4210526315789474,
Evaluation 3: EXP2 vs EXP1 vs PHY,direct,EXP1_direct vs PHY_direct,full,single_label,01-01-06,28,6,6,22,0.5,0.21428571428571427,0.3,
Evaluation 3: EXP2 vs EXP1 vs PHY,direct,EXP1_direct vs PHY_direct,full,single_label,01-01-99,0,0,2,0,0.0,,,
Evaluation 3: EXP2 vs EXP1 vs PHY,direct,EXP1_direct vs PHY_direct,full,single_label,01-03-00,3,0,2,3,0.0,0.0,,
Evaluation 3: EXP2 vs EXP1 vs PHY,direct,EXP1_direct vs PHY_direct,full,single_label,01-04-00,3,0,0,3,,0.0,,
Evaluation 3: EXP2 vs EXP1 vs PHY,direct,EXP1_direct vs PHY_direct,full,single_label,01-04-01,28,7,2,21,0.7777777777777778,0.25,0.3783783783783784,
Evaluation 3: EXP2 vs EXP1 vs PHY,direct,EXP1_direct vs PHY_direct,full,single_label,01-04-02,2,1,22,1,0.043478260869565216,0.5,0.08,
Evaluation 3: EXP2 vs EXP1 vs PHY,direct,EXP1_direct vs PHY_direct,full,single_label,01-04-03,6,2,0,4,1.0,0.3333333333333333,0.5,
Evaluation 3: EXP2 vs EXP1 vs PHY,direct,EXP1_direct vs PHY_direct,full,single_label,01-05-00,2,2,10,0,0.16666666666666666,1.0,0.2857142857142857,
Evaluation 3: EXP2 vs EXP1 vs PHY,direct,EXP1_direct vs PHY_direct,full,single_label,02-03-00,2,2,2,0,0.5,1.0,0.6666666666666666,
Evaluation 3: EXP2 vs EXP1 vs PHY,direct,EXP1_direct vs PHY_direct,full,single_label,02-05-00,2,0,0,2,,0.0,,
Evaluation 3: EXP2 vs EXP1 vs PHY,direct,EXP1_direct vs PHY_direct,full,single_label,03-00-00,3,0,0,3,,0.0,,
Evaluation 3: EXP2 vs EXP1 vs PHY,direct,EXP1_direct vs PHY_direct,full,single_label,03-01-00,4,0,0,4,,0.0,,
Evaluation 3: EXP2 vs EXP1 vs PHY,direct,EXP1_direct vs PHY_direct,full,single_label,03-01-01,1,0,4,1,0.0,0.0,,
Evaluation 3: EXP2 vs EXP1 vs PHY,direct,EXP1_direct vs PHY_direct,full,single_label,03-01-02,33,19,3,14,0.8636363636363636,0.5757575757575758,0.6909090909090909,
Evaluation 3: EXP2 vs EXP1 vs PHY,direct,EXP1_direct vs PHY_direct,full,single_label,03-01-03,4,3,4,1,0.42857142857142855,0.75,0.5454545454545454,
Evaluation 3: EXP2 vs EXP1 vs PHY,direct,EXP1_direct vs PHY_direct,full,single_label,03-01-04,42,26,9,16,0.7428571428571429,0.6190476190476191,0.6753246753246753,
Evaluation 3: EXP2 vs EXP1 vs PHY,direct,EXP1_direct vs PHY_direct,full,single_label,03-01-99,0,0,3,0,0.0,,,
Evaluation 3: EXP2 vs EXP1 vs PHY,direct,EXP1_direct vs PHY_direct,full,single_label,03-02-00,0,0,34,0,0.0,,,
Evaluation 3: EXP2 vs EXP1 vs PHY,direct,EXP1_direct vs PHY_direct,full,single_label,03-02-01,0,0,1,0,0.0,,,
Evaluation 3: EXP2 vs EXP1 vs PHY,direct,EXP1_direct vs PHY_direct,full,single_label,03-02-02,1,1,2,0,0.3333333333333333,1.0,0.5,
Evaluation 3: EXP2 vs EXP1 vs PHY,direct,EXP1_direct vs PHY_direct,full,single_label,03-03-00,14,0,1,14,0.0,0.0,,
Evaluation 3: EXP2 vs EXP1 vs PHY,direct,EXP1_direct vs PHY_direct,full,single_label,03-03-01,1,0,1,1,0.0,0.0,,
Evaluation 3: EXP2 vs EXP1 vs PHY,direct,EXP1_direct vs PHY_direct,full,single_label,03-03-02,3,1,6,2,0.14285714285714285,0.3333333333333333,0.2,
Evaluation 3: EXP2 vs EXP1 vs PHY,direct,EXP1_direct vs PHY_direct,full,single_label,03-03-03,3,2,12,1,0.14285714285714285,0.6666666666666666,0.23529411764705882,
Evaluation 3: EXP2 vs EXP1 vs PHY,direct,EXP1_direct vs PHY_direct,full,single_label,03-03-99,0,0,1,0,0.0,,,
Evaluation 3: EXP2 vs EXP1 vs PHY,direct,EXP1_direct vs PHY_direct,full,single_label,03-04-00,2,0,1,2,0.0,0.0,,
Evaluation 3: EXP2 vs EXP1 vs PHY,direct,EXP1_direct vs PHY_direct,full,single_label,03-04-01,1,1,0,0,1.0,1.0,1.0,
Evaluation 3: EXP2 vs EXP1 vs PHY,direct,EXP1_direct vs PHY_direct,full,single_label,03-04-02,1,1,6,0,0.14285714285714285,1.0,0.25,
Evaluation 3: EXP2 vs EXP1 vs PHY,direct,EXP1_direct vs PHY_direct,full,single_label,03-04-99,0,0,2,0,0.0,,,
Evaluation 3: EXP2 vs EXP1 vs PHY,direct,EXP1_direct vs PHY_direct,full,single_label,03-05-00,1,0,0,1,,0.0,,
Evaluation 3: EXP2 vs EXP1 vs PHY,direct,EXP1_direct vs PHY_direct,full,single_label,03-05-01,1,0,6,1,0.0,0.0,,
Evaluation 3: EXP2 vs EXP1 vs PHY,direct,EXP1_direct vs PHY_direct,full,single_label,03-06-00,7,0,0,7,,0.0,,
Evaluation 3: EXP2 vs EXP1 vs PHY,direct,EXP1_direct vs PHY_direct,full,single_label,03-06-02,1,0,0,1,,0.0,,
Evaluation 3: EXP2 vs EXP1 vs PHY,direct,EXP1_direct vs PHY_direct,full,single_label,03-06-03,1,0,0,1,,0.0,,
Evaluation 3: EXP2 vs EXP1 vs PHY,direct,EXP1_direct vs PHY_direct,full,single_label,03-06-04,2,0,0,2,,0.0,,
Evaluation 3: EXP2 vs EXP1 vs PHY,direct,EXP1_direct vs PHY_direct,full,single_label,03-06-99,0,0,3,0,0.0,,,
Evaluation 3: EXP2 vs EXP1 vs PHY,direct,EXP1_direct vs PHY_direct,full,single_label,03-07-01,1,1,2,0,0.3333333333333333,1.0,0.5,
Evaluation 3: EXP2 vs EXP1 vs PHY,direct,EXP1_direct vs PHY_direct,full,single_label,03-07-99,0,0,1,0,0.0,,,
Evaluation 3: EXP2 vs EXP1 vs PHY,direct,EXP1_direct vs PHY_direct,full,single_label,03-08-00,8,5,4,3,0.5555555555555556,0.625,0.5882352941176471,
Evaluation 3: EXP2 vs EXP1 vs PHY,direct,EXP1_direct vs PHY_direct,full,single_label,03-08-01,3,0,2,3,0.0,0.0,,
Evaluation 3: EXP2 vs EXP1 vs PHY,direct,EXP1_direct vs PHY_direct,full,single_label,03-09-01,0,0,3,0,0.0,,,
Evaluation 3: EXP2 vs EXP1 vs PHY,direct,EXP1_direct vs PHY_direct,full,single_label,04-00-00,2,0,0,2,,0.0,,
Evaluation 3: EXP2 vs EXP1 vs PHY,direct,EXP1_direct vs PHY_direct,full,single_label,04-01-00,2,1,1,1,0.5,0.5,0.5,
Evaluation 3: EXP2 vs EXP1 vs PHY,direct,EXP1_direct vs PHY_direct,full,single_label,04-02-00,1,0,1,1,0.0,0.0,,
Evaluation 3: EXP2 vs EXP1 vs PHY,direct,EXP1_direct vs PHY_direct,full,single_label,04-03-00,3,2,0,1,1.0,0.6666666666666666,0.8,
Evaluation 3: EXP2 vs EXP1 vs PHY,direct,EXP1_direct vs PHY_direct,full,single_label,04-05-00,4,1,0,3,1.0,0.25,0.4,
Evaluation 3: EXP2 vs EXP1 vs PHY,direct,EXP1_direct vs PHY_direct,full,single_label,04-06-00,1,1,2,0,0.3333333333333333,1.0,0.5,
Evaluation 3: EXP2 vs EXP1 vs PHY,direct,EXP1_direct vs PHY_direct,full,single_label,04-08-00,1,0,0,1,,0.0,,
Evaluation 3: EXP2 vs EXP1 vs PHY,direct,EXP1_direct vs PHY_direct,full,single_label,04-09-00,0,0,2,0,0.0,,,
Evaluation 3: EXP2 vs EXP1 vs PHY,direct,EXP1_direct vs PHY_direct,full,single_label,04-99-00,0,0,2,0,0.0,,,
Evaluation 3: EXP2 vs EXP1 vs PHY,direct,EXP1_direct vs PHY_direct,full,single_label,05-03-00,1,0,2,1,0.0,0.0,,
Evaluation 3: EXP2 vs EXP1 vs PHY,direct,EXP1_direct vs PHY_direct,full,single_label,05-05-00,1,1,5,0,0.16666666666666666,1.0,0.2857142857142857,
Evaluation 3: EXP2 vs EXP1 vs PHY,direct,EXP1_direct vs PHY_direct,full,single_label,05-06-00,16,7,0,9,1.0,0.4375,0.6086956521739131,
Evaluation 3: EXP2 vs EXP1 vs PHY,direct,EXP1_direct vs PHY_direct,level2,single_label,00-02,0,0,3,0,0.0,,,
Evaluation 3: EXP2 vs EXP1 vs PHY,direct,EXP1_direct vs PHY_direct,level2,single_label,00-03,0,0,1,0,0.0,,,
Evaluation 3: EXP2 vs EXP1 vs PHY,direct,EXP1_direct vs PHY_direct,level2,single_label,00-04,0,0,1,0,0.0,,,
Evaluation 3: EXP2 vs EXP1 vs PHY,direct,EXP1_direct vs PHY_direct,level2,single_label,01-00,14,0,0,14,,0.0,,
Evaluation 3: EXP2 vs EXP1 vs PHY,direct,EXP1_direct vs PHY_direct,level2,single_label,01-01,98,54,20,44,0.7297297297297297,0.5510204081632653,0.6279069767441859,
Evaluation 3: EXP2 vs EXP1 vs PHY,direct,EXP1_direct vs PHY_direct,level2,single_label,01-03,3,0,2,3,0.0,0.0,,
Evaluation 3: EXP2 vs EXP1 vs PHY,direct,EXP1_direct vs PHY_direct,level2,single_label,01-04,39,19,15,20,0.5588235294117647,0.48717948717948717,0.5205479452054794,
Evaluation 3: EXP2 vs EXP1 vs PHY,direct,EXP1_direct vs PHY_direct,level2,single_label,01-05,2,2,10,0,0.16666666666666666,1.0,0.2857142857142857,
Evaluation 3: EXP2 vs EXP1 vs PHY,direct,EXP1_direct vs PHY_direct,level2,single_label,02-03,2,2,2,0,0.5,1.0,0.6666666666666666,
Evaluation 3: EXP2 vs EXP1 vs PHY,direct,EXP1_direct vs PHY_direct,level2,single_label,02-05,2,0,0,2,,0.0,,
Evaluation 3: EXP2 vs EXP1 vs PHY,direct,EXP1_direct vs PHY_direct,level2,single_label,03-00,3,0,0,3,,0.0,,
Evaluation 3: EXP2 vs EXP1 vs PHY,direct,EXP1_direct vs PHY_direct,level2,single_label,03-01,84,62,9,22,0.8732394366197183,0.7380952380952381,0.8,
Evaluation 3: EXP2 vs EXP1 vs PHY,direct,EXP1_direct vs PHY_direct,level2,single_label,03-02,1,1,37,0,0.02631578947368421,1.0,0.05128205128205127,
Evaluation 3: EXP2 vs EXP1 vs PHY,direct,EXP1_direct vs PHY_direct,level2,single_label,03-03,21,17,7,4,0.7083333333333334,0.8095238095238095,0.7555555555555556,
Evaluation 3: EXP2 vs EXP1 vs PHY,direct,EXP1_direct vs PHY_direct,level2,single_label,03-04,4,2,9,2,0.18181818181818182,0.5,0.26666666666666666,
Evaluation 3: EXP2 vs EXP1 vs PHY,direct,EXP1_direct vs PHY_direct,level2,single_label,03-05,2,1,5,1,0.16666666666666666,0.5,0.25,
Evaluation 3: EXP2 vs EXP1 vs PHY,direct,EXP1_direct vs PHY_direct,level2,single_label,03-06,11,2,1,9,0.6666666666666666,0.18181818181818182,0.28571428571428575,
Evaluation 3: EXP2 vs EXP1 vs PHY,direct,EXP1_direct vs PHY_direct,level2,single_label,03-07,1,1,3,0,0.25,1.0,0.4,
Evaluation 3: EXP2 vs EXP1 vs PHY,direct,EXP1_direct vs PHY_direct,level2,single_label,03-08,11,6,5,5,0.5454545454545454,0.5454545454545454,0.5454545454545454,
Evaluation 3: EXP2 vs EXP1 vs PHY,direct,EXP1_direct vs PHY_direct,level2,single_label,03-09,0,0,3,0,0.0,,,
Evaluation 3: EXP2 vs EXP1 vs PHY,direct,EXP1_direct vs PHY_direct,level2,single_label,04-00,2,0,0,2,,0.0,,
Evaluation 3: EXP2 vs EXP1 vs PHY,direct,EXP1_direct vs PHY_direct,level2,single_label,04-01,2,1,1,1,0.5,0.5,0.5,
Evaluation 3: EXP2 vs EXP1 vs PHY,direct,EXP1_direct vs PHY_direct,level2,single_label,04-02,1,0,1,1,0.0,0.0,,
Evaluation 3: EXP2 vs EXP1 vs PHY,direct,EXP1_direct vs PHY_direct,level2,single_label,04-03,3,2,0,1,1.0,0.6666666666666666,0.8,
Evaluation 3: EXP2 vs EXP1 vs PHY,direct,EXP1_direct vs PHY_direct,level2,single_label,04-05,4,1,0,3,1.0,0.25,0.4,
Evaluation 3: EXP2 vs EXP1 vs PHY,direct,EXP1_direct vs PHY_direct,level2,single_label,04-06,1,1,2,0,0.3333333333333333,1.0,0.5,
Evaluation 3: EXP2 vs EXP1 vs PHY,direct,EXP1_direct vs PHY_direct,level2,single_label,04-08,1,0,0,1,,0.0,,
Evaluation 3: EXP2 vs EXP1 vs PHY,direct,EXP1_direct vs PHY_direct,level2,single_label,04-09,0,0,2,0,0.0,,,
Evaluation 3: EXP2 vs EXP1 vs PHY,direct,EXP1_direct vs PHY_direct,level2,single_label,04-99,0,0,2,0,0.0,,,
Evaluation 3: EXP2 vs EXP1 vs PHY,direct,EXP1_direct vs PHY_direct,level2,single_label,05-03,1,0,2,1,0.0,0.0,,
Evaluation 3: EXP2 vs EXP1 vs PHY,direct,EXP1_direct vs PHY_direct,level2,single_label,05-05,1,1,5,0,0.16666666666666666,1.0,0.2857142857142857,
Evaluation 3: EXP2 vs EXP1 vs PHY,direct,EXP1_direct vs PHY_direct,level2,single_label,05-06,16,7,0,9,1.0,0.4375,0.6086956521739131,
Evaluation 3: EXP2 vs EXP1 vs PHY,direct,EXP1_direct vs PHY_direct,level1,single_label,00,0,0,5,0,0.0,,,
Evaluation 3: EXP2 vs EXP1 vs PHY,direct,EXP1_direct vs PHY_direct,level1,single_label,01,156,101,21,55,0.8278688524590164,0.6474358974358975,0.7266187050359713,
Evaluation 3: EXP2 vs EXP1 vs PHY,direct,EXP1_direct vs PHY_direct,level1,single_label,02,4,2,2,2,0.5,0.5,0.5,
Evaluation 3: EXP2 vs EXP1 vs PHY,direct,EXP1_direct vs PHY_direct,level1,single_label,03,138,117,54,21,0.6842105263157895,0.8478260869565217,0.7572815533980581,
Evaluation 3: EXP2 vs EXP1 vs PHY,direct,EXP1_direct vs PHY_direct,level1,single_label,04,14,8,5,6,0.6153846153846154,0.5714285714285714,0.5925925925925927,
Evaluation 3: EXP2 vs EXP1 vs PHY,direct,EXP1_direct vs PHY_direct,level1,single_label,05,18,15,0,3,1.0,0.8333333333333334,0.9090909090909091,
Evaluation 3: EXP2 vs EXP1 vs PHY,underlying,EXP1_underlying vs PHY_underlying,full,single_label,00-02-00,0,0,12,0,0.0,,,
Evaluation 3: EXP2 vs EXP1 vs PHY,underlying,EXP1_underlying vs PHY_underlying,full,single_label,00-03-00,0,0,14,0,0.0,,,
Evaluation 3: EXP2 vs EXP1 vs PHY,underlying,EXP1_underlying vs PHY_underlying,full,single_label,00-04-00,0,0,1,0,0.0,,,
Evaluation 3: EXP2 vs EXP1 vs PHY,underlying,EXP1_underlying vs PHY_underlying,full,single_label,01-00-00,30,0,0,30,,0.0,,
Evaluation 3: EXP2 vs EXP1 vs PHY,underlying,EXP1_underlying vs PHY_underlying,full,single_label,01-01-00,214,19,42,195,0.3114754098360656,0.08878504672897196,0.13818181818181816,
Evaluation 3: EXP2 vs EXP1 vs PHY,underlying,EXP1_underlying vs PHY_underlying,full,single_label,01-01-01,206,158,228,48,0.40932642487046633,0.7669902912621359,0.5337837837837838,
Evaluation 3: EXP2 vs EXP1 vs PHY,underlying,EXP1_underlying vs PHY_underlying,full,single_label,01-01-02,57,39,35,18,0.527027027027027,0.6842105263157895,0.5954198473282442,
Evaluation 3: EXP2 vs EXP1 vs PHY,underlying,EXP1_underlying vs PHY_underlying,full,single_label,01-01-03,0,0,3,0,0.0,,,
Evaluation 3: EXP2 vs EXP1 vs PHY,underlying,EXP1_underlying vs PHY_underlying,full,single_label,01-01-04,209,137,90,72,0.6035242290748899,0.6555023923444976,0.6284403669724771,
Evaluation 3: EXP2 vs EXP1 vs PHY,underlying,EXP1_underlying vs PHY_underlying,full,single_label,01-01-05,70,22,44,48,0.3333333333333333,0.3142857142857143,0.3235294117647059,
Evaluation 3: EXP2 vs EXP1 vs PHY,underlying,EXP1_underlying vs PHY_underlying,full,single_label,01-01-06,15,1,19,14,0.05,0.06666666666666667,0.05714285714285715,
Evaluation 3: EXP2 vs EXP1 vs PHY,underlying,EXP1_underlying vs PHY_underlying,full,single_label,01-01-99,0,0,33,0,0.0,,,
Evaluation 3: EXP2 vs EXP1 vs PHY,underlying,EXP1_underlying vs PHY_underlying,full,single_label,01-03-00,16,5,8,11,0.38461538461538464,0.3125,0.3448275862068966,
Evaluation 3: EXP2 vs EXP1 vs PHY,underlying,EXP1_underlying vs PHY_underlying,full,single_label,01-04-00,41,1,1,40,0.5,0.024390243902439025,0.046511627906976744,
Evaluation 3: EXP2 vs EXP1 vs PHY,underlying,EXP1_underlying vs PHY_underlying,full,single_label,01-04-01,40,29,98,11,0.2283464566929134,0.725,0.34730538922155685,
Evaluation 3: EXP2 vs EXP1 vs PHY,underlying,EXP1_underlying vs PHY_underlying,full,single_label,01-04-02,801,565,43,236,0.9292763157894737,0.7053682896379525,0.8019872249822568,
Evaluation 3: EXP2 vs EXP1 vs PHY,underlying,EXP1_underlying vs PHY_underlying,full,single_label,01-04-03,27,9,9,18,0.5,0.3333333333333333,0.4,
Evaluation 3: EXP2 vs EXP1 vs PHY,underlying,EXP1_underlying vs PHY_underlying,full,single_label,01-05-00,52,39,74,13,0.34513274336283184,0.75,0.47272727272727283,
Evaluation 3: EXP2 vs EXP1 vs PHY,underlying,EXP1_underlying vs PHY_underlying,full,single_label,01-07-00,3,3,0,0,1.0,1.0,1.0,
Evaluation 3: EXP2 vs EXP1 vs PHY,underlying,EXP1_underlying vs PHY_underlying,full,single_label,01-99-00,0,0,26,0,0.0,,,
Evaluation 3: EXP2 vs EXP1 vs PHY,underlying,EXP1_underlying vs PHY_underlying,full,single_label,02-00-00,9,0,0,9,,0.0,,
Evaluation 3: EXP2 vs EXP1 vs PHY,underlying,EXP1_underlying vs PHY_underlying,full,single_label,02-01-00,6,4,1,2,0.8,0.6666666666666666,0.7272727272727272,
Evaluation 3: EXP2 vs EXP1 vs PHY,underlying,EXP1_underlying vs PHY_underlying,full,single_label,02-02-00,5,4,1,1,0.8,0.8,0.8000000000000002,
Evaluation 3: EXP2 vs EXP1 vs PHY,underlying,EXP1_underlying vs PHY_underlying,full,single_label,02-03-00,17,12,1,5,0.9230769230769231,0.7058823529411765,0.8000000000000002,
Evaluation 3: EXP2 vs EXP1 vs PHY,underlying,EXP1_underlying vs PHY_underlying,full,single_label,02-04-00,11,10,60,1,0.14285714285714285,0.9090909090909091,0.24691358024691357,
Evaluation 3: EXP2 vs EXP1 vs PHY,underlying,EXP1_underlying vs PHY_underlying,full,single_label,02-05-00,6,4,3,2,0.5714285714285714,0.6666666666666666,0.6153846153846153,
Evaluation 3: EXP2 vs EXP1 vs PHY,underlying,EXP1_underlying vs PHY_underlying,full,single_label,02-06-00,1,0,2,1,0.0,0.0,,
Evaluation 3: EXP2 vs EXP1 vs PHY,underlying,EXP1_underlying vs PHY_underlying,full,single_label,02-99-00,0,0,7,0,0.0,,,
Evaluation 3: EXP2 vs EXP1 vs PHY,underlying,EXP1_underlying vs PHY_underlying,full,single_label,03-00-00,47,0,0,47,,0.0,,
Evaluation 3: EXP2 vs EXP1 vs PHY,underlying,EXP1_underlying vs PHY_underlying,full,single_label,03-01-00,29,3,1,26,0.75,0.10344827586206896,0.18181818181818182,
Evaluation 3: EXP2 vs EXP1 vs PHY,underlying,EXP1_underlying vs PHY_underlying,full,single_label,03-01-01,124,65,121,59,0.34946236559139787,0.5241935483870968,0.41935483870967744,
Evaluation 3: EXP2 vs EXP1 vs PHY,underlying,EXP1_underlying vs PHY_underlying,full,single_label,03-01-02,145,54,23,91,0.7012987012987013,0.3724137931034483,0.4864864864864865,
Evaluation 3: EXP2 vs EXP1 vs PHY,underlying,EXP1_underlying vs PHY_underlying,full,single_label,03-01-03,16,6,33,10,0.15384615384615385,0.375,0.2181818181818182,
Evaluation 3: EXP2 vs EXP1 vs PHY,underlying,EXP1_underlying vs PHY_underlying,full,single_label,03-01-04,139,70,70,69,0.5,0.5035971223021583,0.5017921146953405,
Evaluation 3: EXP2 vs EXP1 vs PHY,underlying,EXP1_underlying vs PHY_underlying,full,single_label,03-01-99,0,0,33,0,0.0,,,
Evaluation 3: EXP2 vs EXP1 vs PHY,underlying,EXP1_underlying vs PHY_underlying,full,single_label,03-02-00,11,0,3,11,0.0,0.0,,
Evaluation 3: EXP2 vs EXP1 vs PHY,underlying,EXP1_underlying vs PHY_underlying,full,single_label,03-02-01,2,1,9,1,0.1,0.5,0.16666666666666669,
Evaluation 3: EXP2 vs EXP1 vs PHY,underlying,EXP1_underlying vs PHY_underlying,full,single_label,03-02-02,38,35,14,3,0.7142857142857143,0.9210526315789473,0.8045977011494253,
Evaluation 3: EXP2 vs EXP1 vs PHY,underlying,EXP1_underlying vs PHY_underlying,full,single_label,03-02-99,0,0,2,0,0.0,,,
Evaluation 3: EXP2 vs EXP1 vs PHY,underlying,EXP1_underlying vs PHY_underlying,full,single_label,03-03-00,101,2,5,99,0.2857142857142857,0.019801980198019802,0.037037037037037035,
Evaluation 3: EXP2 vs EXP1 vs PHY,underlying,EXP1_underlying vs PHY_underlying,full,single_label,03-03-01,9,3,31,6,0.08823529411764706,0.3333333333333333,0.13953488372093023,
Evaluation 3: EXP2 vs EXP1 vs PHY,underlying,EXP1_underlying vs PHY_underlying,full,single_label,03-03-02,52,41,58,11,0.41414141414141414,0.7884615384615384,0.5430463576158939,
Evaluation 3: EXP2 vs EXP1 vs PHY,underlying,EXP1_underlying vs PHY_underlying,full,single_label,03-03-03,47,28,23,19,0.5490196078431373,0.5957446808510638,0.5714285714285715,
Evaluation 3: EXP2 vs EXP1 vs PHY,underlying,EXP1_underlying vs PHY_underlying,full,single_label,03-03-99,0,0,10,0,0.0,,,
Evaluation 3: EXP2 vs EXP1 vs PHY,underlying,EXP1_underlying vs PHY_underlying,full,single_label,03-04-00,34,0,1,34,0.0,0.0,,
Evaluation 3: EXP2 vs EXP1 vs PHY,underlying,EXP1_underlying vs PHY_underlying,full,single_label,03-04-01,10,5,4,5,0.5555555555555556,0.5,0.5263157894736842,
Evaluation 3: EXP2 vs EXP1 vs PHY,underlying,EXP1_underlying vs PHY_underlying,full,single_label,03-04-02,33,27,16,6,0.627906976744186,0.8181818181818182,0.7105263157894738,
Evaluation 3: EXP2 vs EXP1 vs PHY,underlying,EXP1_underlying vs PHY_underlying,full,single_label,03-04-99,0,0,16,0,0.0,,,
Evaluation 3: EXP2 vs EXP1 vs PHY,underlying,EXP1_underlying vs PHY_underlying,full,single_label,03-05-00,1,0,0,1,,0.0,,
Evaluation 3: EXP2 vs EXP1 vs PHY,underlying,EXP1_underlying vs PHY_underlying,full,single_label,03-05-01,72,50,6,22,0.8928571428571429,0.6944444444444444,0.78125,
Evaluation 3: EXP2 vs EXP1 vs PHY,underlying,EXP1_underlying vs PHY_underlying,full,single_label,03-05-99,0,0,1,0,0.0,,,
Evaluation 3: EXP2 vs EXP1 vs PHY,underlying,EXP1_underlying vs PHY_underlying,full,single_label,03-06-00,62,5,3,57,0.625,0.08064516129032258,0.14285714285714285,
Evaluation 3: EXP2 vs EXP1 vs PHY,underlying,EXP1_underlying vs PHY_underlying,full,single_label,03-06-01,11,11,2,0,0.8461538461538461,1.0,0.9166666666666666,
Evaluation 3: EXP2 vs EXP1 vs PHY,underlying,EXP1_underlying vs PHY_underlying,full,single_label,03-06-02,63,56,5,7,0.9180327868852459,0.8888888888888888,0.9032258064516128,
Evaluation 3: EXP2 vs EXP1 vs PHY,underlying,EXP1_underlying vs PHY_underlying,full,single_label,03-06-03,15,8,3,7,0.7272727272727273,0.5333333333333333,0.6153846153846153,
Evaluation 3: EXP2 vs EXP1 vs PHY,underlying,EXP1_underlying vs PHY_underlying,full,single_label,03-06-04,34,12,27,22,0.3076923076923077,0.35294117647058826,0.3287671232876712,
Evaluation 3: EXP2 vs EXP1 vs PHY,underlying,EXP1_underlying vs PHY_underlying,full,single_label,03-06-05,7,7,3,0,0.7,1.0,0.8235294117647058,
Evaluation 3: EXP2 vs EXP1 vs PHY,underlying,EXP1_underlying vs PHY_underlying,full,single_label,03-06-06,1,1,4,0,0.2,1.0,0.33333333333333337,
Evaluation 3: EXP2 vs EXP1 vs PHY,underlying,EXP1_underlying vs PHY_underlying,full,single_label,03-06-07,0,0,22,0,0.0,,,
Evaluation 3: EXP2 vs EXP1 vs PHY,underlying,EXP1_underlying vs PHY_underlying,full,single_label,03-06-99,0,0,55,0,0.0,,,
Evaluation 3: EXP2 vs EXP1 vs PHY,underlying,EXP1_underlying vs PHY_underlying,full,single_label,03-07-00,16,0,0,16,,0.0,,
Evaluation 3: EXP2 vs EXP1 vs PHY,underlying,EXP1_underlying vs PHY_underlying,full,single_label,03-07-01,16,4,26,12,0.13333333333333333,0.25,0.1739130434782609,
Evaluation 3: EXP2 vs EXP1 vs PHY,underlying,EXP1_underlying vs PHY_underlying,full,single_label,03-07-99,0,0,14,0,0.0,,,
Evaluation 3: EXP2 vs EXP1 vs PHY,underlying,EXP1_underlying vs PHY_underlying,full,single_label,03-08-00,37,7,17,30,0.2916666666666667,0.1891891891891892,0.22950819672131148,
Evaluation 3: EXP2 vs EXP1 vs PHY,underlying,EXP1_underlying vs PHY_underlying,full,single_label,03-08-01,11,0,0,11,,0.0,,
Evaluation 3: EXP2 vs EXP1 vs PHY,underlying,EXP1_underlying vs PHY_underlying,full,single_label,03-08-99,0,0,6,0,0.0,,,
Evaluation 3: EXP2 vs EXP1 vs PHY,underlying,EXP1_underlying vs PHY_underlying,full,single_label,03-09-00,3,0,0,3,,0.0,,
Evaluation 3: EXP2 vs EXP1 vs PHY,underlying,EXP1_underlying vs PHY_underlying,full,single_label,03-09-01,57,36,39,21,0.48,0.631578947368421,0.5454545454545454,
Evaluation 3: EXP2 vs EXP1 vs PHY,underlying,EXP1_underlying vs PHY_underlying,full,single_label,03-99-00,0,0,19,0,0.0,,,
Evaluation 3: EXP2 vs EXP1 vs PHY,underlying,EXP1_underlying vs PHY_underlying,full,single_label,04-00-00,31,0,1,31,0.0,0.0,,
Evaluation 3: EXP2 vs EXP1 vs PHY,underlying,EXP1_underlying vs PHY_underlying,full,single_label,04-01-00,69,67,4,2,0.9436619718309859,0.9710144927536232,0.9571428571428571,
Evaluation 3: EXP2 vs EXP1 vs PHY,underlying,EXP1_underlying vs PHY_underlying,full,single_label,04-02-00,20,14,7,6,0.6666666666666666,0.7,0.6829268292682926,
Evaluation 3: EXP2 vs EXP1 vs PHY,underlying,EXP1_underlying vs PHY_underlying,full,single_label,04-03-00,55,48,0,7,1.0,0.8727272727272727,0.9320388349514563,
Evaluation 3: EXP2 vs EXP1 vs PHY,underlying,EXP1_underlying vs PHY_underlying,full,single_label,04-04-00,5,2,1,3,0.6666666666666666,0.4,0.5,
Evaluation 3: EXP2 vs EXP1 vs PHY,underlying,EXP1_underlying vs PHY_underlying,full,single_label,04-05-00,54,28,8,26,0.7777777777777778,0.5185185185185185,0.6222222222222222,
Evaluation 3: EXP2 vs EXP1 vs PHY,underlying,EXP1_underlying vs PHY_underlying,full,single_label,04-06-00,14,13,8,1,0.6190476190476191,0.9285714285714286,0.742857142857143,
Evaluation 3: EXP2 vs EXP1 vs PHY,underlying,EXP1_underlying vs PHY_underlying,full,single_label,04-07-00,4,4,2,0,0.6666666666666666,1.0,0.8,
Evaluation 3: EXP2 vs EXP1 vs PHY,underlying,EXP1_underlying vs PHY_underlying,full,single_label,04-08-00,25,23,5,2,0.8214285714285714,0.92,0.8679245283018867,
Evaluation 3: EXP2 vs EXP1 vs PHY,underlying,EXP1_underlying vs PHY_underlying,full,single_label,04-09-00,1,1,10,0,0.09090909090909091,1.0,0.16666666666666669,
Evaluation 3: EXP2 vs EXP1 vs PHY,underlying,EXP1_underlying vs PHY_underlying,full,single_label,04-99-00,0,0,15,0,0.0,,,
Evaluation 3: EXP2 vs EXP1 vs PHY,underlying,EXP1_underlying vs PHY_underlying,full,single_label,05-00-00,24,2,7,22,0.2222222222222222,0.08333333333333333,0.12121212121212122,
Evaluation 3: EXP2 vs EXP1 vs PHY,underlying,EXP1_underlying vs PHY_underlying,full,single_label,05-03-00,145,122,22,23,0.8472222222222222,0.8413793103448276,0.8442906574394463,
Evaluation 3: EXP2 vs EXP1 vs PHY,underlying,EXP1_underlying vs PHY_underlying,full,single_label,05-04-00,28,14,6,14,0.7,0.5,0.5833333333333334,
Evaluation 3: EXP2 vs EXP1 vs PHY,underlying,EXP1_underlying vs PHY_underlying,full,single_label,05-05-00,206,119,13,87,0.9015151515151515,0.5776699029126213,0.7041420118343196,
Evaluation 3: EXP2 vs EXP1 vs PHY,underlying,EXP1_underlying vs PHY_underlying,full,single_label,05-06-00,101,68,30,33,0.6938775510204082,0.6732673267326733,0.6834170854271358,
Evaluation 3: EXP2 vs EXP1 vs PHY,underlying,EXP1_underlying vs PHY_underlying,full,single_label,05-08-00,5,4,12,1,0.25,0.8,0.38095238095238093,
Evaluation 3: EXP2 vs EXP1 vs PHY,underlying,EXP1_underlying vs PHY_underlying,full,single_label,05-09-00,0,0,1,0,0.0,,,
Evaluation 3: EXP2 vs EXP1 vs PHY,underlying,EXP1_underlying vs PHY_underlying,full,single_label,05-99-00,0,0,7,0,0.0,,,
Evaluation 3: EXP2 vs EXP1 vs PHY,underlying,EXP1_underlying vs PHY_underlying,level2,single_label,00-02,0,0,12,0,0.0,,,
Evaluation 3: EXP2 vs EXP1 vs PHY,underlying,EXP1_underlying vs PHY_underlying,level2,single_label,00-03,0,0,14,0,0.0,,,
Evaluation 3: EXP2 vs EXP1 vs PHY,underlying,EXP1_underlying vs PHY_underlying,level2,single_label,00-04,0,0,1,0,0.0,,,
Evaluation 3: EXP2 vs EXP1 vs PHY,underlying,EXP1_underlying vs PHY_underlying,level2,single_label,01-00,30,0,0,30,,0.0,,
Evaluation 3: EXP2 vs EXP1 vs PHY,underlying,EXP1_underlying vs PHY_underlying,level2,single_label,01-01,771,622,248,149,0.7149425287356321,0.8067444876783398,0.7580743449116393,
Evaluation 3: EXP2 vs EXP1 vs PHY,underlying,EXP1_underlying vs PHY_underlying,level2,single_label,01-03,16,5,8,11,0.38461538461538464,0.3125,0.3448275862068966,
Evaluation 3: EXP2 vs EXP1 vs PHY,underlying,EXP1_underlying vs PHY_underlying,level2,single_label,01-04,909,704,51,205,0.9324503311258279,0.7744774477447744,0.8461538461538461,
Evaluation 3: EXP2 vs EXP1 vs PHY,underlying,EXP1_underlying vs PHY_underlying,level2,single_label,01-05,52,39,74,13,0.34513274336283184,0.75,0.47272727272727283,
Evaluation 3: EXP2 vs EXP1 vs PHY,underlying,EXP1_underlying vs PHY_underlying,level2,single_label,01-07,3,3,0,0,1.0,1.0,1.0,
Evaluation 3: EXP2 vs EXP1 vs PHY,underlying,EXP1_underlying vs PHY_underlying,level2,single_label,01-99,0,0,26,0,0.0,,,
Evaluation 3: EXP2 vs EXP1 vs PHY,underlying,EXP1_underlying vs PHY_underlying,level2,single_label,02-00,9,0,0,9,,0.0,,
Evaluation 3: EXP2 vs EXP1 vs PHY,underlying,EXP1_underlying vs PHY_underlying,level2,single_label,02-01,6,4,1,2,0.8,0.6666666666666666,0.7272727272727272,
Evaluation 3: EXP2 vs EXP1 vs PHY,underlying,EXP1_underlying vs PHY_underlying,level2,single_label,02-02,5,4,1,1,0.8,0.8,0.8000000000000002,
Evaluation 3: EXP2 vs EXP1 vs PHY,underlying,EXP1_underlying vs PHY_underlying,level2,single_label,02-03,17,12,1,5,0.9230769230769231,0.7058823529411765,0.8000000000000002,
Evaluation 3: EXP2 vs EXP1 vs PHY,underlying,EXP1_underlying vs PHY_underlying,level2,single_label,02-04,11,10,60,1,0.14285714285714285,0.9090909090909091,0.24691358024691357,
Evaluation 3: EXP2 vs EXP1 vs PHY,underlying,EXP1_underlying vs PHY_underlying,level2,single_label,02-05,6,4,3,2,0.5714285714285714,0.6666666666666666,0.6153846153846153,
Evaluation 3: EXP2 vs EXP1 vs PHY,underlying,EXP1_underlying vs PHY_underlying,level2,single_label,02-06,1,0,2,1,0.0,0.0,,
Evaluation 3: EXP2 vs EXP1 vs PHY,underlying,EXP1_underlying vs PHY_underlying,level2,single_label,02-99,0,0,7,0,0.0,,,
Evaluation 3: EXP2 vs EXP1 vs PHY,underlying,EXP1_underlying vs PHY_underlying,level2,single_label,03-00,47,0,0,47,,0.0,,
Evaluation 3: EXP2 vs EXP1 vs PHY,underlying,EXP1_underlying vs PHY_underlying,level2,single_label,03-01,453,372,107,81,0.7766179540709812,0.8211920529801324,0.798283261802575,
Evaluation 3: EXP2 vs EXP1 vs PHY,underlying,EXP1_underlying vs PHY_underlying,level2,single_label,03-02,51,39,25,12,0.609375,0.7647058823529411,0.6782608695652174,
Evaluation 3: EXP2 vs EXP1 vs PHY,underlying,EXP1_underlying vs PHY_underlying,level2,single_label,03-03,209,132,69,77,0.6567164179104478,0.631578947368421,0.6439024390243903,
Evaluation 3: EXP2 vs EXP1 vs PHY,underlying,EXP1_underlying vs PHY_underlying,level2,single_label,03-04,77,43,26,34,0.6231884057971014,0.5584415584415584,0.589041095890411,
Evaluation 3: EXP2 vs EXP1 vs PHY,underlying,EXP1_underlying vs PHY_underlying,level2,single_label,03-05,73,50,7,23,0.8771929824561403,0.684931506849315,0.7692307692307693,
Evaluation 3: EXP2 vs EXP1 vs PHY,underlying,EXP1_underlying vs PHY_underlying,level2,single_label,03-06,193,166,58,27,0.7410714285714286,0.8601036269430051,0.7961630695443646,
Evaluation 3: EXP2 vs EXP1 vs PHY,underlying,EXP1_underlying vs PHY_underlying,level2,single_label,03-07,32,17,27,15,0.38636363636363635,0.53125,0.4473684210526316,
Evaluation 3: EXP2 vs EXP1 vs PHY,underlying,EXP1_underlying vs PHY_underlying,level2,single_label,03-08,48,11,19,37,0.36666666666666664,0.22916666666666666,0.28205128205128205,
Evaluation 3: EXP2 vs EXP1 vs PHY,underlying,EXP1_underlying vs PHY_underlying,level2,single_label,03-09,60,37,38,23,0.49333333333333335,0.6166666666666667,0.5481481481481482,
Evaluation 3: EXP2 vs EXP1 vs PHY,underlying,EXP1_underlying vs PHY_underlying,level2,single_label,03-99,0,0,19,0,0.0,,,
Evaluation 3: EXP2 vs EXP1 vs PHY,underlying,EXP1_underlying vs PHY_underlying,level2,single_label,04-00,31,0,1,31,0.0,0.0,,
Evaluation 3: EXP2 vs EXP1 vs PHY,underlying,EXP1_underlying vs PHY_underlying,level2,single_label,04-01,69,67,4,2,0.9436619718309859,0.9710144927536232,0.9571428571428571,
Evaluation 3: EXP2 vs EXP1 vs PHY,underlying,EXP1_underlying vs PHY_underlying,level2,single_label,04-02,20,14,7,6,0.6666666666666666,0.7,0.6829268292682926,
Evaluation 3: EXP2 vs EXP1 vs PHY,underlying,EXP1_underlying vs PHY_underlying,level2,single_label,04-03,55,48,0,7,1.0,0.8727272727272727,0.9320388349514563,
Evaluation 3: EXP2 vs EXP1 vs PHY,underlying,EXP1_underlying vs PHY_underlying,level2,single_label,04-04,5,2,1,3,0.6666666666666666,0.4,0.5,
Evaluation 3: EXP2 vs EXP1 vs PHY,underlying,EXP1_underlying vs PHY_underlying,level2,single_label,04-05,54,28,8,26,0.7777777777777778,0.5185185185185185,0.6222222222222222,
Evaluation 3: EXP2 vs EXP1 vs PHY,underlying,EXP1_underlying vs PHY_underlying,level2,single_label,04-06,14,13,8,1,0.6190476190476191,0.9285714285714286,0.742857142857143,
Evaluation 3: EXP2 vs EXP1 vs PHY,underlying,EXP1_underlying vs PHY_underlying,level2,single_label,04-07,4,4,2,0,0.6666666666666666,1.0,0.8,
Evaluation 3: EXP2 vs EXP1 vs PHY,underlying,EXP1_underlying vs PHY_underlying,level2,single_label,04-08,25,23,5,2,0.8214285714285714,0.92,0.8679245283018867,
Evaluation 3: EXP2 vs EXP1 vs PHY,underlying,EXP1_underlying vs PHY_underlying,level2,single_label,04-09,1,1,10,0,0.09090909090909091,1.0,0.16666666666666669,
Evaluation 3: EXP2 vs EXP1 vs PHY,underlying,EXP1_underlying vs PHY_underlying,level2,single_label,04-99,0,0,15,0,0.0,,,
Evaluation 3: EXP2 vs EXP1 vs PHY,underlying,EXP1_underlying vs PHY_underlying,level2,single_label,05-00,24,2,7,22,0.2222222222222222,0.08333333333333333,0.12121212121212122,
Evaluation 3: EXP2 vs EXP1 vs PHY,underlying,EXP1_underlying vs PHY_underlying,level2,single_label,05-03,145,122,22,23,0.8472222222222222,0.8413793103448276,0.8442906574394463,
Evaluation 3: EXP2 vs EXP1 vs PHY,underlying,EXP1_underlying vs PHY_underlying,level2,single_label,05-04,28,14,6,14,0.7,0.5,0.5833333333333334,
Evaluation 3: EXP2 vs EXP1 vs PHY,underlying,EXP1_underlying vs PHY_underlying,level2,single_label,05-05,206,119,13,87,0.9015151515151515,0.5776699029126213,0.7041420118343196,
Evaluation 3: EXP2 vs EXP1 vs PHY,underlying,EXP1_underlying vs PHY_underlying,level2,single_label,05-06,101,68,30,33,0.6938775510204082,0.6732673267326733,0.6834170854271358,
Evaluation 3: EXP2 vs EXP1 vs PHY,underlying,EXP1_underlying vs PHY_underlying,level2,single_label,05-08,5,4,12,1,0.25,0.8,0.38095238095238093,
Evaluation 3: EXP2 vs EXP1 vs PHY,underlying,EXP1_underlying vs PHY_underlying,level2,single_label,05-09,0,0,1,0,0.0,,,
Evaluation 3: EXP2 vs EXP1 vs PHY,underlying,EXP1_underlying vs PHY_underlying,level2,single_label,05-99,0,0,7,0,0.0,,,
Evaluation 3: EXP2 vs EXP1 vs PHY,underlying,EXP1_underlying vs PHY_underlying,level1,single_label,00,0,0,27,0,0.0,,,
Evaluation 3: EXP2 vs EXP1 vs PHY,underlying,EXP1_underlying vs PHY_underlying,level1,single_label,01,1781,1591,189,190,0.8938202247191012,0.8933183604716451,0.8935692221286156,
Evaluation 3: EXP2 vs EXP1 vs PHY,underlying,EXP1_underlying vs PHY_underlying,level1,single_label,02,55,50,59,5,0.45871559633027525,0.9090909090909091,0.6097560975609756,
Evaluation 3: EXP2 vs EXP1 vs PHY,underlying,EXP1_underlying vs PHY_underlying,level1,single_label,03,1243,1062,200,181,0.8415213946117274,0.8543845534995977,0.8479041916167664,
Evaluation 3: EXP2 vs EXP1 vs PHY,underlying,EXP1_underlying vs PHY_underlying,level1,single_label,04,278,237,24,41,0.9080459770114943,0.8525179856115108,0.8794063079777366,
Evaluation 3: EXP2 vs EXP1 vs PHY,underlying,EXP1_underlying vs PHY_underlying,level1,single_label,05,509,406,21,103,0.9508196721311475,0.7976424361493124,0.8675213675213674,
Evaluation 3: EXP2 vs EXP1 vs PHY,contributory,EXP1_contrib_set vs PHY_contrib,full,multi_label,00-02-00,0,0,5,0,0.0,,,0.0
Evaluation 3: EXP2 vs EXP1 vs PHY,contributory,EXP1_contrib_set vs PHY_contrib,full,multi_label,01-00-00,2,0,0,2,,0.0,,0.0
Evaluation 3: EXP2 vs EXP1 vs PHY,contributory,EXP1_contrib_set vs PHY_contrib,full,multi_label,01-01-00,2,0,12,2,0.0,0.0,,-0.013521126760565124
Evaluation 3: EXP2 vs EXP1 vs PHY,contributory,EXP1_contrib_set vs PHY_contrib,full,multi_label,01-01-01,5,1,10,4,0.09090909090909091,0.2,0.12500000000000003,0.10094952523738064
Evaluation 3: EXP2 vs EXP1 vs PHY,contributory,EXP1_contrib_set vs PHY_contrib,full,multi_label,01-01-02,0,0,1,0,0.0,,,0.0
Evaluation 3: EXP2 vs EXP1 vs PHY,contributory,EXP1_contrib_set vs PHY_contrib,full,multi_label,01-01-03,0,0,1,0,0.0,,,0.0
Evaluation 3: EXP2 vs EXP1 vs PHY,contributory,EXP1_contrib_set vs PHY_contrib,full,multi_label,01-01-04,1,0,23,1,0.0,0.0,,-0.0075138843515195255
Evaluation 3: EXP2 vs EXP1 vs PHY,contributory,EXP1_contrib_set vs PHY_contrib,full,multi_label,01-01-05,0,0,6,0,0.0,,,0.0
Evaluation 3: EXP2 vs EXP1 vs PHY,contributory,EXP1_contrib_set vs PHY_contrib,full,multi_label,01-01-06,0,0,4,0,0.0,,,0.0
Evaluation 3: EXP2 vs EXP1 vs PHY,contributory,EXP1_contrib_set vs PHY_contrib,full,multi_label,01-01-99,0,0,7,0,0.0,,,0.0
Evaluation 3: EXP2 vs EXP1 vs PHY,contributory,EXP1_contrib_set vs PHY_contrib,full,multi_label,01-03-00,0,0,2,0,0.0,,,0.0
Evaluation 3: EXP2 vs EXP1 vs PHY,contributory,EXP1_contrib_set vs PHY_contrib,full,multi_label,01-04-00,4,0,0,4,,0.0,,0.0
Evaluation 3: EXP2 vs EXP1 vs PHY,contributory,EXP1_contrib_set vs PHY_contrib,full,multi_label,01-04-01,0,0,10,0,0.0,,,0.0
Evaluation 3: EXP2 vs EXP1 vs PHY,contributory,EXP1_contrib_set vs PHY_contrib,full,multi_label,01-04-02,27,16,7,11,0.6956521739130435,0.5925925925925926,0.6399999999999999,0.6014817367332876
Evaluation 3: EXP2 vs EXP1 vs PHY,contributory,EXP1_contrib_set vs PHY_contrib,full,multi_label,01-04-03,0,0,3,0,0.0,,,0.0
Evaluation 3: EXP2 vs EXP1 vs PHY,contributory,EXP1_contrib_set vs PHY_contrib,full,multi_label,01-04-99,0,0,3,0,0.0,,,0.0
Evaluation 3: EXP2 vs EXP1 vs PHY,contributory,EXP1_contrib_set vs PHY_contrib,full,multi_label,01-05-00,1,0,13,1,0.0,0.0,,-0.007278835386336965
Evaluation 3: EXP2 vs EXP1 vs PHY,contributory,EXP1_contrib_set vs PHY_contrib,full,multi_label,01-99-00,0,0,10,0,0.0,,,0.0
Evaluation 3: EXP2 vs EXP1 vs PHY,contributory,EXP1_contrib_set vs PHY_contrib,full,multi_label,02-00-00,1,0,0,1,,0.0,,0.0
Evaluation 3: EXP2 vs EXP1 vs PHY,contributory,EXP1_contrib_set vs PHY_contrib,full,multi_label,02-03-00,0,0,1,0,0.0,,,0.0
Evaluation 3: EXP2 vs EXP1 vs PHY,contributory,EXP1_contrib_set vs PHY_contrib,full,multi_label,03-00-00,3,0,0,3,,0.0,,0.0
Evaluation 3: EXP2 vs EXP1 vs PHY,contributory,EXP1_contrib_set vs PHY_contrib,full,multi_label,03-01-01,82,52,44,30,0.5416666666666666,0.6341463414634146,0.5842696629213483,0.36610892607159534
Evaluation 3: EXP2 vs EXP1 vs PHY,contributory,EXP1_contrib_set vs PHY_contrib,full,multi_label,03-01-02,1,0,10,1,0.0,0.0,,-0.007125044531530781
Evaluation 3: EXP2 vs EXP1 vs PHY,contributory,EXP1_contrib_set vs PHY_contrib,full,multi_label,03-01-03,0,0,2,0,0.0,,,0.0
Evaluation 3: EXP2 vs EXP1 vs PHY,contributory,EXP1_contrib_set vs PHY_contrib,full,multi_label,03-01-04,22,6,15,16,0.2857142857142857,0.2727272727272727,0.2790697674418604,0.21329120173792865
Evaluation 3: EXP2 vs EXP1 vs PHY,contributory,EXP1_contrib_set vs PHY_contrib,full,multi_label,03-01-99,0,0,17,0,0.0,,,0.0
Evaluation 3: EXP2 vs EXP1 vs PHY,contributory,EXP1_contrib_set vs PHY_contrib,full,multi_label,03-02-00,0,0,8,0,0.0,,,0.0
Evaluation 3: EXP2 vs EXP1 vs PHY,contributory,EXP1_contrib_set vs PHY_contrib,full,multi_label,03-02-01,1,0,3,1,0.0,0.0,,-0.005870841487283326
Evaluation 3: EXP2 vs EXP1 vs PHY,contributory,EXP1_contrib_set vs PHY_contrib,full,multi_label,03-02-02,2,1,5,1,0.16666666666666666,0.5,0.25,0.2411417322834639
Evaluation 3: EXP2 vs EXP1 vs PHY,contributory,EXP1_contrib_set vs PHY_contrib,full,multi_label,03-02-99,0,0,4,0,0.0,,,0.0
Evaluation 3: EXP2 vs EXP1 vs PHY,contributory,EXP1_contrib_set vs PHY_contrib,full,multi_label,03-03-00,1,0,1,1,0.0,0.0,,-0.003906249999992727
Evaluation 3: EXP2 vs EXP1 vs PHY,contributory,EXP1_contrib_set vs PHY_contrib,full,multi_label,03-03-01,0,0,2,0,0.0,,,0.0
Evaluation 3: EXP2 vs EXP1 vs PHY,contributory,EXP1_contrib_set vs PHY_contrib,full,multi_label,03-03-02,0,0,3,0,0.0,,,0.0
Evaluation 3: EXP2 vs EXP1 vs PHY,contributory,EXP1_contrib_set vs PHY_contrib,full,multi_label,03-03-03,0,0,1,0,0.0,,,0.0
Evaluation 3: EXP2 vs EXP1 vs PHY,contributory,EXP1_contrib_set vs PHY_contrib,full,multi_label,03-03-99,0,0,10,0,0.0,,,0.0
Evaluation 3: EXP2 vs EXP1 vs PHY,contributory,EXP1_contrib_set vs PHY_contrib,full,multi_label,03-04-00,2,0,1,2,0.0,0.0,,-0.005215123859201154
Evaluation 3: EXP2 vs EXP1 vs PHY,contributory,EXP1_contrib_set vs PHY_contrib,full,multi_label,03-04-01,2,1,7,1,0.125,0.5,0.2,0.1899133175728917
Evaluation 3: EXP2 vs EXP1 vs PHY,contributory,EXP1_contrib_set vs PHY_contrib,full,multi_label,03-04-02,9,5,5,4,0.5,0.5555555555555556,0.5263157894736842,0.5081862640867527
Evaluation 3: EXP2 vs EXP1 vs PHY,contributory,EXP1_contrib_set vs PHY_contrib,full,multi_label,03-04-99,0,0,15,0,0.0,,,0.0
Evaluation 3: EXP2 vs EXP1 vs PHY,contributory,EXP1_contrib_set vs PHY_contrib,full,multi_label,03-05-01,38,31,25,7,0.5535714285714286,0.8157894736842105,0.6595744680851064,0.5867751984725155
Evaluation 3: EXP2 vs EXP1 vs PHY,contributory,EXP1_contrib_set vs PHY_contrib,full,multi_label,03-05-99,0,0,1,0,0.0,,,0.0
Evaluation 3: EXP2 vs EXP1 vs PHY,contributory,EXP1_contrib_set vs PHY_contrib,full,multi_label,03-06-00,1,0,1,1,0.0,0.0,,-0.003906249999992727
Evaluation 3: EXP2 vs EXP1 vs PHY,contributory,EXP1_contrib_set vs PHY_contrib,full,multi_label,03-06-02,1,1,0,0,1.0,1.0,1.0,1.0
Evaluation 3: EXP2 vs EXP1 vs PHY,contributory,EXP1_contrib_set vs PHY_contrib,full,multi_label,03-06-04,0,0,1,0,0.0,,,0.0
Evaluation 3: EXP2 vs EXP1 vs PHY,contributory,EXP1_contrib_set vs PHY_contrib,full,multi_label,03-06-06,0,0,1,0,0.0,,,0.0
Evaluation 3: EXP2 vs EXP1 vs PHY,contributory,EXP1_contrib_set vs PHY_contrib,full,multi_label,03-06-99,0,0,3,0,0.0,,,0.0
Evaluation 3: EXP2 vs EXP1 vs PHY,contributory,EXP1_contrib_set vs PHY_contrib,full,multi_label,03-07-01,2,1,11,1,0.08333333333333333,0.5,0.14285714285714285,0.1312676056338028
Evaluation 3: EXP2 vs EXP1 vs PHY,contributory,EXP1_contrib_set vs PHY_contrib,full,multi_label,03-07-99,0,0,10,0,0.0,,,0.0
Evaluation 3: EXP2 vs EXP1 vs PHY,contributory,EXP1_contrib_set vs PHY_contrib,full,multi_label,03-08-00,14,7,28,7,0.2,0.5,0.28571428571428575,0.22543701024713717
Evaluation 3: EXP2 vs EXP1 vs PHY,contributory,EXP1_contrib_set vs PHY_contrib,full,multi_label,03-08-01,11,0,0,11,,0.0,,0.0
Evaluation 3: EXP2 vs EXP1 vs PHY,contributory,EXP1_contrib_set vs PHY_contrib,full,multi_label,03-08-99,0,0,19,0,0.0,,,0.0
Evaluation 3: EXP2 vs EXP1 vs PHY,contributory,EXP1_contrib_set vs PHY_contrib,full,multi_label,03-09-00,2,0,0,2,,0.0,,0.0
Evaluation 3: EXP2 vs EXP1 vs PHY,contributory,EXP1_contrib_set vs PHY_contrib,full,multi_label,03-09-01,8,3,36,5,0.07692307692307693,0.375,0.12765957446808512,0.0801396769969448
Evaluation 3: EXP2 vs EXP1 vs PHY,contributory,EXP1_contrib_set vs PHY_contrib,full,multi_label,03-09-99,0,0,1,0,0.0,,,0.0
Evaluation 3: EXP2 vs EXP1 vs PHY,contributory,EXP1_contrib_set vs PHY_contrib,full,multi_label,03-99-00,0,0,21,0,0.0,,,0.0
Evaluation 3: EXP2 vs EXP1 vs PHY,contributory,EXP1_contrib_set vs PHY_contrib,full,multi_label,04-00-00,1,0,0,1,,0.0,,0.0
Evaluation 3: EXP2 vs EXP1 vs PHY,contributory,EXP1_contrib_set vs PHY_contrib,full,multi_label,04-01-00,1,0,1,1,0.0,0.0,,-0.003906249999992727
Evaluation 3: EXP2 vs EXP1 vs PHY,contributory,EXP1_contrib_set vs PHY_contrib,full,multi_label,04-02-00,1,0,4,1,0.0,0.0,,-0.006264682850436304
Evaluation 3: EXP2 vs EXP1 vs PHY,contributory,EXP1_contrib_set vs PHY_contrib,full,multi_label,04-05-00,1,0,0,1,,0.0,,0.0
Evaluation 3: EXP2 vs EXP1 vs PHY,contributory,EXP1_contrib_set vs PHY_contrib,full,multi_label,04-99-00,0,0,5,0,0.0,,,0.0
Evaluation 3: EXP2 vs EXP1 vs PHY,contributory,EXP1_contrib_set vs PHY_contrib,full,multi_label,05-03-00,4,1,3,3,0.25,0.25,0.25,0.2381422924901152
Evaluation 3: EXP2 vs EXP1 vs PHY,contributory,EXP1_contrib_set vs PHY_contrib,full,multi_label,05-04-00,1,0,2,1,0.0,0.0,,-0.005215123859201154
Evaluation 3: EXP2 vs EXP1 vs PHY,contributory,EXP1_contrib_set vs PHY_contrib,full,multi_label,05-05-00,3,2,3,1,0.4,0.6666666666666666,0.5,0.4925962487660425
Evaluation 3: EXP2 vs EXP1 vs PHY,contributory,EXP1_contrib_set vs PHY_contrib,full,multi_label,05-99-00,0,0,3,0,0.0,,,0.0
Evaluation 3: EXP2 vs EXP1 vs PHY,contributory,EXP1_contrib_set vs PHY_contrib,full,multi_label,99-00-00,0,0,1,0,0.0,,,0.0
Evaluation 3: EXP2 vs EXP1 vs PHY,contributory,EXP1_contrib_set vs PHY_contrib,full,multi_label,BLANK,0,0,3,0,0.0,,,0.0
Evaluation 3: EXP2 vs EXP1 vs PHY,contributory,EXP1_contrib_set vs PHY_contrib,level2,multi_label,00-02,0,0,5,0,0.0,,,0.0
Evaluation 3: EXP2 vs EXP1 vs PHY,contributory,EXP1_contrib_set vs PHY_contrib,level2,multi_label,01-00,2,0,0,2,,0.0,,0.0
Evaluation 3: EXP2 vs EXP1 vs PHY,contributory,EXP1_contrib_set vs PHY_contrib,level2,multi_label,01-01,8,3,57,5,0.05,0.375,0.08823529411764708,0.03523855655122242
Evaluation 3: EXP2 vs EXP1 vs PHY,contributory,EXP1_contrib_set vs PHY_contrib,level2,multi_label,01-03,0,0,2,0,0.0,,,0.0
Evaluation 3: EXP2 vs EXP1 vs PHY,contributory,EXP1_contrib_set vs PHY_contrib,level2,multi_label,01-04,31,19,14,12,0.5757575757575758,0.6129032258064516,0.59375,0.5360366615747815
Evaluation 3: EXP2 vs EXP1 vs PHY,contributory,EXP1_contrib_set vs PHY_contrib,level2,multi_label,01-05,1,0,13,1,0.0,0.0,,-0.007278835386336965
Evaluation 3: EXP2 vs EXP1 vs PHY,contributory,EXP1_contrib_set vs PHY_contrib,level2,multi_label,01-99,0,0,10,0,0.0,,,0.0
Evaluation 3: EXP2 vs EXP1 vs PHY,contributory,EXP1_contrib_set vs PHY_contrib,level2,multi_label,02-00,1,0,0,1,,0.0,,0.0
Evaluation 3: EXP2 vs EXP1 vs PHY,contributory,EXP1_contrib_set vs PHY_contrib,level2,multi_label,02-03,0,0,1,0,0.0,,,0.0
Evaluation 3: EXP2 vs EXP1 vs PHY,contributory,EXP1_contrib_set vs PHY_contrib,level2,multi_label,03-00,3,0,0,3,,0.0,,0.0
Evaluation 3: EXP2 vs EXP1 vs PHY,contributory,EXP1_contrib_set vs PHY_contrib,level2,multi_label,03-01,105,80,39,25,0.6722689075630253,0.7619047619047619,0.7142857142857143,0.4951194057339308
Evaluation 3: EXP2 vs EXP1 vs PHY,contributory,EXP1_contrib_set vs PHY_contrib,level2,multi_label,03-02,3,2,18,1,0.1,0.6666666666666666,0.1739130434782609,0.15679502676567084
Evaluation 3: EXP2 vs EXP1 vs PHY,contributory,EXP1_contrib_set vs PHY_contrib,level2,multi_label,03-03,1,0,17,1,0.0,0.0,,-0.0074041811846680015
Evaluation 3: EXP2 vs EXP1 vs PHY,contributory,EXP1_contrib_set vs PHY_contrib,level2,multi_label,03-04,13,8,25,5,0.24242424242424243,0.6153846153846154,0.34782608695652173,0.2967894928858078
Evaluation 3: EXP2 vs EXP1 vs PHY,contributory,EXP1_contrib_set vs PHY_contrib,level2,multi_label,03-05,38,31,26,7,0.543859649122807,0.8157894736842105,0.6526315789473685,0.5777025344819001
Evaluation 3: EXP2 vs EXP1 vs PHY,contributory,EXP1_contrib_set vs PHY_contrib,level2,multi_label,03-06,2,1,6,1,0.14285714285714285,0.5,0.22222222222222224,0.21269146608314798
Evaluation 3: EXP2 vs EXP1 vs PHY,contributory,EXP1_contrib_set vs PHY_contrib,level2,multi_label,03-07,2,1,21,1,0.045454545454545456,0.5,0.08333333333333334,0.07006578947368425
Evaluation 3: EXP2 vs EXP1 vs PHY,contributory,EXP1_contrib_set vs PHY_contrib,level2,multi_label,03-08,25,15,39,10,0.2777777777777778,0.6,0.37974683544303794,0.2846105777424304
Evaluation 3: EXP2 vs EXP1 vs PHY,contributory,EXP1_contrib_set vs PHY_contrib,level2,multi_label,03-09,10,4,35,6,0.10256410256410256,0.4,0.163265306122449,0.10801659189029017
Evaluation 3: EXP2 vs EXP1 vs PHY,contributory,EXP1_contrib_set vs PHY_contrib,level2,multi_label,03-99,0,0,21,0,0.0,,,0.0
Evaluation 3: EXP2 vs EXP1 vs PHY,contributory,EXP1_contrib_set vs PHY_contrib,level2,multi_label,04-00,1,0,0,1,,0.0,,0.0
Evaluation 3: EXP2 vs EXP1 vs PHY,contributory,EXP1_contrib_set vs PHY_contrib,level2,multi_label,04-01,1,0,1,1,0.0,0.0,,-0.003906249999992727
Evaluation 3: EXP2 vs EXP1 vs PHY,contributory,EXP1_contrib_set vs PHY_contrib,level2,multi_label,04-02,1,0,4,1,0.0,0.0,,-0.006264682850436304
Evaluation 3: EXP2 vs EXP1 vs PHY,contributory,EXP1_contrib_set vs PHY_contrib,level2,multi_label,04-05,1,0,0,1,,0.0,,0.0
Evaluation 3: EXP2 vs EXP1 vs PHY,contributory,EXP1_contrib_set vs PHY_contrib,level2,multi_label,04-99,0,0,5,0,0.0,,,0.0
Evaluation 3: EXP2 vs EXP1 vs PHY,contributory,EXP1_contrib_set vs PHY_contrib,level2,multi_label,05-03,4,1,3,3,0.25,0.25,0.25,0.2381422924901152
Evaluation 3: EXP2 vs EXP1 vs PHY,contributory,EXP1_contrib_set vs PHY_contrib,level2,multi_label,05-04,1,0,2,1,0.0,0.0,,-0.005215123859201154
Evaluation 3: EXP2 vs EXP1 vs PHY,contributory,EXP1_contrib_set vs PHY_contrib,level2,multi_label,05-05,3,2,3,1,0.4,0.6666666666666666,0.5,0.4925962487660425
Evaluation 3: EXP2 vs EXP1 vs PHY,contributory,EXP1_contrib_set vs PHY_contrib,level2,multi_label,05-99,0,0,3,0,0.0,,,0.0
Evaluation 3: EXP2 vs EXP1 vs PHY,contributory,EXP1_contrib_set vs PHY_contrib,level2,multi_label,99-00,0,0,1,0,0.0,,,0.0
Evaluation 3: EXP2 vs EXP1 vs PHY,contributory,EXP1_contrib_set vs PHY_contrib,level2,multi_label,BLANK,0,0,3,0,0.0,,,0.0
Evaluation 3: EXP2 vs EXP1 vs PHY,contributory,EXP1_contrib_set vs PHY_contrib,level1,multi_label,00,0,0,5,0,0.0,,,0.0
Evaluation 3: EXP2 vs EXP1 vs PHY,contributory,EXP1_contrib_set vs PHY_contrib,level1,multi_label,01,42,31,69,11,0.31,0.7380952380952381,0.43661971830985913,0.2681711397451413
Evaluation 3: EXP2 vs EXP1 vs PHY,contributory,EXP1_contrib_set vs PHY_contrib,level1,multi_label,02,1,0,1,1,0.0,0.0,,-0.003906249999992727
Evaluation 3: EXP2 vs EXP1 vs PHY,contributory,EXP1_contrib_set vs PHY_contrib,level1,multi_label,03,202,188,33,14,0.8506787330316742,0.9306930693069307,0.888888888888889,0.3782364750090078
Evaluation 3: EXP2 vs EXP1 vs PHY,contributory,EXP1_contrib_set vs PHY_contrib,level1,multi_label,04,4,1,9,3,0.1,0.25,0.14285714285714288,0.12336554860716333
Evaluation 3: EXP2 vs EXP1 vs PHY,contributory,EXP1_contrib_set vs PHY_contrib,level1,multi_label,05,8,7,4,1,0.6363636363636364,0.875,0.7368421052631579,0.7270023369449751
Evaluation 3: EXP2 vs EXP1 vs PHY,contributory,EXP1_contrib_set vs PHY_contrib,level1,multi_label,99,0,0,1,0,0.0,,,0.0
Evaluation 3: EXP2 vs EXP1 vs PHY,contributory,EXP1_contrib_set vs PHY_contrib,level1,multi_label,BLANK,0,0,3,0,0.0,,,0.0
Evaluation 3: EXP2 vs EXP1 vs PHY,direct_llm_pair,EXP2_direct vs EXP1_direct,full,single_label,00-01-00,2,0,6,2,0.0,0.0,,
Evaluation 3: EXP2 vs EXP1 vs PHY,direct_llm_pair,EXP2_direct vs EXP1_direct,full,single_label,00-02-00,91,36,798,55,0.04316546762589928,0.3956043956043956,0.07783783783783785,
Evaluation 3: EXP2 vs EXP1 vs PHY,direct_llm_pair,EXP2_direct vs EXP1_direct,full,single_label,00-03-00,66,13,18,53,0.41935483870967744,0.19696969696969696,0.26804123711340205,
Evaluation 3: EXP2 vs EXP1 vs PHY,direct_llm_pair,EXP2_direct vs EXP1_direct,full,single_label,00-04-00,13,1,9,12,0.1,0.07692307692307693,0.08695652173913043,
Evaluation 3: EXP2 vs EXP1 vs PHY,direct_llm_pair,EXP2_direct vs EXP1_direct,full,single_label,01-00-00,0,0,1,0,0.0,,,
Evaluation 3: EXP2 vs EXP1 vs PHY,direct_llm_pair,EXP2_direct vs EXP1_direct,full,single_label,01-01-00,114,56,234,58,0.19310344827586207,0.49122807017543857,0.27722772277227725,
Evaluation 3: EXP2 vs EXP1 vs PHY,direct_llm_pair,EXP2_direct vs EXP1_direct,full,single_label,01-01-01,315,95,45,220,0.6785714285714286,0.30158730158730157,0.41758241758241754,
Evaluation 3: EXP2 vs EXP1 vs PHY,direct_llm_pair,EXP2_direct vs EXP1_direct,full,single_label,01-01-02,136,91,42,45,0.6842105263157895,0.6691176470588235,0.6765799256505576,
Evaluation 3: EXP2 vs EXP1 vs PHY,direct_llm_pair,EXP2_direct vs EXP1_direct,full,single_label,01-01-03,1,1,4,0,0.2,1.0,0.33333333333333337,
Evaluation 3: EXP2 vs EXP1 vs PHY,direct_llm_pair,EXP2_direct vs EXP1_direct,full,single_label,01-01-04,452,239,185,213,0.5636792452830188,0.5287610619469026,0.545662100456621,
Evaluation 3: EXP2 vs EXP1 vs PHY,direct_llm_pair,EXP2_direct vs EXP1_direct,full,single_label,01-01-05,108,22,79,86,0.21782178217821782,0.2037037037037037,0.21052631578947367,
Evaluation 3: EXP2 vs EXP1 vs PHY,direct_llm_pair,EXP2_direct vs EXP1_direct,full,single_label,01-01-06,80,10,32,70,0.23809523809523808,0.125,0.16393442622950818,
Evaluation 3: EXP2 vs EXP1 vs PHY,direct_llm_pair,EXP2_direct vs EXP1_direct,full,single_label,01-01-99,12,0,1,12,0.0,0.0,,
Evaluation 3: EXP2 vs EXP1 vs PHY,direct_llm_pair,EXP2_direct vs EXP1_direct,full,single_label,01-03-00,6,0,1,6,0.0,0.0,,
Evaluation 3: EXP2 vs EXP1 vs PHY,direct_llm_pair,EXP2_direct vs EXP1_direct,full,single_label,01-04-00,4,2,7,2,0.2222222222222222,0.5,0.30769230769230765,
Evaluation 3: EXP2 vs EXP1 vs PHY,direct_llm_pair,EXP2_direct vs EXP1_direct,full,single_label,01-04-01,76,22,34,54,0.39285714285714285,0.2894736842105263,0.33333333333333337,
Evaluation 3: EXP2 vs EXP1 vs PHY,direct_llm_pair,EXP2_direct vs EXP1_direct,full,single_label,01-04-02,239,133,214,106,0.38328530259365995,0.5564853556485355,0.4539249146757679,
Evaluation 3: EXP2 vs EXP1 vs PHY,direct_llm_pair,EXP2_direct vs EXP1_direct,full,single_label,01-04-03,18,2,1,16,0.6666666666666666,0.1111111111111111,0.1904761904761905,
Evaluation 3: EXP2 vs EXP1 vs PHY,direct_llm_pair,EXP2_direct vs EXP1_direct,full,single_label,01-04-99,0,0,1,0,0.0,,,
Evaluation 3: EXP2 vs EXP1 vs PHY,direct_llm_pair,EXP2_direct vs EXP1_direct,full,single_label,01-05-00,213,86,61,127,0.5850340136054422,0.40375586854460094,0.47777777777777775,
Evaluation 3: EXP2 vs EXP1 vs PHY,direct_llm_pair,EXP2_direct vs EXP1_direct,full,single_label,01-06-00,0,0,1,0,0.0,,,
Evaluation 3: EXP2 vs EXP1 vs PHY,direct_llm_pair,EXP2_direct vs EXP1_direct,full,single_label,01-07-00,3,2,0,1,1.0,0.6666666666666666,0.8,
Evaluation 3: EXP2 vs EXP1 vs PHY,direct_llm_pair,EXP2_direct vs EXP1_direct,full,single_label,01-99-00,6,1,0,5,1.0,0.16666666666666666,0.2857142857142857,
Evaluation 3: EXP2 vs EXP1 vs PHY,direct_llm_pair,EXP2_direct vs EXP1_direct,full,single_label,02-00-00,1,0,10,1,0.0,0.0,,
Evaluation 3: EXP2 vs EXP1 vs PHY,direct_llm_pair,EXP2_direct vs EXP1_direct,full,single_label,02-01-00,2,0,0,2,,0.0,,
Evaluation 3: EXP2 vs EXP1 vs PHY,direct_llm_pair,EXP2_direct vs EXP1_direct,full,single_label,02-02-00,7,2,0,5,1.0,0.2857142857142857,0.4444444444444445,
Evaluation 3: EXP2 vs EXP1 vs PHY,direct_llm_pair,EXP2_direct vs EXP1_direct,full,single_label,02-03-00,26,11,2,15,0.8461538461538461,0.4230769230769231,0.5641025641025641,
Evaluation 3: EXP2 vs EXP1 vs PHY,direct_llm_pair,EXP2_direct vs EXP1_direct,full,single_label,02-04-00,5,0,2,5,0.0,0.0,,
Evaluation 3: EXP2 vs EXP1 vs PHY,direct_llm_pair,EXP2_direct vs EXP1_direct,full,single_label,02-05-00,7,2,7,5,0.2222222222222222,0.2857142857142857,0.25,
Evaluation 3: EXP2 vs EXP1 vs PHY,direct_llm_pair,EXP2_direct vs EXP1_direct,full,single_label,02-99-00,3,0,6,3,0.0,0.0,,
Evaluation 3: EXP2 vs EXP1 vs PHY,direct_llm_pair,EXP2_direct vs EXP1_direct,full,single_label,03-01-00,4,0,7,4,0.0,0.0,,
Evaluation 3: EXP2 vs EXP1 vs PHY,direct_llm_pair,EXP2_direct vs EXP1_direct,full,single_label,03-01-01,49,20,47,29,0.29850746268656714,0.40816326530612246,0.3448275862068965,
Evaluation 3: EXP2 vs EXP1 vs PHY,direct_llm_pair,EXP2_direct vs EXP1_direct,full,single_label,03-01-02,184,97,73,87,0.5705882352941176,0.5271739130434783,0.5480225988700566,
Evaluation 3: EXP2 vs EXP1 vs PHY,direct_llm_pair,EXP2_direct vs EXP1_direct,full,single_label,03-01-03,84,26,27,58,0.49056603773584906,0.30952380952380953,0.3795620437956205,
Evaluation 3: EXP2 vs EXP1 vs PHY,direct_llm_pair,EXP2_direct vs EXP1_direct,full,single_label,03-01-04,270,175,74,95,0.7028112449799196,0.6481481481481481,0.6743737957610789,
Evaluation 3: EXP2 vs EXP1 vs PHY,direct_llm_pair,EXP2_direct vs EXP1_direct,full,single_label,03-01-99,49,4,7,45,0.36363636363636365,0.08163265306122448,0.13333333333333333,
Evaluation 3: EXP2 vs EXP1 vs PHY,direct_llm_pair,EXP2_direct vs EXP1_direct,full,single_label,03-02-00,389,70,81,319,0.46357615894039733,0.17994858611825193,0.25925925925925924,
Evaluation 3: EXP2 vs EXP1 vs PHY,direct_llm_pair,EXP2_direct vs EXP1_direct,full,single_label,03-02-01,8,4,23,4,0.14814814814814814,0.5,0.22857142857142856,
Evaluation 3: EXP2 vs EXP1 vs PHY,direct_llm_pair,EXP2_direct vs EXP1_direct,full,single_label,03-02-02,60,30,11,30,0.7317073170731707,0.5,0.594059405940594,
Evaluation 3: EXP2 vs EXP1 vs PHY,direct_llm_pair,EXP2_direct vs EXP1_direct,full,single_label,03-02-99,2,0,5,2,0.0,0.0,,
Evaluation 3: EXP2 vs EXP1 vs PHY,direct_llm_pair,EXP2_direct vs EXP1_direct,full,single_label,03-03-00,11,2,31,9,0.06060606060606061,0.18181818181818182,0.09090909090909091,
Evaluation 3: EXP2 vs EXP1 vs PHY,direct_llm_pair,EXP2_direct vs EXP1_direct,full,single_label,03-03-01,39,9,19,30,0.32142857142857145,0.23076923076923078,0.2686567164179105,
Evaluation 3: EXP2 vs EXP1 vs PHY,direct_llm_pair,EXP2_direct vs EXP1_direct,full,single_label,03-03-02,79,40,29,39,0.5797101449275363,0.5063291139240507,0.5405405405405406,
Evaluation 3: EXP2 vs EXP1 vs PHY,direct_llm_pair,EXP2_direct vs EXP1_direct,full,single_label,03-03-03,217,72,59,145,0.549618320610687,0.3317972350230415,0.4137931034482759,
Evaluation 3: EXP2 vs EXP1 vs PHY,direct_llm_pair,EXP2_direct vs EXP1_direct,full,single_label,03-03-99,30,4,25,26,0.13793103448275862,0.13333333333333333,0.13559322033898305,
Evaluation 3: EXP2 vs EXP1 vs PHY,direct_llm_pair,EXP2_direct vs EXP1_direct,full,single_label,03-04-00,14,0,11,14,0.0,0.0,,
Evaluation 3: EXP2 vs EXP1 vs PHY,direct_llm_pair,EXP2_direct vs EXP1_direct,full,single_label,03-04-01,6,0,0,6,,0.0,,
Evaluation 3: EXP2 vs EXP1 vs PHY,direct_llm_pair,EXP2_direct vs EXP1_direct,full,single_label,03-04-02,93,37,46,56,0.4457831325301205,0.3978494623655914,0.42045454545454547,
Evaluation 3: EXP2 vs EXP1 vs PHY,direct_llm_pair,EXP2_direct vs EXP1_direct,full,single_label,03-04-99,54,6,34,48,0.15,0.1111111111111111,0.12765957446808512,
Evaluation 3: EXP2 vs EXP1 vs PHY,direct_llm_pair,EXP2_direct vs EXP1_direct,full,single_label,03-05-00,0,0,3,0,0.0,,,
Evaluation 3: EXP2 vs EXP1 vs PHY,direct_llm_pair,EXP2_direct vs EXP1_direct,full,single_label,03-05-01,64,38,47,26,0.4470588235294118,0.59375,0.5100671140939598,
Evaluation 3: EXP2 vs EXP1 vs PHY,direct_llm_pair,EXP2_direct vs EXP1_direct,full,single_label,03-05-99,6,0,1,6,0.0,0.0,,
Evaluation 3: EXP2 vs EXP1 vs PHY,direct_llm_pair,EXP2_direct vs EXP1_direct,full,single_label,03-06-00,8,3,29,5,0.09375,0.375,0.15,
Evaluation 3: EXP2 vs EXP1 vs PHY,direct_llm_pair,EXP2_direct vs EXP1_direct,full,single_label,03-06-01,11,5,6,6,0.45454545454545453,0.45454545454545453,0.45454545454545453,
Evaluation 3: EXP2 vs EXP1 vs PHY,direct_llm_pair,EXP2_direct vs EXP1_direct,full,single_label,03-06-02,37,13,10,24,0.5652173913043478,0.35135135135135137,0.43333333333333335,
Evaluation 3: EXP2 vs EXP1 vs PHY,direct_llm_pair,EXP2_direct vs EXP1_direct,full,single_label,03-06-03,4,1,5,3,0.16666666666666666,0.25,0.2,
Evaluation 3: EXP2 vs EXP1 vs PHY,direct_llm_pair,EXP2_direct vs EXP1_direct,full,single_label,03-06-04,22,5,25,17,0.16666666666666666,0.22727272727272727,0.1923076923076923,
Evaluation 3: EXP2 vs EXP1 vs PHY,direct_llm_pair,EXP2_direct vs EXP1_direct,full,single_label,03-06-05,2,1,2,1,0.3333333333333333,0.5,0.4,
Evaluation 3: EXP2 vs EXP1 vs PHY,direct_llm_pair,EXP2_direct vs EXP1_direct,full,single_label,03-06-06,3,0,3,3,0.0,0.0,,
Evaluation 3: EXP2 vs EXP1 vs PHY,direct_llm_pair,EXP2_direct vs EXP1_direct,full,single_label,03-06-07,26,11,3,15,0.7857142857142857,0.4230769230769231,0.55,
Evaluation 3: EXP2 vs EXP1 vs PHY,direct_llm_pair,EXP2_direct vs EXP1_direct,full,single_label,03-06-99,48,14,21,34,0.4,0.2916666666666667,0.3373493975903615,
Evaluation 3: EXP2 vs EXP1 vs PHY,direct_llm_pair,EXP2_direct vs EXP1_direct,full,single_label,03-07-00,0,0,3,0,0.0,,,
Evaluation 3: EXP2 vs EXP1 vs PHY,direct_llm_pair,EXP2_direct vs EXP1_direct,full,single_label,03-07-01,51,28,68,23,0.2916666666666667,0.5490196078431373,0.38095238095238093,
Evaluation 3: EXP2 vs EXP1 vs PHY,direct_llm_pair,EXP2_direct vs EXP1_direct,full,single_label,03-07-99,9,0,2,9,0.0,0.0,,
Evaluation 3: EXP2 vs EXP1 vs PHY,direct_llm_pair,EXP2_direct vs EXP1_direct,full,single_label,03-08-00,167,61,57,106,0.5169491525423728,0.3652694610778443,0.42807017543859643,
Evaluation 3: EXP2 vs EXP1 vs PHY,direct_llm_pair,EXP2_direct vs EXP1_direct,full,single_label,03-08-01,29,0,1,29,0.0,0.0,,
Evaluation 3: EXP2 vs EXP1 vs PHY,direct_llm_pair,EXP2_direct vs EXP1_direct,full,single_label,03-08-99,20,0,2,20,0.0,0.0,,
Evaluation 3: EXP2 vs EXP1 vs PHY,direct_llm_pair,EXP2_direct vs EXP1_direct,full,single_label,03-09-01,63,14,29,49,0.32558139534883723,0.2222222222222222,0.2641509433962264,
Evaluation 3: EXP2 vs EXP1 vs PHY,direct_llm_pair,EXP2_direct vs EXP1_direct,full,single_label,03-09-99,0,0,1,0,0.0,,,
Evaluation 3: EXP2 vs EXP1 vs PHY,direct_llm_pair,EXP2_direct vs EXP1_direct,full,single_label,03-99-00,7,0,4,7,0.0,0.0,,
Evaluation 3: EXP2 vs EXP1 vs PHY,direct_llm_pair,EXP2_direct vs EXP1_direct,full,single_label,04-00-00,11,1,21,10,0.045454545454545456,0.09090909090909091,0.060606060606060615,
Evaluation 3: EXP2 vs EXP1 vs PHY,direct_llm_pair,EXP2_direct vs EXP1_direct,full,single_label,04-01-00,43,13,12,30,0.52,0.3023255813953488,0.38235294117647056,
Evaluation 3: EXP2 vs EXP1 vs PHY,direct_llm_pair,EXP2_direct vs EXP1_direct,full,single_label,04-02-00,28,9,9,19,0.5,0.32142857142857145,0.391304347826087,
Evaluation 3: EXP2 vs EXP1 vs PHY,direct_llm_pair,EXP2_direct vs EXP1_direct,full,single_label,04-03-00,77,37,0,40,1.0,0.4805194805194805,0.6491228070175439,
Evaluation 3: EXP2 vs EXP1 vs PHY,direct_llm_pair,EXP2_direct vs EXP1_direct,full,single_label,04-04-00,7,4,1,3,0.8,0.5714285714285714,0.6666666666666666,
Evaluation 3: EXP2 vs EXP1 vs PHY,direct_llm_pair,EXP2_direct vs EXP1_direct,full,single_label,04-05-00,43,24,12,19,0.6666666666666666,0.5581395348837209,0.6075949367088608,
Evaluation 3: EXP2 vs EXP1 vs PHY,direct_llm_pair,EXP2_direct vs EXP1_direct,full,single_label,04-06-00,28,20,13,8,0.6060606060606061,0.7142857142857143,0.6557377049180327,
Evaluation 3: EXP2 vs EXP1 vs PHY,direct_llm_pair,EXP2_direct vs EXP1_direct,full,single_label,04-07-00,5,2,3,3,0.4,0.4,0.4000000000000001,
Evaluation 3: EXP2 vs EXP1 vs PHY,direct_llm_pair,EXP2_direct vs EXP1_direct,full,single_label,04-08-00,34,14,5,20,0.7368421052631579,0.4117647058823529,0.5283018867924528,
Evaluation 3: EXP2 vs EXP1 vs PHY,direct_llm_pair,EXP2_direct vs EXP1_direct,full,single_label,04-09-00,37,14,37,23,0.27450980392156865,0.3783783783783784,0.3181818181818182,
Evaluation 3: EXP2 vs EXP1 vs PHY,direct_llm_pair,EXP2_direct vs EXP1_direct,full,single_label,04-99-00,46,19,60,27,0.24050632911392406,0.41304347826086957,0.304,
Evaluation 3: EXP2 vs EXP1 vs PHY,direct_llm_pair,EXP2_direct vs EXP1_direct,full,single_label,05-00-00,9,8,94,1,0.0784313725490196,0.8888888888888888,0.14414414414414414,
Evaluation 3: EXP2 vs EXP1 vs PHY,direct_llm_pair,EXP2_direct vs EXP1_direct,full,single_label,05-02-00,0,0,1,0,0.0,,,
Evaluation 3: EXP2 vs EXP1 vs PHY,direct_llm_pair,EXP2_direct vs EXP1_direct,full,single_label,05-03-00,112,26,14,86,0.65,0.23214285714285715,0.3421052631578948,
Evaluation 3: EXP2 vs EXP1 vs PHY,direct_llm_pair,EXP2_direct vs EXP1_direct,full,single_label,05-04-00,5,1,4,4,0.2,0.2,0.20000000000000004,
Evaluation 3: EXP2 vs EXP1 vs PHY,direct_llm_pair,EXP2_direct vs EXP1_direct,full,single_label,05-05-00,276,128,39,148,0.7664670658682635,0.463768115942029,0.5778781038374717,
Evaluation 3: EXP2 vs EXP1 vs PHY,direct_llm_pair,EXP2_direct vs EXP1_direct,full,single_label,05-06-00,123,61,26,62,0.7011494252873564,0.4959349593495935,0.5809523809523809,
Evaluation 3: EXP2 vs EXP1 vs PHY,direct_llm_pair,EXP2_direct vs EXP1_direct,full,single_label,05-08-00,34,18,27,16,0.4,0.5294117647058824,0.4556962025316456,
Evaluation 3: EXP2 vs EXP1 vs PHY,direct_llm_pair,EXP2_direct vs EXP1_direct,full,single_label,05-09-00,1,0,0,1,,0.0,,
Evaluation 3: EXP2 vs EXP1 vs PHY,direct_llm_pair,EXP2_direct vs EXP1_direct,full,single_label,05-99-00,6,2,5,4,0.2857142857142857,0.3333333333333333,0.30769230769230765,
Evaluation 3: EXP2 vs EXP1 vs PHY,direct_llm_pair,EXP2_direct vs EXP1_direct,full,single_label,BLANK,0,0,17,0,0.0,,,
Evaluation 3: EXP2 vs EXP1 vs PHY,direct_llm_pair,EXP2_direct vs EXP1_direct,level2,single_label,00-01,2,0,6,2,0.0,0.0,,
Evaluation 3: EXP2 vs EXP1 vs PHY,direct_llm_pair,EXP2_direct vs EXP1_direct,level2,single_label,00-02,91,36,798,55,0.04316546762589928,0.3956043956043956,0.07783783783783785,
Evaluation 3: EXP2 vs EXP1 vs PHY,direct_llm_pair,EXP2_direct vs EXP1_direct,level2,single_label,00-03,66,13,18,53,0.41935483870967744,0.19696969696969696,0.26804123711340205,
Evaluation 3: EXP2 vs EXP1 vs PHY,direct_llm_pair,EXP2_direct vs EXP1_direct,level2,single_label,00-04,13,1,9,12,0.1,0.07692307692307693,0.08695652173913043,
Evaluation 3: EXP2 vs EXP1 vs PHY,direct_llm_pair,EXP2_direct vs EXP1_direct,level2,single_label,01-00,0,0,1,0,0.0,,,
Evaluation 3: EXP2 vs EXP1 vs PHY,direct_llm_pair,EXP2_direct vs EXP1_direct,level2,single_label,01-01,1218,735,401,483,0.6470070422535211,0.603448275862069,0.6244689889549704,
Evaluation 3: EXP2 vs EXP1 vs PHY,direct_llm_pair,EXP2_direct vs EXP1_direct,level2,single_label,01-03,6,0,1,6,0.0,0.0,,
Evaluation 3: EXP2 vs EXP1 vs PHY,direct_llm_pair,EXP2_direct vs EXP1_direct,level2,single_label,01-04,337,189,227,148,0.4543269230769231,0.5608308605341247,0.50199203187251,
Evaluation 3: EXP2 vs EXP1 vs PHY,direct_llm_pair,EXP2_direct vs EXP1_direct,level2,single_label,01-05,213,86,61,127,0.5850340136054422,0.40375586854460094,0.47777777777777775,
Evaluation 3: EXP2 vs EXP1 vs PHY,direct_llm_pair,EXP2_direct vs EXP1_direct,level2,single_label,01-06,0,0,1,0,0.0,,,
Evaluation 3: EXP2 vs EXP1 vs PHY,direct_llm_pair,EXP2_direct vs EXP1_direct,level2,single_label,01-07,3,2,0,1,1.0,0.6666666666666666,0.8,
Evaluation 3: EXP2 vs EXP1 vs PHY,direct_llm_pair,EXP2_direct vs EXP1_direct,level2,single_label,01-99,6,1,0,5,1.0,0.16666666666666666,0.2857142857142857,
Evaluation 3: EXP2 vs EXP1 vs PHY,direct_llm_pair,EXP2_direct vs EXP1_direct,level2,single_label,02-00,1,0,10,1,0.0,0.0,,
Evaluation 3: EXP2 vs EXP1 vs PHY,direct_llm_pair,EXP2_direct vs EXP1_direct,level2,single_label,02-01,2,0,0,2,,0.0,,
Evaluation 3: EXP2 vs EXP1 vs PHY,direct_llm_pair,EXP2_direct vs EXP1_direct,level2,single_label,02-02,7,2,0,5,1.0,0.2857142857142857,0.4444444444444445,
Evaluation 3: EXP2 vs EXP1 vs PHY,direct_llm_pair,EXP2_direct vs EXP1_direct,level2,single_label,02-03,26,11,2,15,0.8461538461538461,0.4230769230769231,0.5641025641025641,
Evaluation 3: EXP2 vs EXP1 vs PHY,direct_llm_pair,EXP2_direct vs EXP1_direct,level2,single_label,02-04,5,0,2,5,0.0,0.0,,
Evaluation 3: EXP2 vs EXP1 vs PHY,direct_llm_pair,EXP2_direct vs EXP1_direct,level2,single_label,02-05,7,2,7,5,0.2222222222222222,0.2857142857142857,0.25,
Evaluation 3: EXP2 vs EXP1 vs PHY,direct_llm_pair,EXP2_direct vs EXP1_direct,level2,single_label,02-99,3,0,6,3,0.0,0.0,,
Evaluation 3: EXP2 vs EXP1 vs PHY,direct_llm_pair,EXP2_direct vs EXP1_direct,level2,single_label,03-01,640,407,150,233,0.7307001795332136,0.6359375,0.6800334168755222,
Evaluation 3: EXP2 vs EXP1 vs PHY,direct_llm_pair,EXP2_direct vs EXP1_direct,level2,single_label,03-02,459,132,92,327,0.5892857142857143,0.2875816993464052,0.3865300146412884,
Evaluation 3: EXP2 vs EXP1 vs PHY,direct_llm_pair,EXP2_direct vs EXP1_direct,level2,single_label,03-03,376,207,83,169,0.7137931034482758,0.550531914893617,0.6216216216216216,
Evaluation 3: EXP2 vs EXP1 vs PHY,direct_llm_pair,EXP2_direct vs EXP1_direct,level2,single_label,03-04,167,58,76,109,0.43283582089552236,0.3473053892215569,0.3853820598006645,
Evaluation 3: EXP2 vs EXP1 vs PHY,direct_llm_pair,EXP2_direct vs EXP1_direct,level2,single_label,03-05,70,43,46,27,0.48314606741573035,0.6142857142857143,0.5408805031446541,
Evaluation 3: EXP2 vs EXP1 vs PHY,direct_llm_pair,EXP2_direct vs EXP1_direct,level2,single_label,03-06,161,82,75,79,0.5222929936305732,0.5093167701863354,0.5157232704402515,
Evaluation 3: EXP2 vs EXP1 vs PHY,direct_llm_pair,EXP2_direct vs EXP1_direct,level2,single_label,03-07,60,33,68,27,0.32673267326732675,0.55,0.40993788819875776,
Evaluation 3: EXP2 vs EXP1 vs PHY,direct_llm_pair,EXP2_direct vs EXP1_direct,level2,single_label,03-08,216,83,38,133,0.6859504132231405,0.38425925925925924,0.4925816023738873,
Evaluation 3: EXP2 vs EXP1 vs PHY,direct_llm_pair,EXP2_direct vs EXP1_direct,level2,single_label,03-09,63,15,29,48,0.3409090909090909,0.23809523809523808,0.2803738317757009,
Evaluation 3: EXP2 vs EXP1 vs PHY,direct_llm_pair,EXP2_direct vs EXP1_direct,level2,single_label,03-99,7,0,4,7,0.0,0.0,,
Evaluation 3: EXP2 vs EXP1 vs PHY,direct_llm_pair,EXP2_direct vs EXP1_direct,level2,single_label,04-00,11,1,21,10,0.045454545454545456,0.09090909090909091,0.060606060606060615,
Evaluation 3: EXP2 vs EXP1 vs PHY,direct_llm_pair,EXP2_direct vs EXP1_direct,level2,single_label,04-01,43,13,12,30,0.52,0.3023255813953488,0.38235294117647056,
Evaluation 3: EXP2 vs EXP1 vs PHY,direct_llm_pair,EXP2_direct vs EXP1_direct,level2,single_label,04-02,28,9,9,19,0.5,0.32142857142857145,0.391304347826087,
Evaluation 3: EXP2 vs EXP1 vs PHY,direct_llm_pair,EXP2_direct vs EXP1_direct,level2,single_label,04-03,77,37,0,40,1.0,0.4805194805194805,0.6491228070175439,
Evaluation 3: EXP2 vs EXP1 vs PHY,direct_llm_pair,EXP2_direct vs EXP1_direct,level2,single_label,04-04,7,4,1,3,0.8,0.5714285714285714,0.6666666666666666,
Evaluation 3: EXP2 vs EXP1 vs PHY,direct_llm_pair,EXP2_direct vs EXP1_direct,level2,single_label,04-05,43,24,12,19,0.6666666666666666,0.5581395348837209,0.6075949367088608,
Evaluation 3: EXP2 vs EXP1 vs PHY,direct_llm_pair,EXP2_direct vs EXP1_direct,level2,single_label,04-06,28,20,13,8,0.6060606060606061,0.7142857142857143,0.6557377049180327,
Evaluation 3: EXP2 vs EXP1 vs PHY,direct_llm_pair,EXP2_direct vs EXP1_direct,level2,single_label,04-07,5,2,3,3,0.4,0.4,0.4000000000000001,
Evaluation 3: EXP2 vs EXP1 vs PHY,direct_llm_pair,EXP2_direct vs EXP1_direct,level2,single_label,04-08,34,14,5,20,0.7368421052631579,0.4117647058823529,0.5283018867924528,
Evaluation 3: EXP2 vs EXP1 vs PHY,direct_llm_pair,EXP2_direct vs EXP1_direct,level2,single_label,04-09,37,14,37,23,0.27450980392156865,0.3783783783783784,0.3181818181818182,
Evaluation 3: EXP2 vs EXP1 vs PHY,direct_llm_pair,EXP2_direct vs EXP1_direct,level2,single_label,04-99,46,19,60,27,0.24050632911392406,0.41304347826086957,0.304,
Evaluation 3: EXP2 vs EXP1 vs PHY,direct_llm_pair,EXP2_direct vs EXP1_direct,level2,single_label,05-00,9,8,94,1,0.0784313725490196,0.8888888888888888,0.14414414414414414,
Evaluation 3: EXP2 vs EXP1 vs PHY,direct_llm_pair,EXP2_direct vs EXP1_direct,level2,single_label,05-02,0,0,1,0,0.0,,,
Evaluation 3: EXP2 vs EXP1 vs PHY,direct_llm_pair,EXP2_direct vs EXP1_direct,level2,single_label,05-03,112,26,14,86,0.65,0.23214285714285715,0.3421052631578948,
Evaluation 3: EXP2 vs EXP1 vs PHY,direct_llm_pair,EXP2_direct vs EXP1_direct,level2,single_label,05-04,5,1,4,4,0.2,0.2,0.20000000000000004,
Evaluation 3: EXP2 vs EXP1 vs PHY,direct_llm_pair,EXP2_direct vs EXP1_direct,level2,single_label,05-05,276,128,39,148,0.7664670658682635,0.463768115942029,0.5778781038374717,
Evaluation 3: EXP2 vs EXP1 vs PHY,direct_llm_pair,EXP2_direct vs EXP1_direct,level2,single_label,05-06,123,61,26,62,0.7011494252873564,0.4959349593495935,0.5809523809523809,
Evaluation 3: EXP2 vs EXP1 vs PHY,direct_llm_pair,EXP2_direct vs EXP1_direct,level2,single_label,05-08,34,18,27,16,0.4,0.5294117647058824,0.4556962025316456,
Evaluation 3: EXP2 vs EXP1 vs PHY,direct_llm_pair,EXP2_direct vs EXP1_direct,level2,single_label,05-09,1,0,0,1,,0.0,,
Evaluation 3: EXP2 vs EXP1 vs PHY,direct_llm_pair,EXP2_direct vs EXP1_direct,level2,single_label,05-99,6,2,5,4,0.2857142857142857,0.3333333333333333,0.30769230769230765,
Evaluation 3: EXP2 vs EXP1 vs PHY,direct_llm_pair,EXP2_direct vs EXP1_direct,level2,single_label,BLANK,0,0,17,0,0.0,,,
Evaluation 3: EXP2 vs EXP1 vs PHY,direct_llm_pair,EXP2_direct vs EXP1_direct,level1,single_label,00,172,96,785,76,0.10896708286038592,0.5581395348837209,0.18233618233618232,
Evaluation 3: EXP2 vs EXP1 vs PHY,direct_llm_pair,EXP2_direct vs EXP1_direct,level1,single_label,01,1783,1231,474,552,0.7219941348973608,0.6904094223219294,0.7058486238532111,
Evaluation 3: EXP2 vs EXP1 vs PHY,direct_llm_pair,EXP2_direct vs EXP1_direct,level1,single_label,02,51,32,10,19,0.7619047619047619,0.6274509803921569,0.6881720430107526,
Evaluation 3: EXP2 vs EXP1 vs PHY,direct_llm_pair,EXP2_direct vs EXP1_direct,level1,single_label,03,2219,1446,275,773,0.8402091807088902,0.6516448850833709,0.734010152284264,
Evaluation 3: EXP2 vs EXP1 vs PHY,direct_llm_pair,EXP2_direct vs EXP1_direct,level1,single_label,04,359,253,77,106,0.7666666666666667,0.7047353760445683,0.7343976777939042,
Evaluation 3: EXP2 vs EXP1 vs PHY,direct_llm_pair,EXP2_direct vs EXP1_direct,level1,single_label,05,566,417,37,149,0.9185022026431718,0.7367491166077739,0.8176470588235294,
Evaluation 3: EXP2 vs EXP1 vs PHY,direct_llm_pair,EXP2_direct vs EXP1_direct,level1,single_label,BLANK,0,0,17,0,0.0,,,
Evaluation 3: EXP2 vs EXP1 vs PHY,underlying_llm_pair,EXP2_underlying vs EXP1_underlying,full,single_label,00-01-00,1,0,4,1,0.0,0.0,,
Evaluation 3: EXP2 vs EXP1 vs PHY,underlying_llm_pair,EXP2_underlying vs EXP1_underlying,full,single_label,00-02-00,49,22,128,27,0.14666666666666667,0.4489795918367347,0.22110552763819097,
Evaluation 3: EXP2 vs EXP1 vs PHY,underlying_llm_pair,EXP2_underlying vs EXP1_underlying,full,single_label,00-03-00,65,13,19,52,0.40625,0.2,0.2680412371134021,
Evaluation 3: EXP2 vs EXP1 vs PHY,underlying_llm_pair,EXP2_underlying vs EXP1_underlying,full,single_label,00-04-00,2,0,5,2,0.0,0.0,,
Evaluation 3: EXP2 vs EXP1 vs PHY,underlying_llm_pair,EXP2_underlying vs EXP1_underlying,full,single_label,01-00-00,0,0,1,0,0.0,,,
Evaluation 3: EXP2 vs EXP1 vs PHY,underlying_llm_pair,EXP2_underlying vs EXP1_underlying,full,single_label,01-01-00,94,56,258,38,0.17834394904458598,0.5957446808510638,0.27450980392156865,
Evaluation 3: EXP2 vs EXP1 vs PHY,underlying_llm_pair,EXP2_underlying vs EXP1_underlying,full,single_label,01-01-01,452,216,47,236,0.8212927756653993,0.4778761061946903,0.6041958041958042,
Evaluation 3: EXP2 vs EXP1 vs PHY,underlying_llm_pair,EXP2_underlying vs EXP1_underlying,full,single_label,01-01-02,84,60,50,24,0.5454545454545454,0.7142857142857143,0.6185567010309277,
Evaluation 3: EXP2 vs EXP1 vs PHY,underlying_llm_pair,EXP2_underlying vs EXP1_underlying,full,single_label,01-01-03,3,2,7,1,0.2222222222222222,0.6666666666666666,0.3333333333333333,
Evaluation 3: EXP2 vs EXP1 vs PHY,underlying_llm_pair,EXP2_underlying vs EXP1_underlying,full,single_label,01-01-04,300,205,161,95,0.5601092896174863,0.6833333333333333,0.6156156156156155,
Evaluation 3: EXP2 vs EXP1 vs PHY,underlying_llm_pair,EXP2_underlying vs EXP1_underlying,full,single_label,01-01-05,79,37,84,42,0.30578512396694213,0.46835443037974683,0.37,
Evaluation 3: EXP2 vs EXP1 vs PHY,underlying_llm_pair,EXP2_underlying vs EXP1_underlying,full,single_label,01-01-06,30,3,32,27,0.08571428571428572,0.1,0.09230769230769231,
Evaluation 3: EXP2 vs EXP1 vs PHY,underlying_llm_pair,EXP2_underlying vs EXP1_underlying,full,single_label,01-01-99,46,9,17,37,0.34615384615384615,0.1956521739130435,0.25,
Evaluation 3: EXP2 vs EXP1 vs PHY,underlying_llm_pair,EXP2_underlying vs EXP1_underlying,full,single_label,01-03-00,14,1,5,13,0.16666666666666666,0.07142857142857142,0.1,
Evaluation 3: EXP2 vs EXP1 vs PHY,underlying_llm_pair,EXP2_underlying vs EXP1_underlying,full,single_label,01-04-00,3,0,1,3,0.0,0.0,,
Evaluation 3: EXP2 vs EXP1 vs PHY,underlying_llm_pair,EXP2_underlying vs EXP1_underlying,full,single_label,01-04-01,140,97,63,43,0.60625,0.6928571428571428,0.6466666666666666,
Evaluation 3: EXP2 vs EXP1 vs PHY,underlying_llm_pair,EXP2_underlying vs EXP1_underlying,full,single_label,01-04-02,678,587,127,91,0.8221288515406162,0.8657817109144543,0.8433908045977012,
Evaluation 3: EXP2 vs EXP1 vs PHY,underlying_llm_pair,EXP2_underlying vs EXP1_underlying,full,single_label,01-04-03,29,2,1,27,0.6666666666666666,0.06896551724137931,0.125,
Evaluation 3: EXP2 vs EXP1 vs PHY,underlying_llm_pair,EXP2_underlying vs EXP1_underlying,full,single_label,01-04-99,1,0,0,1,,0.0,,
Evaluation 3: EXP2 vs EXP1 vs PHY,underlying_llm_pair,EXP2_underlying vs EXP1_underlying,full,single_label,01-05-00,141,84,71,57,0.5419354838709678,0.5957446808510638,0.5675675675675675,
Evaluation 3: EXP2 vs EXP1 vs PHY,underlying_llm_pair,EXP2_underlying vs EXP1_underlying,full,single_label,01-06-00,1,1,0,0,1.0,1.0,1.0,
Evaluation 3: EXP2 vs EXP1 vs PHY,underlying_llm_pair,EXP2_underlying vs EXP1_underlying,full,single_label,01-07-00,3,2,0,1,1.0,0.6666666666666666,0.8,
Evaluation 3: EXP2 vs EXP1 vs PHY,underlying_llm_pair,EXP2_underlying vs EXP1_underlying,full,single_label,01-99-00,32,2,0,30,1.0,0.0625,0.11764705882352941,
Evaluation 3: EXP2 vs EXP1 vs PHY,underlying_llm_pair,EXP2_underlying vs EXP1_underlying,full,single_label,02-00-00,1,1,11,0,0.08333333333333333,1.0,0.15384615384615385,
Evaluation 3: EXP2 vs EXP1 vs PHY,underlying_llm_pair,EXP2_underlying vs EXP1_underlying,full,single_label,02-01-00,5,0,1,5,0.0,0.0,,
Evaluation 3: EXP2 vs EXP1 vs PHY,underlying_llm_pair,EXP2_underlying vs EXP1_underlying,full,single_label,02-02-00,10,2,2,8,0.5,0.2,0.28571428571428575,
Evaluation 3: EXP2 vs EXP1 vs PHY,underlying_llm_pair,EXP2_underlying vs EXP1_underlying,full,single_label,02-03-00,16,6,4,10,0.6,0.375,0.4615384615384615,
Evaluation 3: EXP2 vs EXP1 vs PHY,underlying_llm_pair,EXP2_underlying vs EXP1_underlying,full,single_label,02-04-00,86,30,11,56,0.7317073170731707,0.3488372093023256,0.4724409448818898,
Evaluation 3: EXP2 vs EXP1 vs PHY,underlying_llm_pair,EXP2_underlying vs EXP1_underlying,full,single_label,02-05-00,7,5,4,2,0.5555555555555556,0.7142857142857143,0.6250000000000001,
Evaluation 3: EXP2 vs EXP1 vs PHY,underlying_llm_pair,EXP2_underlying vs EXP1_underlying,full,single_label,02-06-00,3,2,0,1,1.0,0.6666666666666666,0.8,
Evaluation 3: EXP2 vs EXP1 vs PHY,underlying_llm_pair,EXP2_underlying vs EXP1_underlying,full,single_label,02-99-00,7,3,15,4,0.16666666666666666,0.42857142857142855,0.24,
Evaluation 3: EXP2 vs EXP1 vs PHY,underlying_llm_pair,EXP2_underlying vs EXP1_underlying,full,single_label,03-00-00,0,0,1,0,0.0,,,
Evaluation 3: EXP2 vs EXP1 vs PHY,underlying_llm_pair,EXP2_underlying vs EXP1_underlying,full,single_label,03-01-00,7,2,17,5,0.10526315789473684,0.2857142857142857,0.15384615384615385,
Evaluation 3: EXP2 vs EXP1 vs PHY,underlying_llm_pair,EXP2_underlying vs EXP1_underlying,full,single_label,03-01-01,293,156,99,137,0.611764705882353,0.5324232081911263,0.5693430656934307,
Evaluation 3: EXP2 vs EXP1 vs PHY,underlying_llm_pair,EXP2_underlying vs EXP1_underlying,full,single_label,03-01-02,105,44,60,61,0.4230769230769231,0.41904761904761906,0.4210526315789474,
Evaluation 3: EXP2 vs EXP1 vs PHY,underlying_llm_pair,EXP2_underlying vs EXP1_underlying,full,single_label,03-01-03,75,26,32,49,0.4482758620689655,0.3466666666666667,0.39097744360902253,
Evaluation 3: EXP2 vs EXP1 vs PHY,underlying_llm_pair,EXP2_underlying vs EXP1_underlying,full,single_label,03-01-04,202,113,98,89,0.5355450236966824,0.5594059405940595,0.5472154963680388,
Evaluation 3: EXP2 vs EXP1 vs PHY,underlying_llm_pair,EXP2_underlying vs EXP1_underlying,full,single_label,03-01-99,49,9,13,40,0.4090909090909091,0.1836734693877551,0.2535211267605634,
Evaluation 3: EXP2 vs EXP1 vs PHY,underlying_llm_pair,EXP2_underlying vs EXP1_underlying,full,single_label,03-02-00,6,0,12,6,0.0,0.0,,
Evaluation 3: EXP2 vs EXP1 vs PHY,underlying_llm_pair,EXP2_underlying vs EXP1_underlying,full,single_label,03-02-01,11,6,21,5,0.2222222222222222,0.5454545454545454,0.3157894736842105,
Evaluation 3: EXP2 vs EXP1 vs PHY,underlying_llm_pair,EXP2_underlying vs EXP1_underlying,full,single_label,03-02-02,62,38,11,24,0.7755102040816326,0.6129032258064516,0.6846846846846848,
Evaluation 3: EXP2 vs EXP1 vs PHY,underlying_llm_pair,EXP2_underlying vs EXP1_underlying,full,single_label,03-02-99,2,1,1,1,0.5,0.5,0.5,
Evaluation 3: EXP2 vs EXP1 vs PHY,underlying_llm_pair,EXP2_underlying vs EXP1_underlying,full,single_label,03-03-00,7,2,40,5,0.047619047619047616,0.2857142857142857,0.08163265306122448,
Evaluation 3: EXP2 vs EXP1 vs PHY,underlying_llm_pair,EXP2_underlying vs EXP1_underlying,full,single_label,03-03-01,49,24,12,25,0.6666666666666666,0.4897959183673469,0.5647058823529412,
Evaluation 3: EXP2 vs EXP1 vs PHY,underlying_llm_pair,EXP2_underlying vs EXP1_underlying,full,single_label,03-03-02,158,98,22,60,0.8166666666666667,0.620253164556962,0.7050359712230216,
Evaluation 3: EXP2 vs EXP1 vs PHY,underlying_llm_pair,EXP2_underlying vs EXP1_underlying,full,single_label,03-03-03,79,35,30,44,0.5384615384615384,0.4430379746835443,0.48611111111111105,
Evaluation 3: EXP2 vs EXP1 vs PHY,underlying_llm_pair,EXP2_underlying vs EXP1_underlying,full,single_label,03-03-99,13,0,12,13,0.0,0.0,,
Evaluation 3: EXP2 vs EXP1 vs PHY,underlying_llm_pair,EXP2_underlying vs EXP1_underlying,full,single_label,03-04-00,3,0,3,3,0.0,0.0,,
Evaluation 3: EXP2 vs EXP1 vs PHY,underlying_llm_pair,EXP2_underlying vs EXP1_underlying,full,single_label,03-04-01,13,1,3,12,0.25,0.07692307692307693,0.11764705882352941,
Evaluation 3: EXP2 vs EXP1 vs PHY,underlying_llm_pair,EXP2_underlying vs EXP1_underlying,full,single_label,03-04-02,67,55,26,12,0.6790123456790124,0.8208955223880597,0.7432432432432432,
Evaluation 3: EXP2 vs EXP1 vs PHY,underlying_llm_pair,EXP2_underlying vs EXP1_underlying,full,single_label,03-04-99,31,7,15,24,0.3181818181818182,0.22580645161290322,0.2641509433962264,
Evaluation 3: EXP2 vs EXP1 vs PHY,underlying_llm_pair,EXP2_underlying vs EXP1_underlying,full,single_label,03-05-00,1,0,3,1,0.0,0.0,,
Evaluation 3: EXP2 vs EXP1 vs PHY,underlying_llm_pair,EXP2_underlying vs EXP1_underlying,full,single_label,03-05-01,95,74,36,21,0.6727272727272727,0.7789473684210526,0.7219512195121951,
Evaluation 3: EXP2 vs EXP1 vs PHY,underlying_llm_pair,EXP2_underlying vs EXP1_underlying,full,single_label,03-05-99,2,0,1,2,0.0,0.0,,
Evaluation 3: EXP2 vs EXP1 vs PHY,underlying_llm_pair,EXP2_underlying vs EXP1_underlying,full,single_label,03-06-00,10,4,31,6,0.11428571428571428,0.4,0.17777777777777776,
Evaluation 3: EXP2 vs EXP1 vs PHY,underlying_llm_pair,EXP2_underlying vs EXP1_underlying,full,single_label,03-06-01,17,11,2,6,0.8461538461538461,0.6470588235294118,0.7333333333333334,
Evaluation 3: EXP2 vs EXP1 vs PHY,underlying_llm_pair,EXP2_underlying vs EXP1_underlying,full,single_label,03-06-02,80,41,3,39,0.9318181818181818,0.5125,0.661290322580645,
Evaluation 3: EXP2 vs EXP1 vs PHY,underlying_llm_pair,EXP2_underlying vs EXP1_underlying,full,single_label,03-06-03,15,6,2,9,0.75,0.4,0.5217391304347827,
Evaluation 3: EXP2 vs EXP1 vs PHY,underlying_llm_pair,EXP2_underlying vs EXP1_underlying,full,single_label,03-06-04,52,18,32,34,0.36,0.34615384615384615,0.35294117647058826,
Evaluation 3: EXP2 vs EXP1 vs PHY,underlying_llm_pair,EXP2_underlying vs EXP1_underlying,full,single_label,03-06-05,11,7,0,4,1.0,0.6363636363636364,0.7777777777777778,
Evaluation 3: EXP2 vs EXP1 vs PHY,underlying_llm_pair,EXP2_underlying vs EXP1_underlying,full,single_label,03-06-06,6,2,2,4,0.5,0.3333333333333333,0.4,
Evaluation 3: EXP2 vs EXP1 vs PHY,underlying_llm_pair,EXP2_underlying vs EXP1_underlying,full,single_label,03-06-07,35,17,1,18,0.9444444444444444,0.4857142857142857,0.6415094339622641,
Evaluation 3: EXP2 vs EXP1 vs PHY,underlying_llm_pair,EXP2_underlying vs EXP1_underlying,full,single_label,03-06-99,83,32,23,51,0.5818181818181818,0.3855421686746988,0.463768115942029,
Evaluation 3: EXP2 vs EXP1 vs PHY,underlying_llm_pair,EXP2_underlying vs EXP1_underlying,full,single_label,03-07-00,0,0,2,0,0.0,,,
Evaluation 3: EXP2 vs EXP1 vs PHY,underlying_llm_pair,EXP2_underlying vs EXP1_underlying,full,single_label,03-07-01,51,26,39,25,0.4,0.5098039215686274,0.4482758620689655,
Evaluation 3: EXP2 vs EXP1 vs PHY,underlying_llm_pair,EXP2_underlying vs EXP1_underlying,full,single_label,03-07-99,27,3,4,24,0.42857142857142855,0.1111111111111111,0.17647058823529413,
Evaluation 3: EXP2 vs EXP1 vs PHY,underlying_llm_pair,EXP2_underlying vs EXP1_underlying,full,single_label,03-08-00,37,16,55,21,0.22535211267605634,0.43243243243243246,0.2962962962962963,
Evaluation 3: EXP2 vs EXP1 vs PHY,underlying_llm_pair,EXP2_underlying vs EXP1_underlying,full,single_label,03-08-99,8,1,5,7,0.16666666666666666,0.125,0.14285714285714288,
Evaluation 3: EXP2 vs EXP1 vs PHY,underlying_llm_pair,EXP2_underlying vs EXP1_underlying,full,single_label,03-09-01,83,37,22,46,0.6271186440677966,0.4457831325301205,0.5211267605633804,
Evaluation 3: EXP2 vs EXP1 vs PHY,underlying_llm_pair,EXP2_underlying vs EXP1_underlying,full,single_label,03-99-00,36,11,13,25,0.4583333333333333,0.3055555555555556,0.3666666666666667,
Evaluation 3: EXP2 vs EXP1 vs PHY,underlying_llm_pair,EXP2_underlying vs EXP1_underlying,full,single_label,04-00-00,1,0,21,1,0.0,0.0,,
Evaluation 3: EXP2 vs EXP1 vs PHY,underlying_llm_pair,EXP2_underlying vs EXP1_underlying,full,single_label,04-01-00,98,66,2,32,0.9705882352941176,0.673469387755102,0.7951807228915663,
Evaluation 3: EXP2 vs EXP1 vs PHY,underlying_llm_pair,EXP2_underlying vs EXP1_underlying,full,single_label,04-02-00,33,12,10,21,0.5454545454545454,0.36363636363636365,0.43636363636363634,
Evaluation 3: EXP2 vs EXP1 vs PHY,underlying_llm_pair,EXP2_underlying vs EXP1_underlying,full,single_label,04-03-00,59,35,3,24,0.9210526315789473,0.5932203389830508,0.7216494845360825,
Evaluation 3: EXP2 vs EXP1 vs PHY,underlying_llm_pair,EXP2_underlying vs EXP1_underlying,full,single_label,04-04-00,5,3,1,2,0.75,0.6,0.6666666666666665,
Evaluation 3: EXP2 vs EXP1 vs PHY,underlying_llm_pair,EXP2_underlying vs EXP1_underlying,full,single_label,04-05-00,56,28,10,28,0.7368421052631579,0.5,0.5957446808510638,
Evaluation 3: EXP2 vs EXP1 vs PHY,underlying_llm_pair,EXP2_underlying vs EXP1_underlying,full,single_label,04-06-00,34,29,12,5,0.7073170731707317,0.8529411764705882,0.7733333333333334,
Evaluation 3: EXP2 vs EXP1 vs PHY,underlying_llm_pair,EXP2_underlying vs EXP1_underlying,full,single_label,04-07-00,8,6,2,2,0.75,0.75,0.75,
Evaluation 3: EXP2 vs EXP1 vs PHY,underlying_llm_pair,EXP2_underlying vs EXP1_underlying,full,single_label,04-08-00,41,25,10,16,0.7142857142857143,0.6097560975609756,0.6578947368421052,
Evaluation 3: EXP2 vs EXP1 vs PHY,underlying_llm_pair,EXP2_underlying vs EXP1_underlying,full,single_label,04-09-00,15,7,33,8,0.175,0.4666666666666667,0.2545454545454546,
Evaluation 3: EXP2 vs EXP1 vs PHY,underlying_llm_pair,EXP2_underlying vs EXP1_underlying,full,single_label,04-99-00,19,9,71,10,0.1125,0.47368421052631576,0.18181818181818182,
Evaluation 3: EXP2 vs EXP1 vs PHY,underlying_llm_pair,EXP2_underlying vs EXP1_underlying,full,single_label,05-00-00,11,8,103,3,0.07207207207207207,0.7272727272727273,0.13114754098360656,
Evaluation 3: EXP2 vs EXP1 vs PHY,underlying_llm_pair,EXP2_underlying vs EXP1_underlying,full,single_label,05-02-00,0,0,1,0,0.0,,,
Evaluation 3: EXP2 vs EXP1 vs PHY,underlying_llm_pair,EXP2_underlying vs EXP1_underlying,full,single_label,05-03-00,171,60,8,111,0.8823529411764706,0.3508771929824561,0.502092050209205,
Evaluation 3: EXP2 vs EXP1 vs PHY,underlying_llm_pair,EXP2_underlying vs EXP1_underlying,full,single_label,05-04-00,27,8,2,19,0.8,0.2962962962962963,0.43243243243243246,
Evaluation 3: EXP2 vs EXP1 vs PHY,underlying_llm_pair,EXP2_underlying vs EXP1_underlying,full,single_label,05-05-00,154,43,37,111,0.5375,0.2792207792207792,0.36752136752136755,
Evaluation 3: EXP2 vs EXP1 vs PHY,underlying_llm_pair,EXP2_underlying vs EXP1_underlying,full,single_label,05-06-00,117,69,34,48,0.6699029126213593,0.5897435897435898,0.6272727272727273,
Evaluation 3: EXP2 vs EXP1 vs PHY,underlying_llm_pair,EXP2_underlying vs EXP1_underlying,full,single_label,05-08-00,28,15,42,13,0.2631578947368421,0.5357142857142857,0.35294117647058815,
Evaluation 3: EXP2 vs EXP1 vs PHY,underlying_llm_pair,EXP2_underlying vs EXP1_underlying,full,single_label,05-09-00,1,1,0,0,1.0,1.0,1.0,
Evaluation 3: EXP2 vs EXP1 vs PHY,underlying_llm_pair,EXP2_underlying vs EXP1_underlying,full,single_label,05-99-00,9,4,6,5,0.4,0.4444444444444444,0.4210526315789474,
Evaluation 3: EXP2 vs EXP1 vs PHY,underlying_llm_pair,EXP2_underlying vs EXP1_underlying,full,single_label,BLANK,0,0,10,0,0.0,,,
Evaluation 3: EXP2 vs EXP1 vs PHY,underlying_llm_pair,EXP2_underlying vs EXP1_underlying,level2,single_label,00-01,1,0,4,1,0.0,0.0,,
Evaluation 3: EXP2 vs EXP1 vs PHY,underlying_llm_pair,EXP2_underlying vs EXP1_underlying,level2,single_label,00-02,49,22,128,27,0.14666666666666667,0.4489795918367347,0.22110552763819097,
Evaluation 3: EXP2 vs EXP1 vs PHY,underlying_llm_pair,EXP2_underlying vs EXP1_underlying,level2,single_label,00-03,65,13,19,52,0.40625,0.2,0.2680412371134021,
Evaluation 3: EXP2 vs EXP1 vs PHY,underlying_llm_pair,EXP2_underlying vs EXP1_underlying,level2,single_label,00-04,2,0,5,2,0.0,0.0,,
Evaluation 3: EXP2 vs EXP1 vs PHY,underlying_llm_pair,EXP2_underlying vs EXP1_underlying,level2,single_label,01-00,0,0,1,0,0.0,,,
Evaluation 3: EXP2 vs EXP1 vs PHY,underlying_llm_pair,EXP2_underlying vs EXP1_underlying,level2,single_label,01-01,1088,869,375,219,0.6985530546623794,0.7987132352941176,0.7452830188679246,
Evaluation 3: EXP2 vs EXP1 vs PHY,underlying_llm_pair,EXP2_underlying vs EXP1_underlying,level2,single_label,01-03,14,1,5,13,0.16666666666666666,0.07142857142857142,0.1,
Evaluation 3: EXP2 vs EXP1 vs PHY,underlying_llm_pair,EXP2_underlying vs EXP1_underlying,level2,single_label,01-04,851,748,130,103,0.8519362186788155,0.8789659224441834,0.86524002313476,
Evaluation 3: EXP2 vs EXP1 vs PHY,underlying_llm_pair,EXP2_underlying vs EXP1_underlying,level2,single_label,01-05,141,84,71,57,0.5419354838709678,0.5957446808510638,0.5675675675675675,
Evaluation 3: EXP2 vs EXP1 vs PHY,underlying_llm_pair,EXP2_underlying vs EXP1_underlying,level2,single_label,01-06,1,1,0,0,1.0,1.0,1.0,
Evaluation 3: EXP2 vs EXP1 vs PHY,underlying_llm_pair,EXP2_underlying vs EXP1_underlying,level2,single_label,01-07,3,2,0,1,1.0,0.6666666666666666,0.8,
Evaluation 3: EXP2 vs EXP1 vs PHY,underlying_llm_pair,EXP2_underlying vs EXP1_underlying,level2,single_label,01-99,32,2,0,30,1.0,0.0625,0.11764705882352941,
Evaluation 3: EXP2 vs EXP1 vs PHY,underlying_llm_pair,EXP2_underlying vs EXP1_underlying,level2,single_label,02-00,1,1,11,0,0.08333333333333333,1.0,0.15384615384615385,
Evaluation 3: EXP2 vs EXP1 vs PHY,underlying_llm_pair,EXP2_underlying vs EXP1_underlying,level2,single_label,02-01,5,0,1,5,0.0,0.0,,
Evaluation 3: EXP2 vs EXP1 vs PHY,underlying_llm_pair,EXP2_underlying vs EXP1_underlying,level2,single_label,02-02,10,2,2,8,0.5,0.2,0.28571428571428575,
Evaluation 3: EXP2 vs EXP1 vs PHY,underlying_llm_pair,EXP2_underlying vs EXP1_underlying,level2,single_label,02-03,16,6,4,10,0.6,0.375,0.4615384615384615,
Evaluation 3: EXP2 vs EXP1 vs PHY,underlying_llm_pair,EXP2_underlying vs EXP1_underlying,level2,single_label,02-04,86,30,11,56,0.7317073170731707,0.3488372093023256,0.4724409448818898,
Evaluation 3: EXP2 vs EXP1 vs PHY,underlying_llm_pair,EXP2_underlying vs EXP1_underlying,level2,single_label,02-05,7,5,4,2,0.5555555555555556,0.7142857142857143,0.6250000000000001,
Evaluation 3: EXP2 vs EXP1 vs PHY,underlying_llm_pair,EXP2_underlying vs EXP1_underlying,level2,single_label,02-06,3,2,0,1,1.0,0.6666666666666666,0.8,
Evaluation 3: EXP2 vs EXP1 vs PHY,underlying_llm_pair,EXP2_underlying vs EXP1_underlying,level2,single_label,02-99,7,3,15,4,0.16666666666666666,0.42857142857142855,0.24,
Evaluation 3: EXP2 vs EXP1 vs PHY,underlying_llm_pair,EXP2_underlying vs EXP1_underlying,level2,single_label,03-00,0,0,1,0,0.0,,,
Evaluation 3: EXP2 vs EXP1 vs PHY,underlying_llm_pair,EXP2_underlying vs EXP1_underlying,level2,single_label,03-01,731,552,117,179,0.8251121076233184,0.7551299589603283,0.7885714285714285,
Evaluation 3: EXP2 vs EXP1 vs PHY,underlying_llm_pair,EXP2_underlying vs EXP1_underlying,level2,single_label,03-02,81,50,40,31,0.5555555555555556,0.6172839506172839,0.584795321637427,
Evaluation 3: EXP2 vs EXP1 vs PHY,underlying_llm_pair,EXP2_underlying vs EXP1_underlying,level2,single_label,03-03,306,195,80,111,0.7090909090909091,0.6372549019607843,0.6712564543889845,
Evaluation 3: EXP2 vs EXP1 vs PHY,underlying_llm_pair,EXP2_underlying vs EXP1_underlying,level2,single_label,03-04,114,70,40,44,0.6363636363636364,0.6140350877192983,0.625,
Evaluation 3: EXP2 vs EXP1 vs PHY,underlying_llm_pair,EXP2_underlying vs EXP1_underlying,level2,single_label,03-05,98,75,39,23,0.6578947368421053,0.7653061224489796,0.7075471698113208,
Evaluation 3: EXP2 vs EXP1 vs PHY,underlying_llm_pair,EXP2_underlying vs EXP1_underlying,level2,single_label,03-06,309,186,48,123,0.7948717948717948,0.6019417475728155,0.6850828729281767,
Evaluation 3: EXP2 vs EXP1 vs PHY,underlying_llm_pair,EXP2_underlying vs EXP1_underlying,level2,single_label,03-07,78,41,33,37,0.5540540540540541,0.5256410256410257,0.5394736842105263,
Evaluation 3: EXP2 vs EXP1 vs PHY,underlying_llm_pair,EXP2_underlying vs EXP1_underlying,level2,single_label,03-08,45,20,57,25,0.2597402597402597,0.4444444444444444,0.32786885245901637,
Evaluation 3: EXP2 vs EXP1 vs PHY,underlying_llm_pair,EXP2_underlying vs EXP1_underlying,level2,single_label,03-09,83,37,22,46,0.6271186440677966,0.4457831325301205,0.5211267605633804,
Evaluation 3: EXP2 vs EXP1 vs PHY,underlying_llm_pair,EXP2_underlying vs EXP1_underlying,level2,single_label,03-99,36,11,13,25,0.4583333333333333,0.3055555555555556,0.3666666666666667,
Evaluation 3: EXP2 vs EXP1 vs PHY,underlying_llm_pair,EXP2_underlying vs EXP1_underlying,level2,single_label,04-00,1,0,21,1,0.0,0.0,,
Evaluation 3: EXP2 vs EXP1 vs PHY,underlying_llm_pair,EXP2_underlying vs EXP1_underlying,level2,single_label,04-01,98,66,2,32,0.9705882352941176,0.673469387755102,0.7951807228915663,
Evaluation 3: EXP2 vs EXP1 vs PHY,underlying_llm_pair,EXP2_underlying vs EXP1_underlying,level2,single_label,04-02,33,12,10,21,0.5454545454545454,0.36363636363636365,0.43636363636363634,
Evaluation 3: EXP2 vs EXP1 vs PHY,underlying_llm_pair,EXP2_underlying vs EXP1_underlying,level2,single_label,04-03,59,35,3,24,0.9210526315789473,0.5932203389830508,0.7216494845360825,
Evaluation 3: EXP2 vs EXP1 vs PHY,underlying_llm_pair,EXP2_underlying vs EXP1_underlying,level2,single_label,04-04,5,3,1,2,0.75,0.6,0.6666666666666665,
Evaluation 3: EXP2 vs EXP1 vs PHY,underlying_llm_pair,EXP2_underlying vs EXP1_underlying,level2,single_label,04-05,56,28,10,28,0.7368421052631579,0.5,0.5957446808510638,
Evaluation 3: EXP2 vs EXP1 vs PHY,underlying_llm_pair,EXP2_underlying vs EXP1_underlying,level2,single_label,04-06,34,29,12,5,0.7073170731707317,0.8529411764705882,0.7733333333333334,
Evaluation 3: EXP2 vs EXP1 vs PHY,underlying_llm_pair,EXP2_underlying vs EXP1_underlying,level2,single_label,04-07,8,6,2,2,0.75,0.75,0.75,
Evaluation 3: EXP2 vs EXP1 vs PHY,underlying_llm_pair,EXP2_underlying vs EXP1_underlying,level2,single_label,04-08,41,25,10,16,0.7142857142857143,0.6097560975609756,0.6578947368421052,
Evaluation 3: EXP2 vs EXP1 vs PHY,underlying_llm_pair,EXP2_underlying vs EXP1_underlying,level2,single_label,04-09,15,7,33,8,0.175,0.4666666666666667,0.2545454545454546,
Evaluation 3: EXP2 vs EXP1 vs PHY,underlying_llm_pair,EXP2_underlying vs EXP1_underlying,level2,single_label,04-99,19,9,71,10,0.1125,0.47368421052631576,0.18181818181818182,
Evaluation 3: EXP2 vs EXP1 vs PHY,underlying_llm_pair,EXP2_underlying vs EXP1_underlying,level2,single_label,05-00,11,8,103,3,0.07207207207207207,0.7272727272727273,0.13114754098360656,
Evaluation 3: EXP2 vs EXP1 vs PHY,underlying_llm_pair,EXP2_underlying vs EXP1_underlying,level2,single_label,05-02,0,0,1,0,0.0,,,
Evaluation 3: EXP2 vs EXP1 vs PHY,underlying_llm_pair,EXP2_underlying vs EXP1_underlying,level2,single_label,05-03,171,60,8,111,0.8823529411764706,0.3508771929824561,0.502092050209205,
Evaluation 3: EXP2 vs EXP1 vs PHY,underlying_llm_pair,EXP2_underlying vs EXP1_underlying,level2,single_label,05-04,27,8,2,19,0.8,0.2962962962962963,0.43243243243243246,
Evaluation 3: EXP2 vs EXP1 vs PHY,underlying_llm_pair,EXP2_underlying vs EXP1_underlying,level2,single_label,05-05,154,43,37,111,0.5375,0.2792207792207792,0.36752136752136755,
Evaluation 3: EXP2 vs EXP1 vs PHY,underlying_llm_pair,EXP2_underlying vs EXP1_underlying,level2,single_label,05-06,117,69,34,48,0.6699029126213593,0.5897435897435898,0.6272727272727273,
Evaluation 3: EXP2 vs EXP1 vs PHY,underlying_llm_pair,EXP2_underlying vs EXP1_underlying,level2,single_label,05-08,28,15,42,13,0.2631578947368421,0.5357142857142857,0.35294117647058815,
Evaluation 3: EXP2 vs EXP1 vs PHY,underlying_llm_pair,EXP2_underlying vs EXP1_underlying,level2,single_label,05-09,1,1,0,0,1.0,1.0,1.0,
Evaluation 3: EXP2 vs EXP1 vs PHY,underlying_llm_pair,EXP2_underlying vs EXP1_underlying,level2,single_label,05-99,9,4,6,5,0.4,0.4444444444444444,0.4210526315789474,
Evaluation 3: EXP2 vs EXP1 vs PHY,underlying_llm_pair,EXP2_underlying vs EXP1_underlying,level2,single_label,BLANK,0,0,10,0,0.0,,,
Evaluation 3: EXP2 vs EXP1 vs PHY,underlying_llm_pair,EXP2_underlying vs EXP1_underlying,level1,single_label,00,117,77,114,40,0.4031413612565445,0.6581196581196581,0.5,
Evaluation 3: EXP2 vs EXP1 vs PHY,underlying_llm_pair,EXP2_underlying vs EXP1_underlying,level1,single_label,01,2130,1914,375,216,0.836173001310616,0.8985915492957747,0.8662593346911066,
Evaluation 3: EXP2 vs EXP1 vs PHY,underlying_llm_pair,EXP2_underlying vs EXP1_underlying,level1,single_label,02,135,82,15,53,0.845360824742268,0.6074074074074074,0.706896551724138,
Evaluation 3: EXP2 vs EXP1 vs PHY,underlying_llm_pair,EXP2_underlying vs EXP1_underlying,level1,single_label,03,1881,1509,218,372,0.8737695425593515,0.8022328548644339,0.8364745011086474,
Evaluation 3: EXP2 vs EXP1 vs PHY,underlying_llm_pair,EXP2_underlying vs EXP1_underlying,level1,single_label,04,369,319,76,50,0.8075949367088607,0.8644986449864499,0.8350785340314136,
Evaluation 3: EXP2 vs EXP1 vs PHY,underlying_llm_pair,EXP2_underlying vs EXP1_underlying,level1,single_label,05,518,381,60,137,0.8639455782312925,0.7355212355212355,0.7945776850886339,
Evaluation 3: EXP2 vs EXP1 vs PHY,underlying_llm_pair,EXP2_underlying vs EXP1_underlying,level1,single_label,BLANK,0,0,10,0,0.0,,,
Evaluation 3: EXP2 vs EXP1 vs PHY,contributory_llm_pair,EXP2_contrib_set vs EXP1_contrib_set,full,multi_label,00-02-00,229,6,51,223,0.10526315789473684,0.026200873362445413,0.04195804195804195,0.023592872059519373
Evaluation 3: EXP2 vs EXP1 vs PHY,contributory_llm_pair,EXP2_contrib_set vs EXP1_contrib_set,full,multi_label,00-03-00,25,0,1,25,0.0,0.0,,-0.00039642268172013857
Evaluation 3: EXP2 vs EXP1 vs PHY,contributory_llm_pair,EXP2_contrib_set vs EXP1_contrib_set,full,multi_label,00-04-00,32,1,1,31,0.5,0.03125,0.058823529411764705,0.05809284665867694
Evaluation 3: EXP2 vs EXP1 vs PHY,contributory_llm_pair,EXP2_contrib_set vs EXP1_contrib_set,full,multi_label,01-00-00,1,0,0,1,,0.0,,0.0
Evaluation 3: EXP2 vs EXP1 vs PHY,contributory_llm_pair,EXP2_contrib_set vs EXP1_contrib_set,full,multi_label,01-01-00,453,161,470,292,0.2551505546751189,0.3554083885209713,0.2970479704797048,0.2113429698573208
Evaluation 3: EXP2 vs EXP1 vs PHY,contributory_llm_pair,EXP2_contrib_set vs EXP1_contrib_set,full,multi_label,01-01-01,287,59,151,228,0.28095238095238095,0.20557491289198607,0.23742454728370221,0.19730898258314408
Evaluation 3: EXP2 vs EXP1 vs PHY,contributory_llm_pair,EXP2_contrib_set vs EXP1_contrib_set,full,multi_label,01-01-02,76,19,31,57,0.38,0.25,0.30158730158730157,0.29279755182337996
Evaluation 3: EXP2 vs EXP1 vs PHY,contributory_llm_pair,EXP2_contrib_set vs EXP1_contrib_set,full,multi_label,01-01-03,5,3,9,2,0.25,0.6,0.35294117647058826,0.351998640463232
Evaluation 3: EXP2 vs EXP1 vs PHY,contributory_llm_pair,EXP2_contrib_set vs EXP1_contrib_set,full,multi_label,01-01-04,487,192,234,295,0.4507042253521127,0.3942505133470226,0.42059145673603504,0.36072626943385766
Evaluation 3: EXP2 vs EXP1 vs PHY,contributory_llm_pair,EXP2_contrib_set vs EXP1_contrib_set,full,multi_label,01-01-05,189,53,145,136,0.2676767676767677,0.2804232804232804,0.2739018087855297,0.2437653436790007
Evaluation 3: EXP2 vs EXP1 vs PHY,contributory_llm_pair,EXP2_contrib_set vs EXP1_contrib_set,full,multi_label,01-01-06,144,8,62,136,0.11428571428571428,0.05555555555555555,0.0747663551401869,0.05645033003332698
Evaluation 3: EXP2 vs EXP1 vs PHY,contributory_llm_pair,EXP2_contrib_set vs EXP1_contrib_set,full,multi_label,01-01-99,137,8,69,129,0.1038961038961039,0.058394160583941604,0.07476635514018691,0.055580454550815506
Evaluation 3: EXP2 vs EXP1 vs PHY,contributory_llm_pair,EXP2_contrib_set vs EXP1_contrib_set,full,multi_label,01-03-00,19,1,22,18,0.043478260869565216,0.05263157894736842,0.04761904761904762,0.043517679057119105
Evaluation 3: EXP2 vs EXP1 vs PHY,contributory_llm_pair,EXP2_contrib_set vs EXP1_contrib_set,full,multi_label,01-04-00,24,2,20,22,0.09090909090909091,0.08333333333333333,0.08695652173913043,0.08261695366860561
Evaluation 3: EXP2 vs EXP1 vs PHY,contributory_llm_pair,EXP2_contrib_set vs EXP1_contrib_set,full,multi_label,01-04-01,226,112,83,114,0.5743589743589743,0.49557522123893805,0.5320665083135391,0.5109697167173142
Evaluation 3: EXP2 vs EXP1 vs PHY,contributory_llm_pair,EXP2_contrib_set vs EXP1_contrib_set,full,multi_label,01-04-02,274,101,69,173,0.5941176470588235,0.3686131386861314,0.4549549549549549,0.4303250141154422
Evaluation 3: EXP2 vs EXP1 vs PHY,contributory_llm_pair,EXP2_contrib_set vs EXP1_contrib_set,full,multi_label,01-04-03,33,2,18,31,0.1,0.06060606060606061,0.07547169811320756,0.07070253117563226
Evaluation 3: EXP2 vs EXP1 vs PHY,contributory_llm_pair,EXP2_contrib_set vs EXP1_contrib_set,full,multi_label,01-04-99,21,0,11,21,0.0,0.0,,-0.002983840758474683
Evaluation 3: EXP2 vs EXP1 vs PHY,contributory_llm_pair,EXP2_contrib_set vs EXP1_contrib_set,full,multi_label,01-05-00,370,143,119,227,0.5458015267175572,0.3864864864864865,0.4525316455696203,0.41558936049360773
Evaluation 3: EXP2 vs EXP1 vs PHY,contributory_llm_pair,EXP2_contrib_set vs EXP1_contrib_set,full,multi_label,01-07-00,2,0,0,2,,0.0,,0.0
Evaluation 3: EXP2 vs EXP1 vs PHY,contributory_llm_pair,EXP2_contrib_set vs EXP1_contrib_set,full,multi_label,01-09-01,0,0,1,0,0.0,,,0.0
Evaluation 3: EXP2 vs EXP1 vs PHY,contributory_llm_pair,EXP2_contrib_set vs EXP1_contrib_set,full,multi_label,01-99-00,274,65,73,209,0.47101449275362317,0.23722627737226276,0.31553398058252424,0.28862799483525226
Evaluation 3: EXP2 vs EXP1 vs PHY,contributory_llm_pair,EXP2_contrib_set vs EXP1_contrib_set,full,multi_label,02-00-00,9,2,1,7,0.6666666666666666,0.2222222222222222,0.3333333333333333,0.33271458526694986
Evaluation 3: EXP2 vs EXP1 vs PHY,contributory_llm_pair,EXP2_contrib_set vs EXP1_contrib_set,full,multi_label,02-01-00,1,0,0,1,,0.0,,0.0
Evaluation 3: EXP2 vs EXP1 vs PHY,contributory_llm_pair,EXP2_contrib_set vs EXP1_contrib_set,full,multi_label,02-02-00,7,0,1,7,0.0,0.0,,-0.00036073177013806035
Evaluation 3: EXP2 vs EXP1 vs PHY,contributory_llm_pair,EXP2_contrib_set vs EXP1_contrib_set,full,multi_label,02-03-00,14,0,0,14,,0.0,,0.0
Evaluation 3: EXP2 vs EXP1 vs PHY,contributory_llm_pair,EXP2_contrib_set vs EXP1_contrib_set,full,multi_label,02-04-00,61,1,0,60,1.0,0.01639344262295082,0.03225806451612903,0.03186551581970979
Evaluation 3: EXP2 vs EXP1 vs PHY,contributory_llm_pair,EXP2_contrib_set vs EXP1_contrib_set,full,multi_label,02-05-00,10,0,0,10,,0.0,,0.0
Evaluation 3: EXP2 vs EXP1 vs PHY,contributory_llm_pair,EXP2_contrib_set vs EXP1_contrib_set,full,multi_label,02-06-00,3,0,1,3,0.0,0.0,,-0.00030918272706712446
Evaluation 3: EXP2 vs EXP1 vs PHY,contributory_llm_pair,EXP2_contrib_set vs EXP1_contrib_set,full,multi_label,02-99-00,32,7,5,25,0.5833333333333334,0.21875,0.31818181818181823,0.3157207046304921
Evaluation 3: EXP2 vs EXP1 vs PHY,contributory_llm_pair,EXP2_contrib_set vs EXP1_contrib_set,full,multi_label,03-01-00,4,1,21,3,0.045454545454545456,0.25,0.07692307692307693,0.0756337200996936
Evaluation 3: EXP2 vs EXP1 vs PHY,contributory_llm_pair,EXP2_contrib_set vs EXP1_contrib_set,full,multi_label,03-01-01,621,499,131,122,0.792063492063492,0.8035426731078905,0.797761790567546,0.7678404460274593
Evaluation 3: EXP2 vs EXP1 vs PHY,contributory_llm_pair,EXP2_contrib_set vs EXP1_contrib_set,full,multi_label,03-01-02,175,32,98,143,0.24615384615384617,0.18285714285714286,0.20983606557377052,0.18477623696124373
Evaluation 3: EXP2 vs EXP1 vs PHY,contributory_llm_pair,EXP2_contrib_set vs EXP1_contrib_set,full,multi_label,03-01-03,33,3,16,30,0.15789473684210525,0.09090909090909091,0.11538461538461539,0.110966858089552
Evaluation 3: EXP2 vs EXP1 vs PHY,contributory_llm_pair,EXP2_contrib_set vs EXP1_contrib_set,full,multi_label,03-01-04,111,36,32,75,0.5294117647058824,0.32432432432432434,0.40223463687150834,0.3916629861373898
Evaluation 3: EXP2 vs EXP1 vs PHY,contributory_llm_pair,EXP2_contrib_set vs EXP1_contrib_set,full,multi_label,03-01-99,206,36,79,170,0.3130434782608696,0.17475728155339806,0.22429906542056077,0.19996649967261035
Evaluation 3: EXP2 vs EXP1 vs PHY,contributory_llm_pair,EXP2_contrib_set vs EXP1_contrib_set,full,multi_label,03-02-00,170,35,222,135,0.13618677042801555,0.20588235294117646,0.16393442622950818,0.12712793050964563
Evaluation 3: EXP2 vs EXP1 vs PHY,contributory_llm_pair,EXP2_contrib_set vs EXP1_contrib_set,full,multi_label,03-02-01,19,6,13,13,0.3157894736842105,0.3157894736842105,0.3157894736842105,0.3131001894475398
Evaluation 3: EXP2 vs EXP1 vs PHY,contributory_llm_pair,EXP2_contrib_set vs EXP1_contrib_set,full,multi_label,03-02-02,110,79,13,31,0.8586956521739131,0.7181818181818181,0.7821782178217822,0.7775861242872872
Evaluation 3: EXP2 vs EXP1 vs PHY,contributory_llm_pair,EXP2_contrib_set vs EXP1_contrib_set,full,multi_label,03-02-05,1,0,0,1,,0.0,,0.0
Evaluation 3: EXP2 vs EXP1 vs PHY,contributory_llm_pair,EXP2_contrib_set vs EXP1_contrib_set,full,multi_label,03-02-99,101,8,46,93,0.14814814814814814,0.07920792079207921,0.1032258064516129,0.09003017643162756
Evaluation 3: EXP2 vs EXP1 vs PHY,contributory_llm_pair,EXP2_contrib_set vs EXP1_contrib_set,full,multi_label,03-03-00,47,6,113,41,0.05042016806722689,0.1276595744680851,0.07228915662650602,0.05922619497188221
Evaluation 3: EXP2 vs EXP1 vs PHY,contributory_llm_pair,EXP2_contrib_set vs EXP1_contrib_set,full,multi_label,03-03-01,33,3,5,30,0.375,0.09090909090909091,0.14634146341463414,0.14407014538034255
Evaluation 3: EXP2 vs EXP1 vs PHY,contributory_llm_pair,EXP2_contrib_set vs EXP1_contrib_set,full,multi_label,03-03-02,88,39,68,49,0.3644859813084112,0.4431818181818182,0.4,0.38781761352793526
Evaluation 3: EXP2 vs EXP1 vs PHY,contributory_llm_pair,EXP2_contrib_set vs EXP1_contrib_set,full,multi_label,03-03-03,100,11,63,89,0.14864864864864866,0.11,0.1264367816091954,0.11085289445072707
Evaluation 3: EXP2 vs EXP1 vs PHY,contributory_llm_pair,EXP2_contrib_set vs EXP1_contrib_set,full,multi_label,03-03-99,279,35,125,244,0.21875,0.12544802867383512,0.15945330296127563,0.12268841610298353
Evaluation 3: EXP2 vs EXP1 vs PHY,contributory_llm_pair,EXP2_contrib_set vs EXP1_contrib_set,full,multi_label,03-04-00,10,0,13,10,0.0,0.0,,-0.0023347910811120577
Evaluation 3: EXP2 vs EXP1 vs PHY,contributory_llm_pair,EXP2_contrib_set vs EXP1_contrib_set,full,multi_label,03-04-01,82,22,21,60,0.5116279069767442,0.2682926829268293,0.35200000000000004,0.34437841597270424
Evaluation 3: EXP2 vs EXP1 vs PHY,contributory_llm_pair,EXP2_contrib_set vs EXP1_contrib_set,full,multi_label,03-04-02,108,72,33,36,0.6857142857142857,0.6666666666666666,0.676056338028169,0.668789298611584
Evaluation 3: EXP2 vs EXP1 vs PHY,contributory_llm_pair,EXP2_contrib_set vs EXP1_contrib_set,full,multi_label,03-04-99,315,110,158,205,0.41044776119402987,0.3492063492063492,0.3773584905660377,0.3378439585049046
Evaluation 3: EXP2 vs EXP1 vs PHY,contributory_llm_pair,EXP2_contrib_set vs EXP1_contrib_set,full,multi_label,03-05-01,205,162,25,43,0.8663101604278075,0.7902439024390244,0.826530612244898,0.8192458150436048
Evaluation 3: EXP2 vs EXP1 vs PHY,contributory_llm_pair,EXP2_contrib_set vs EXP1_contrib_set,full,multi_label,03-05-99,10,0,5,10,0.0,0.0,,-0.0013756104271269783
Evaluation 3: EXP2 vs EXP1 vs PHY,contributory_llm_pair,EXP2_contrib_set vs EXP1_contrib_set,full,multi_label,03-06-00,5,1,13,4,0.07142857142857142,0.2,0.10526315789473682,0.10390259267704556
Evaluation 3: EXP2 vs EXP1 vs PHY,contributory_llm_pair,EXP2_contrib_set vs EXP1_contrib_set,full,multi_label,03-06-01,11,5,2,6,0.7142857142857143,0.45454545454545453,0.5555555555555556,0.5547706422018677
Evaluation 3: EXP2 vs EXP1 vs PHY,contributory_llm_pair,EXP2_contrib_set vs EXP1_contrib_set,full,multi_label,03-06-02,11,1,9,10,0.1,0.09090909090909091,0.09523809523809525,0.0932807567876147
Evaluation 3: EXP2 vs EXP1 vs PHY,contributory_llm_pair,EXP2_contrib_set vs EXP1_contrib_set,full,multi_label,03-06-03,6,0,1,6,0.0,0.0,,-0.0003533672957889607
Evaluation 3: EXP2 vs EXP1 vs PHY,contributory_llm_pair,EXP2_contrib_set vs EXP1_contrib_set,full,multi_label,03-06-04,6,0,5,6,0.0,0.0,,-0.0011252180109699332
Evaluation 3: EXP2 vs EXP1 vs PHY,contributory_llm_pair,EXP2_contrib_set vs EXP1_contrib_set,full,multi_label,03-06-05,2,0,0,2,,0.0,,0.0
Evaluation 3: EXP2 vs EXP1 vs PHY,contributory_llm_pair,EXP2_contrib_set vs EXP1_contrib_set,full,multi_label,03-06-06,24,1,6,23,0.14285714285714285,0.041666666666666664,0.06451612903225806,0.06242213887428698
Evaluation 3: EXP2 vs EXP1 vs PHY,contributory_llm_pair,EXP2_contrib_set vs EXP1_contrib_set,full,multi_label,03-06-07,10,1,2,9,0.3333333333333333,0.1,0.15384615384615383,0.15304066382140727
Evaluation 3: EXP2 vs EXP1 vs PHY,contributory_llm_pair,EXP2_contrib_set vs EXP1_contrib_set,full,multi_label,03-06-99,113,19,67,94,0.22093023255813954,0.168141592920354,0.19095477386934678,0.17433803474756254
Evaluation 3: EXP2 vs EXP1 vs PHY,contributory_llm_pair,EXP2_contrib_set vs EXP1_contrib_set,full,multi_label,03-07-00,4,0,22,4,0.0,0.0,,-0.001396803225340576
Evaluation 3: EXP2 vs EXP1 vs PHY,contributory_llm_pair,EXP2_contrib_set vs EXP1_contrib_set,full,multi_label,03-07-01,190,61,75,129,0.4485294117647059,0.32105263157894737,0.37423312883435583,0.35310161147622976
Evaluation 3: EXP2 vs EXP1 vs PHY,contributory_llm_pair,EXP2_contrib_set vs EXP1_contrib_set,full,multi_label,03-07-99,151,15,47,136,0.24193548387096775,0.09933774834437085,0.14084507042253522,0.12499544319262204
Evaluation 3: EXP2 vs EXP1 vs PHY,contributory_llm_pair,EXP2_contrib_set vs EXP1_contrib_set,full,multi_label,03-08-00,492,392,536,100,0.4224137931034483,0.7967479674796748,0.5521126760563381,0.4836981867841802
Evaluation 3: EXP2 vs EXP1 vs PHY,contributory_llm_pair,EXP2_contrib_set vs EXP1_contrib_set,full,multi_label,03-08-01,18,0,8,18,0.0,0.0,,-0.002287711494179781
Evaluation 3: EXP2 vs EXP1 vs PHY,contributory_llm_pair,EXP2_contrib_set vs EXP1_contrib_set,full,multi_label,03-08-99,353,15,18,338,0.45454545454545453,0.042492917847025496,0.07772020725388601,0.06610521308568933
Evaluation 3: EXP2 vs EXP1 vs PHY,contributory_llm_pair,EXP2_contrib_set vs EXP1_contrib_set,full,multi_label,03-09-00,2,0,2,2,0.0,0.0,,-0.00041228612644781
Evaluation 3: EXP2 vs EXP1 vs PHY,contributory_llm_pair,EXP2_contrib_set vs EXP1_contrib_set,full,multi_label,03-09-01,894,537,300,357,0.6415770609318996,0.6006711409395973,0.6204506065857885,0.5381768534616301
Evaluation 3: EXP2 vs EXP1 vs PHY,contributory_llm_pair,EXP2_contrib_set vs EXP1_contrib_set,full,multi_label,03-09-99,24,0,12,24,0.0,0.0,,-0.0033078354351833306
Evaluation 3: EXP2 vs EXP1 vs PHY,contributory_llm_pair,EXP2_contrib_set vs EXP1_contrib_set,full,multi_label,03-99-00,267,32,92,235,0.25806451612903225,0.1198501872659176,0.16368286445012786,0.13344349145173287
Evaluation 3: EXP2 vs EXP1 vs PHY,contributory_llm_pair,EXP2_contrib_set vs EXP1_contrib_set,full,multi_label,04-00-00,8,0,0,8,,0.0,,0.0
Evaluation 3: EXP2 vs EXP1 vs PHY,contributory_llm_pair,EXP2_contrib_set vs EXP1_contrib_set,full,multi_label,04-01-00,12,4,0,8,1.0,0.3333333333333333,0.5,0.49938106044976344
Evaluation 3: EXP2 vs EXP1 vs PHY,contributory_llm_pair,EXP2_contrib_set vs EXP1_contrib_set,full,multi_label,04-02-00,31,7,3,24,0.7,0.22580645161290322,0.3414634146341463,0.33940500017645664
Evaluation 3: EXP2 vs EXP1 vs PHY,contributory_llm_pair,EXP2_contrib_set vs EXP1_contrib_set,full,multi_label,04-03-00,2,0,0,2,,0.0,,0.0
Evaluation 3: EXP2 vs EXP1 vs PHY,contributory_llm_pair,EXP2_contrib_set vs EXP1_contrib_set,full,multi_label,04-04-00,3,1,0,2,1.0,0.3333333333333333,0.5,0.4998454086363991
Evaluation 3: EXP2 vs EXP1 vs PHY,contributory_llm_pair,EXP2_contrib_set vs EXP1_contrib_set,full,multi_label,04-05-00,26,6,5,20,0.5454545454545454,0.23076923076923078,0.3243243243243243,0.32216504924883343
Evaluation 3: EXP2 vs EXP1 vs PHY,contributory_llm_pair,EXP2_contrib_set vs EXP1_contrib_set,full,multi_label,04-06-00,13,2,1,11,0.6666666666666666,0.15384615384615385,0.25,0.24924584246485496
Evaluation 3: EXP2 vs EXP1 vs PHY,contributory_llm_pair,EXP2_contrib_set vs EXP1_contrib_set,full,multi_label,04-07-00,8,1,1,7,0.5,0.125,0.2,0.19947214318116988
Evaluation 3: EXP2 vs EXP1 vs PHY,contributory_llm_pair,EXP2_contrib_set vs EXP1_contrib_set,full,multi_label,04-09-00,15,0,2,15,0.0,0.0,,-0.0007277932096766171
Evaluation 3: EXP2 vs EXP1 vs PHY,contributory_llm_pair,EXP2_contrib_set vs EXP1_contrib_set,full,multi_label,04-99-00,79,13,28,66,0.3170731707317073,0.16455696202531644,0.21666666666666667,0.20785508142293332
Evaluation 3: EXP2 vs EXP1 vs PHY,contributory_llm_pair,EXP2_contrib_set vs EXP1_contrib_set,full,multi_label,05-00-00,10,0,21,10,0.0,0.0,,-0.002799570732473572
Evaluation 3: EXP2 vs EXP1 vs PHY,contributory_llm_pair,EXP2_contrib_set vs EXP1_contrib_set,full,multi_label,05-01-00,3,0,0,3,,0.0,,0.0
Evaluation 3: EXP2 vs EXP1 vs PHY,contributory_llm_pair,EXP2_contrib_set vs EXP1_contrib_set,full,multi_label,05-01-05,1,0,0,1,,0.0,,0.0
Evaluation 3: EXP2 vs EXP1 vs PHY,contributory_llm_pair,EXP2_contrib_set vs EXP1_contrib_set,full,multi_label,05-02-00,8,0,0,8,,0.0,,0.0
Evaluation 3: EXP2 vs EXP1 vs PHY,contributory_llm_pair,EXP2_contrib_set vs EXP1_contrib_set,full,multi_label,05-03-00,162,13,9,149,0.5909090909090909,0.08024691358024691,0.14130434782608695,0.13439464272813154
Evaluation 3: EXP2 vs EXP1 vs PHY,contributory_llm_pair,EXP2_contrib_set vs EXP1_contrib_set,full,multi_label,05-04-00,16,0,2,16,0.0,0.0,,-0.0007331882231833058
Evaluation 3: EXP2 vs EXP1 vs PHY,contributory_llm_pair,EXP2_contrib_set vs EXP1_contrib_set,full,multi_label,05-05-00,116,17,21,99,0.4473684210526316,0.14655172413793102,0.22077922077922077,0.21147768723952343
Evaluation 3: EXP2 vs EXP1 vs PHY,contributory_llm_pair,EXP2_contrib_set vs EXP1_contrib_set,full,multi_label,05-06-00,98,17,15,81,0.53125,0.17346938775510204,0.26153846153846155,0.25412332017329026
Evaluation 3: EXP2 vs EXP1 vs PHY,contributory_llm_pair,EXP2_contrib_set vs EXP1_contrib_set,full,multi_label,05-08-00,7,1,7,6,0.125,0.14285714285714285,0.13333333333333333,0.1319978536934778
Evaluation 3: EXP2 vs EXP1 vs PHY,contributory_llm_pair,EXP2_contrib_set vs EXP1_contrib_set,full,multi_label,05-99-00,74,4,6,70,0.4,0.05405405405405406,0.09523809523809523,0.09194134504593998
Evaluation 3: EXP2 vs EXP1 vs PHY,contributory_llm_pair,EXP2_contrib_set vs EXP1_contrib_set,full,multi_label,99-00-00,34,0,2,34,0.0,0.0,,-0.000779048186412019
Evaluation 3: EXP2 vs EXP1 vs PHY,contributory_llm_pair,EXP2_contrib_set vs EXP1_contrib_set,full,multi_label,BLANK,0,0,1016,0,0.0,,,0.0
Evaluation 3: EXP2 vs EXP1 vs PHY,contributory_llm_pair,EXP2_contrib_set vs EXP1_contrib_set,level2,multi_label,00-02,229,6,51,223,0.10526315789473684,0.026200873362445413,0.04195804195804195,0.023592872059519373
Evaluation 3: EXP2 vs EXP1 vs PHY,contributory_llm_pair,EXP2_contrib_set vs EXP1_contrib_set,level2,multi_label,00-03,25,0,1,25,0.0,0.0,,-0.00039642268172013857
Evaluation 3: EXP2 vs EXP1 vs PHY,contributory_llm_pair,EXP2_contrib_set vs EXP1_contrib_set,level2,multi_label,00-04,32,1,1,31,0.5,0.03125,0.058823529411764705,0.05809284665867694
Evaluation 3: EXP2 vs EXP1 vs PHY,contributory_llm_pair,EXP2_contrib_set vs EXP1_contrib_set,level2,multi_label,01-00,1,0,0,1,,0.0,,0.0
Evaluation 3: EXP2 vs EXP1 vs PHY,contributory_llm_pair,EXP2_contrib_set vs EXP1_contrib_set,level2,multi_label,01-01,1522,811,594,711,0.5772241992882562,0.5328515111695138,0.5541510078578749,0.3620848333551742
Evaluation 3: EXP2 vs EXP1 vs PHY,contributory_llm_pair,EXP2_contrib_set vs EXP1_contrib_set,level2,multi_label,01-03,19,1,22,18,0.043478260869565216,0.05263157894736842,0.04761904761904762,0.043517679057119105
Evaluation 3: EXP2 vs EXP1 vs PHY,contributory_llm_pair,EXP2_contrib_set vs EXP1_contrib_set,level2,multi_label,01-04,552,287,115,265,0.7139303482587065,0.519927536231884,0.6016771488469601,0.559445708194595
Evaluation 3: EXP2 vs EXP1 vs PHY,contributory_llm_pair,EXP2_contrib_set vs EXP1_contrib_set,level2,multi_label,01-05,370,143,119,227,0.5458015267175572,0.3864864864864865,0.4525316455696203,0.41558936049360773
Evaluation 3: EXP2 vs EXP1 vs PHY,contributory_llm_pair,EXP2_contrib_set vs EXP1_contrib_set,level2,multi_label,01-07,2,0,0,2,,0.0,,0.0
Evaluation 3: EXP2 vs EXP1 vs PHY,contributory_llm_pair,EXP2_contrib_set vs EXP1_contrib_set,level2,multi_label,01-09,0,0,1,0,0.0,,,0.0
Evaluation 3: EXP2 vs EXP1 vs PHY,contributory_llm_pair,EXP2_contrib_set vs EXP1_contrib_set,level2,multi_label,01-99,274,65,73,209,0.47101449275362317,0.23722627737226276,0.31553398058252424,0.28862799483525226
Evaluation 3: EXP2 vs EXP1 vs PHY,contributory_llm_pair,EXP2_contrib_set vs EXP1_contrib_set,level2,multi_label,02-00,9,2,1,7,0.6666666666666666,0.2222222222222222,0.3333333333333333,0.33271458526694986
Evaluation 3: EXP2 vs EXP1 vs PHY,contributory_llm_pair,EXP2_contrib_set vs EXP1_contrib_set,level2,multi_label,02-01,1,0,0,1,,0.0,,0.0
Evaluation 3: EXP2 vs EXP1 vs PHY,contributory_llm_pair,EXP2_contrib_set vs EXP1_contrib_set,level2,multi_label,02-02,7,0,1,7,0.0,0.0,,-0.00036073177013806035
Evaluation 3: EXP2 vs EXP1 vs PHY,contributory_llm_pair,EXP2_contrib_set vs EXP1_contrib_set,level2,multi_label,02-03,14,0,0,14,,0.0,,0.0
Evaluation 3: EXP2 vs EXP1 vs PHY,contributory_llm_pair,EXP2_contrib_set vs EXP1_contrib_set,level2,multi_label,02-04,61,1,0,60,1.0,0.01639344262295082,0.03225806451612903,0.03186551581970979
Evaluation 3: EXP2 vs EXP1 vs PHY,contributory_llm_pair,EXP2_contrib_set vs EXP1_contrib_set,level2,multi_label,02-05,10,0,0,10,,0.0,,0.0
Evaluation 3: EXP2 vs EXP1 vs PHY,contributory_llm_pair,EXP2_contrib_set vs EXP1_contrib_set,level2,multi_label,02-06,3,0,1,3,0.0,0.0,,-0.00030918272706712446
Evaluation 3: EXP2 vs EXP1 vs PHY,contributory_llm_pair,EXP2_contrib_set vs EXP1_contrib_set,level2,multi_label,02-99,32,7,5,25,0.5833333333333334,0.21875,0.31818181818181823,0.3157207046304921
Evaluation 3: EXP2 vs EXP1 vs PHY,contributory_llm_pair,EXP2_contrib_set vs EXP1_contrib_set,level2,multi_label,03-01,1001,672,222,329,0.7516778523489933,0.6713286713286714,0.7092348284960421,0.6389725337254494
Evaluation 3: EXP2 vs EXP1 vs PHY,contributory_llm_pair,EXP2_contrib_set vs EXP1_contrib_set,level2,multi_label,03-02,391,148,266,243,0.357487922705314,0.37851662404092073,0.36770186335403726,0.31056817671188
Evaluation 3: EXP2 vs EXP1 vs PHY,contributory_llm_pair,EXP2_contrib_set vs EXP1_contrib_set,level2,multi_label,03-03,516,193,255,323,0.43080357142857145,0.374031007751938,0.4004149377593361,0.33466241108778244
Evaluation 3: EXP2 vs EXP1 vs PHY,contributory_llm_pair,EXP2_contrib_set vs EXP1_contrib_set,level2,multi_label,03-04,496,228,183,268,0.5547445255474452,0.4596774193548387,0.5027563395810364,0.45199662790729705
Evaluation 3: EXP2 vs EXP1 vs PHY,contributory_llm_pair,EXP2_contrib_set vs EXP1_contrib_set,level2,multi_label,03-05,214,165,27,49,0.859375,0.7710280373831776,0.812807881773399,0.804660878260216
Evaluation 3: EXP2 vs EXP1 vs PHY,contributory_llm_pair,EXP2_contrib_set vs EXP1_contrib_set,level2,multi_label,03-06,187,43,90,144,0.3233082706766917,0.22994652406417113,0.26875000000000004,0.2445526863036506
Evaluation 3: EXP2 vs EXP1 vs PHY,contributory_llm_pair,EXP2_contrib_set vs EXP1_contrib_set,level2,multi_label,03-07,341,119,100,222,0.54337899543379,0.3489736070381232,0.425,0.39156149423631487
Evaluation 3: EXP2 vs EXP1 vs PHY,contributory_llm_pair,EXP2_contrib_set vs EXP1_contrib_set,level2,multi_label,03-08,863,714,255,149,0.7368421052631579,0.8273464658169177,0.7794759825327511,0.7283794496191711
Evaluation 3: EXP2 vs EXP1 vs PHY,contributory_llm_pair,EXP2_contrib_set vs EXP1_contrib_set,level2,multi_label,03-09,912,544,305,368,0.64075382803298,0.5964912280701754,0.6178307779670641,0.5332558205670922
Evaluation 3: EXP2 vs EXP1 vs PHY,contributory_llm_pair,EXP2_contrib_set vs EXP1_contrib_set,level2,multi_label,03-99,267,32,92,235,0.25806451612903225,0.1198501872659176,0.16368286445012786,0.13344349145173287
Evaluation 3: EXP2 vs EXP1 vs PHY,contributory_llm_pair,EXP2_contrib_set vs EXP1_contrib_set,level2,multi_label,04-00,8,0,0,8,,0.0,,0.0
Evaluation 3: EXP2 vs EXP1 vs PHY,contributory_llm_pair,EXP2_contrib_set vs EXP1_contrib_set,level2,multi_label,04-01,12,4,0,8,1.0,0.3333333333333333,0.5,0.49938106044976344
Evaluation 3: EXP2 vs EXP1 vs PHY,contributory_llm_pair,EXP2_contrib_set vs EXP1_contrib_set,level2,multi_label,04-02,31,7,3,24,0.7,0.22580645161290322,0.3414634146341463,0.33940500017645664
Evaluation 3: EXP2 vs EXP1 vs PHY,contributory_llm_pair,EXP2_contrib_set vs EXP1_contrib_set,level2,multi_label,04-03,2,0,0,2,,0.0,,0.0
Evaluation 3: EXP2 vs EXP1 vs PHY,contributory_llm_pair,EXP2_contrib_set vs EXP1_contrib_set,level2,multi_label,04-04,3,1,0,2,1.0,0.3333333333333333,0.5,0.4998454086363991
Evaluation 3: EXP2 vs EXP1 vs PHY,contributory_llm_pair,EXP2_contrib_set vs EXP1_contrib_set,level2,multi_label,04-05,26,6,5,20,0.5454545454545454,0.23076923076923078,0.3243243243243243,0.32216504924883343
Evaluation 3: EXP2 vs EXP1 vs PHY,contributory_llm_pair,EXP2_contrib_set vs EXP1_contrib_set,level2,multi_label,04-06,13,2,1,11,0.6666666666666666,0.15384615384615385,0.25,0.24924584246485496
Evaluation 3: EXP2 vs EXP1 vs PHY,contributory_llm_pair,EXP2_contrib_set vs EXP1_contrib_set,level2,multi_label,04-07,8,1,1,7,0.5,0.125,0.2,0.19947214318116988
Evaluation 3: EXP2 vs EXP1 vs PHY,contributory_llm_pair,EXP2_contrib_set vs EXP1_contrib_set,level2,multi_label,04-09,15,0,2,15,0.0,0.0,,-0.0007277932096766171
Evaluation 3: EXP2 vs EXP1 vs PHY,contributory_llm_pair,EXP2_contrib_set vs EXP1_contrib_set,level2,multi_label,04-99,79,13,28,66,0.3170731707317073,0.16455696202531644,0.21666666666666667,0.20785508142293332
Evaluation 3: EXP2 vs EXP1 vs PHY,contributory_llm_pair,EXP2_contrib_set vs EXP1_contrib_set,level2,multi_label,05-00,10,0,21,10,0.0,0.0,,-0.002799570732473572
Evaluation 3: EXP2 vs EXP1 vs PHY,contributory_llm_pair,EXP2_contrib_set vs EXP1_contrib_set,level2,multi_label,05-01,4,0,0,4,,0.0,,0.0
Evaluation 3: EXP2 vs EXP1 vs PHY,contributory_llm_pair,EXP2_contrib_set vs EXP1_contrib_set,level2,multi_label,05-02,8,0,0,8,,0.0,,0.0
Evaluation 3: EXP2 vs EXP1 vs PHY,contributory_llm_pair,EXP2_contrib_set vs EXP1_contrib_set,level2,multi_label,05-03,162,13,9,149,0.5909090909090909,0.08024691358024691,0.14130434782608695,0.13439464272813154
Evaluation 3: EXP2 vs EXP1 vs PHY,contributory_llm_pair,EXP2_contrib_set vs EXP1_contrib_set,level2,multi_label,05-04,16,0,2,16,0.0,0.0,,-0.0007331882231833058
Evaluation 3: EXP2 vs EXP1 vs PHY,contributory_llm_pair,EXP2_contrib_set vs EXP1_contrib_set,level2,multi_label,05-05,116,17,21,99,0.4473684210526316,0.14655172413793102,0.22077922077922077,0.21147768723952343
Evaluation 3: EXP2 vs EXP1 vs PHY,contributory_llm_pair,EXP2_contrib_set vs EXP1_contrib_set,level2,multi_label,05-06,98,17,15,81,0.53125,0.17346938775510204,0.26153846153846155,0.25412332017329026
Evaluation 3: EXP2 vs EXP1 vs PHY,contributory_llm_pair,EXP2_contrib_set vs EXP1_contrib_set,level2,multi_label,05-08,7,1,7,6,0.125,0.14285714285714285,0.13333333333333333,0.1319978536934778
Evaluation 3: EXP2 vs EXP1 vs PHY,contributory_llm_pair,EXP2_contrib_set vs EXP1_contrib_set,level2,multi_label,05-99,74,4,6,70,0.4,0.05405405405405406,0.09523809523809523,0.09194134504593998
Evaluation 3: EXP2 vs EXP1 vs PHY,contributory_llm_pair,EXP2_contrib_set vs EXP1_contrib_set,level2,multi_label,99-00,34,0,2,34,0.0,0.0,,-0.000779048186412019
Evaluation 3: EXP2 vs EXP1 vs PHY,contributory_llm_pair,EXP2_contrib_set vs EXP1_contrib_set,level2,multi_label,BLANK,0,0,1016,0,0.0,,,0.0
Evaluation 3: EXP2 vs EXP1 vs PHY,contributory_llm_pair,EXP2_contrib_set vs EXP1_contrib_set,level1,multi_label,00,286,8,52,278,0.13333333333333333,0.027972027972027972,0.04624277456647399,0.02634212417422399
Evaluation 3: EXP2 vs EXP1 vs PHY,contributory_llm_pair,EXP2_contrib_set vs EXP1_contrib_set,level1,multi_label,01,2193,1375,473,818,0.7440476190476191,0.6269949840401277,0.6805246226181638,0.45546529551363696
Evaluation 3: EXP2 vs EXP1 vs PHY,contributory_llm_pair,EXP2_contrib_set vs EXP1_contrib_set,level1,multi_label,02,126,15,3,111,0.8333333333333334,0.11904761904761904,0.20833333333333331,0.20316118773549488
Evaluation 3: EXP2 vs EXP1 vs PHY,contributory_llm_pair,EXP2_contrib_set vs EXP1_contrib_set,level1,multi_label,03,3189,2478,406,711,0.8592233009708737,0.7770460959548448,0.8160711345298863,0.5106748737172573
Evaluation 3: EXP2 vs EXP1 vs PHY,contributory_llm_pair,EXP2_contrib_set vs EXP1_contrib_set,level1,multi_label,04,190,43,31,147,0.581081081081081,0.22631578947368422,0.32575757575757575,0.31062700307723556
Evaluation 3: EXP2 vs EXP1 vs PHY,contributory_llm_pair,EXP2_contrib_set vs EXP1_contrib_set,level1,multi_label,05,440,97,28,343,0.776,0.22045454545454546,0.3433628318584071,0.3159192156371053
Evaluation 3: EXP2 vs EXP1 vs PHY,contributory_llm_pair,EXP2_contrib_set vs EXP1_contrib_set,level1,multi_label,99,34,0,2,34,0.0,0.0,,-0.000779048186412019
Evaluation 3: EXP2 vs EXP1 vs PHY,contributory_llm_pair,EXP2_contrib_set vs EXP1_contrib_set,level1,multi_label,BLANK,0,0,1016,0,0.0,,,0.0
Evaluation 4: EXP2 vs EXP4 vs PHY,direct,EXP2_direct vs PHY_direct,full,single_label,00-02-00,0,0,56,0,0.0,,,
Evaluation 4: EXP2 vs EXP4 vs PHY,direct,EXP2_direct vs PHY_direct,full,single_label,00-04-00,0,0,1,0,0.0,,,
Evaluation 4: EXP2 vs EXP4 vs PHY,direct,EXP2_direct vs PHY_direct,full,single_label,01-00-00,14,0,0,14,,0.0,,
Evaluation 4: EXP2 vs EXP4 vs PHY,direct,EXP2_direct vs PHY_direct,full,single_label,01-01-00,13,0,11,13,0.0,0.0,,
Evaluation 4: EXP2 vs EXP4 vs PHY,direct,EXP2_direct vs PHY_direct,full,single_label,01-01-01,12,2,1,10,0.6666666666666666,0.16666666666666666,0.26666666666666666,
Evaluation 4: EXP2 vs EXP4 vs PHY,direct,EXP2_direct vs PHY_direct,full,single_label,01-01-02,11,8,7,3,0.5333333333333333,0.7272727272727273,0.6153846153846153,
Evaluation 4: EXP2 vs EXP4 vs PHY,direct,EXP2_direct vs PHY_direct,full,single_label,01-01-04,25,8,12,17,0.4,0.32,0.35555555555555557,
Evaluation 4: EXP2 vs EXP4 vs PHY,direct,EXP2_direct vs PHY_direct,full,single_label,01-01-05,9,1,2,8,0.3333333333333333,0.1111111111111111,0.16666666666666666,
Evaluation 4: EXP2 vs EXP4 vs PHY,direct,EXP2_direct vs PHY_direct,full,single_label,01-01-06,28,6,4,22,0.6,0.21428571428571427,0.3157894736842105,
Evaluation 4: EXP2 vs EXP4 vs PHY,direct,EXP2_direct vs PHY_direct,full,single_label,01-03-00,3,0,0,3,,0.0,,
Evaluation 4: EXP2 vs EXP4 vs PHY,direct,EXP2_direct vs PHY_direct,full,single_label,01-04-00,3,0,1,3,0.0,0.0,,
Evaluation 4: EXP2 vs EXP4 vs PHY,direct,EXP2_direct vs PHY_direct,full,single_label,01-04-01,28,2,2,26,0.5,0.07142857142857142,0.125,
Evaluation 4: EXP2 vs EXP4 vs PHY,direct,EXP2_direct vs PHY_direct,full,single_label,01-04-02,2,0,35,2,0.0,0.0,,
Evaluation 4: EXP2 vs EXP4 vs PHY,direct,EXP2_direct vs PHY_direct,full,single_label,01-04-03,6,0,0,6,,0.0,,
Evaluation 4: EXP2 vs EXP4 vs PHY,direct,EXP2_direct vs PHY_direct,full,single_label,01-05-00,2,1,3,1,0.25,0.5,0.3333333333333333,
Evaluation 4: EXP2 vs EXP4 vs PHY,direct,EXP2_direct vs PHY_direct,full,single_label,02-03-00,2,1,0,1,1.0,0.5,0.6666666666666666,
Evaluation 4: EXP2 vs EXP4 vs PHY,direct,EXP2_direct vs PHY_direct,full,single_label,02-05-00,2,1,0,1,1.0,0.5,0.6666666666666666,
Evaluation 4: EXP2 vs EXP4 vs PHY,direct,EXP2_direct vs PHY_direct,full,single_label,03-00-00,3,0,0,3,,0.0,,
Evaluation 4: EXP2 vs EXP4 vs PHY,direct,EXP2_direct vs PHY_direct,full,single_label,03-01-00,4,0,1,4,0.0,0.0,,
Evaluation 4: EXP2 vs EXP4 vs PHY,direct,EXP2_direct vs PHY_direct,full,single_label,03-01-01,1,0,11,1,0.0,0.0,,
Evaluation 4: EXP2 vs EXP4 vs PHY,direct,EXP2_direct vs PHY_direct,full,single_label,03-01-02,33,13,5,20,0.7222222222222222,0.3939393939393939,0.5098039215686274,
Evaluation 4: EXP2 vs EXP4 vs PHY,direct,EXP2_direct vs PHY_direct,full,single_label,03-01-03,4,1,0,3,1.0,0.25,0.4,
Evaluation 4: EXP2 vs EXP4 vs PHY,direct,EXP2_direct vs PHY_direct,full,single_label,03-01-04,42,27,14,15,0.6585365853658537,0.6428571428571429,0.6506024096385543,
Evaluation 4: EXP2 vs EXP4 vs PHY,direct,EXP2_direct vs PHY_direct,full,single_label,03-01-99,0,0,2,0,0.0,,,
Evaluation 4: EXP2 vs EXP4 vs PHY,direct,EXP2_direct vs PHY_direct,full,single_label,03-02-00,0,0,9,0,0.0,,,
Evaluation 4: EXP2 vs EXP4 vs PHY,direct,EXP2_direct vs PHY_direct,full,single_label,03-02-02,1,1,1,0,0.5,1.0,0.6666666666666666,
Evaluation 4: EXP2 vs EXP4 vs PHY,direct,EXP2_direct vs PHY_direct,full,single_label,03-03-00,14,1,1,13,0.5,0.07142857142857142,0.125,
Evaluation 4: EXP2 vs EXP4 vs PHY,direct,EXP2_direct vs PHY_direct,full,single_label,03-03-01,1,0,2,1,0.0,0.0,,
Evaluation 4: EXP2 vs EXP4 vs PHY,direct,EXP2_direct vs PHY_direct,full,single_label,03-03-02,3,0,3,3,0.0,0.0,,
Evaluation 4: EXP2 vs EXP4 vs PHY,direct,EXP2_direct vs PHY_direct,full,single_label,03-03-03,3,1,12,2,0.07692307692307693,0.3333333333333333,0.125,
Evaluation 4: EXP2 vs EXP4 vs PHY,direct,EXP2_direct vs PHY_direct,full,single_label,03-04-00,2,0,1,2,0.0,0.0,,
Evaluation 4: EXP2 vs EXP4 vs PHY,direct,EXP2_direct vs PHY_direct,full,single_label,03-04-01,1,0,0,1,,0.0,,
Evaluation 4: EXP2 vs EXP4 vs PHY,direct,EXP2_direct vs PHY_direct,full,single_label,03-04-02,1,1,5,0,0.16666666666666666,1.0,0.2857142857142857,
Evaluation 4: EXP2 vs EXP4 vs PHY,direct,EXP2_direct vs PHY_direct,full,single_label,03-04-99,0,0,1,0,0.0,,,
Evaluation 4: EXP2 vs EXP4 vs PHY,direct,EXP2_direct vs PHY_direct,full,single_label,03-05-00,1,0,0,1,,0.0,,
Evaluation 4: EXP2 vs EXP4 vs PHY,direct,EXP2_direct vs PHY_direct,full,single_label,03-05-01,1,0,5,1,0.0,0.0,,
Evaluation 4: EXP2 vs EXP4 vs PHY,direct,EXP2_direct vs PHY_direct,full,single_label,03-06-00,7,0,2,7,0.0,0.0,,
Evaluation 4: EXP2 vs EXP4 vs PHY,direct,EXP2_direct vs PHY_direct,full,single_label,03-06-02,1,0,1,1,0.0,0.0,,
Evaluation 4: EXP2 vs EXP4 vs PHY,direct,EXP2_direct vs PHY_direct,full,single_label,03-06-03,1,1,0,0,1.0,1.0,1.0,
Evaluation 4: EXP2 vs EXP4 vs PHY,direct,EXP2_direct vs PHY_direct,full,single_label,03-06-04,2,0,0,2,,0.0,,
Evaluation 4: EXP2 vs EXP4 vs PHY,direct,EXP2_direct vs PHY_direct,full,single_label,03-06-99,0,0,2,0,0.0,,,
Evaluation 4: EXP2 vs EXP4 vs PHY,direct,EXP2_direct vs PHY_direct,full,single_label,03-07-01,1,1,8,0,0.1111111111111111,1.0,0.19999999999999998,
Evaluation 4: EXP2 vs EXP4 vs PHY,direct,EXP2_direct vs PHY_direct,full,single_label,03-08-00,8,5,3,3,0.625,0.625,0.625,
Evaluation 4: EXP2 vs EXP4 vs PHY,direct,EXP2_direct vs PHY_direct,full,single_label,03-08-01,3,0,0,3,,0.0,,
Evaluation 4: EXP2 vs EXP4 vs PHY,direct,EXP2_direct vs PHY_direct,full,single_label,03-09-01,0,0,3,0,0.0,,,
Evaluation 4: EXP2 vs EXP4 vs PHY,direct,EXP2_direct vs PHY_direct,full,single_label,04-00-00,2,0,0,2,,0.0,,
Evaluation 4: EXP2 vs EXP4 vs PHY,direct,EXP2_direct vs PHY_direct,full,single_label,04-01-00,2,1,0,1,1.0,0.5,0.6666666666666666,
Evaluation 4: EXP2 vs EXP4 vs PHY,direct,EXP2_direct vs PHY_direct,full,single_label,04-02-00,1,0,1,1,0.0,0.0,,
Evaluation 4: EXP2 vs EXP4 vs PHY,direct,EXP2_direct vs PHY_direct,full,single_label,04-03-00,3,0,0,3,,0.0,,
Evaluation 4: EXP2 vs EXP4 vs PHY,direct,EXP2_direct vs PHY_direct,full,single_label,04-05-00,4,1,0,3,1.0,0.25,0.4,
Evaluation 4: EXP2 vs EXP4 vs PHY,direct,EXP2_direct vs PHY_direct,full,single_label,04-06-00,1,1,0,0,1.0,1.0,1.0,
Evaluation 4: EXP2 vs EXP4 vs PHY,direct,EXP2_direct vs PHY_direct,full,single_label,04-08-00,1,0,0,1,,0.0,,
Evaluation 4: EXP2 vs EXP4 vs PHY,direct,EXP2_direct vs PHY_direct,full,single_label,04-99-00,0,0,3,0,0.0,,,
Evaluation 4: EXP2 vs EXP4 vs PHY,direct,EXP2_direct vs PHY_direct,full,single_label,05-00-00,0,0,2,0,0.0,,,
Evaluation 4: EXP2 vs EXP4 vs PHY,direct,EXP2_direct vs PHY_direct,full,single_label,05-03-00,1,0,0,1,,0.0,,
Evaluation 4: EXP2 vs EXP4 vs PHY,direct,EXP2_direct vs PHY_direct,full,single_label,05-05-00,1,0,3,1,0.0,0.0,,
Evaluation 4: EXP2 vs EXP4 vs PHY,direct,EXP2_direct vs PHY_direct,full,single_label,05-06-00,16,7,0,9,1.0,0.4375,0.6086956521739131,
Evaluation 4: EXP2 vs EXP4 vs PHY,direct,EXP2_direct vs PHY_direct,full,single_label,BLANK,0,0,2,0,0.0,,,
Evaluation 4: EXP2 vs EXP4 vs PHY,direct,EXP2_direct vs PHY_direct,level2,single_label,00-02,0,0,56,0,0.0,,,
Evaluation 4: EXP2 vs EXP4 vs PHY,direct,EXP2_direct vs PHY_direct,level2,single_label,00-04,0,0,1,0,0.0,,,
Evaluation 4: EXP2 vs EXP4 vs PHY,direct,EXP2_direct vs PHY_direct,level2,single_label,01-00,14,0,0,14,,0.0,,
Evaluation 4: EXP2 vs EXP4 vs PHY,direct,EXP2_direct vs PHY_direct,level2,single_label,01-01,98,43,19,55,0.6935483870967742,0.4387755102040816,0.5375,
Evaluation 4: EXP2 vs EXP4 vs PHY,direct,EXP2_direct vs PHY_direct,level2,single_label,01-03,3,0,0,3,,0.0,,
Evaluation 4: EXP2 vs EXP4 vs PHY,direct,EXP2_direct vs PHY_direct,level2,single_label,01-04,39,21,19,18,0.525,0.5384615384615384,0.5316455696202531,
Evaluation 4: EXP2 vs EXP4 vs PHY,direct,EXP2_direct vs PHY_direct,level2,single_label,01-05,2,1,3,1,0.25,0.5,0.3333333333333333,
Evaluation 4: EXP2 vs EXP4 vs PHY,direct,EXP2_direct vs PHY_direct,level2,single_label,02-03,2,1,0,1,1.0,0.5,0.6666666666666666,
Evaluation 4: EXP2 vs EXP4 vs PHY,direct,EXP2_direct vs PHY_direct,level2,single_label,02-05,2,1,0,1,1.0,0.5,0.6666666666666666,
Evaluation 4: EXP2 vs EXP4 vs PHY,direct,EXP2_direct vs PHY_direct,level2,single_label,03-00,3,0,0,3,,0.0,,
Evaluation 4: EXP2 vs EXP4 vs PHY,direct,EXP2_direct vs PHY_direct,level2,single_label,03-01,84,61,13,23,0.8243243243243243,0.7261904761904762,0.7721518987341773,
Evaluation 4: EXP2 vs EXP4 vs PHY,direct,EXP2_direct vs PHY_direct,level2,single_label,03-02,1,1,10,0,0.09090909090909091,1.0,0.16666666666666669,
Evaluation 4: EXP2 vs EXP4 vs PHY,direct,EXP2_direct vs PHY_direct,level2,single_label,03-03,21,14,6,7,0.7,0.6666666666666666,0.6829268292682926,
Evaluation 4: EXP2 vs EXP4 vs PHY,direct,EXP2_direct vs PHY_direct,level2,single_label,03-04,4,1,7,3,0.125,0.25,0.16666666666666666,
Evaluation 4: EXP2 vs EXP4 vs PHY,direct,EXP2_direct vs PHY_direct,level2,single_label,03-05,2,1,4,1,0.2,0.5,0.28571428571428575,
Evaluation 4: EXP2 vs EXP4 vs PHY,direct,EXP2_direct vs PHY_direct,level2,single_label,03-06,11,4,2,7,0.6666666666666666,0.36363636363636365,0.4705882352941177,
Evaluation 4: EXP2 vs EXP4 vs PHY,direct,EXP2_direct vs PHY_direct,level2,single_label,03-07,1,1,8,0,0.1111111111111111,1.0,0.19999999999999998,
Evaluation 4: EXP2 vs EXP4 vs PHY,direct,EXP2_direct vs PHY_direct,level2,single_label,03-08,11,5,3,6,0.625,0.45454545454545453,0.5263157894736842,
Evaluation 4: EXP2 vs EXP4 vs PHY,direct,EXP2_direct vs PHY_direct,level2,single_label,03-09,0,0,3,0,0.0,,,
Evaluation 4: EXP2 vs EXP4 vs PHY,direct,EXP2_direct vs PHY_direct,level2,single_label,04-00,2,0,0,2,,0.0,,
Evaluation 4: EXP2 vs EXP4 vs PHY,direct,EXP2_direct vs PHY_direct,level2,single_label,04-01,2,1,0,1,1.0,0.5,0.6666666666666666,
Evaluation 4: EXP2 vs EXP4 vs PHY,direct,EXP2_direct vs PHY_direct,level2,single_label,04-02,1,0,1,1,0.0,0.0,,
Evaluation 4: EXP2 vs EXP4 vs PHY,direct,EXP2_direct vs PHY_direct,level2,single_label,04-03,3,0,0,3,,0.0,,
Evaluation 4: EXP2 vs EXP4 vs PHY,direct,EXP2_direct vs PHY_direct,level2,single_label,04-05,4,1,0,3,1.0,0.25,0.4,
Evaluation 4: EXP2 vs EXP4 vs PHY,direct,EXP2_direct vs PHY_direct,level2,single_label,04-06,1,1,0,0,1.0,1.0,1.0,
Evaluation 4: EXP2 vs EXP4 vs PHY,direct,EXP2_direct vs PHY_direct,level2,single_label,04-08,1,0,0,1,,0.0,,
Evaluation 4: EXP2 vs EXP4 vs PHY,direct,EXP2_direct vs PHY_direct,level2,single_label,04-99,0,0,3,0,0.0,,,
Evaluation 4: EXP2 vs EXP4 vs PHY,direct,EXP2_direct vs PHY_direct,level2,single_label,05-00,0,0,2,0,0.0,,,
Evaluation 4: EXP2 vs EXP4 vs PHY,direct,EXP2_direct vs PHY_direct,level2,single_label,05-03,1,0,0,1,,0.0,,
Evaluation 4: EXP2 vs EXP4 vs PHY,direct,EXP2_direct vs PHY_direct,level2,single_label,05-05,1,0,3,1,0.0,0.0,,
Evaluation 4: EXP2 vs EXP4 vs PHY,direct,EXP2_direct vs PHY_direct,level2,single_label,05-06,16,7,0,9,1.0,0.4375,0.6086956521739131,
Evaluation 4: EXP2 vs EXP4 vs PHY,direct,EXP2_direct vs PHY_direct,level2,single_label,BLANK,0,0,2,0,0.0,,,
Evaluation 4: EXP2 vs EXP4 vs PHY,direct,EXP2_direct vs PHY_direct,level1,single_label,00,0,0,57,0,0.0,,,
Evaluation 4: EXP2 vs EXP4 vs PHY,direct,EXP2_direct vs PHY_direct,level1,single_label,01,156,86,20,70,0.8113207547169812,0.5512820512820513,0.6564885496183206,
Evaluation 4: EXP2 vs EXP4 vs PHY,direct,EXP2_direct vs PHY_direct,level1,single_label,02,4,2,0,2,1.0,0.5,0.6666666666666666,
Evaluation 4: EXP2 vs EXP4 vs PHY,direct,EXP2_direct vs PHY_direct,level1,single_label,03,138,106,38,32,0.7361111111111112,0.7681159420289855,0.7517730496453902,
Evaluation 4: EXP2 vs EXP4 vs PHY,direct,EXP2_direct vs PHY_direct,level1,single_label,04,14,4,3,10,0.5714285714285714,0.2857142857142857,0.38095238095238093,
Evaluation 4: EXP2 vs EXP4 vs PHY,direct,EXP2_direct vs PHY_direct,level1,single_label,05,18,12,0,6,1.0,0.6666666666666666,0.8,
Evaluation 4: EXP2 vs EXP4 vs PHY,direct,EXP2_direct vs PHY_direct,level1,single_label,BLANK,0,0,2,0,0.0,,,
Evaluation 4: EXP2 vs EXP4 vs PHY,underlying,EXP2_underlying vs PHY_underlying,full,single_label,00-01-00,0,0,3,0,0.0,,,
Evaluation 4: EXP2 vs EXP4 vs PHY,underlying,EXP2_underlying vs PHY_underlying,full,single_label,00-02-00,0,0,68,0,0.0,,,
Evaluation 4: EXP2 vs EXP4 vs PHY,underlying,EXP2_underlying vs PHY_underlying,full,single_label,00-03-00,0,0,6,0,0.0,,,
Evaluation 4: EXP2 vs EXP4 vs PHY,underlying,EXP2_underlying vs PHY_underlying,full,single_label,00-04-00,0,0,2,0,0.0,,,
Evaluation 4: EXP2 vs EXP4 vs PHY,underlying,EXP2_underlying vs PHY_underlying,full,single_label,01-00-00,30,0,1,30,0.0,0.0,,
Evaluation 4: EXP2 vs EXP4 vs PHY,underlying,EXP2_underlying vs PHY_underlying,full,single_label,01-01-00,214,76,185,138,0.29118773946360155,0.35514018691588783,0.31999999999999995,
Evaluation 4: EXP2 vs EXP4 vs PHY,underlying,EXP2_underlying vs PHY_underlying,full,single_label,01-01-01,206,95,116,111,0.45023696682464454,0.46116504854368934,0.4556354916067147,
Evaluation 4: EXP2 vs EXP4 vs PHY,underlying,EXP2_underlying vs PHY_underlying,full,single_label,01-01-02,57,35,62,22,0.36082474226804123,0.6140350877192983,0.4545454545454546,
Evaluation 4: EXP2 vs EXP4 vs PHY,underlying,EXP2_underlying vs PHY_underlying,full,single_label,01-01-03,0,0,9,0,0.0,,,
Evaluation 4: EXP2 vs EXP4 vs PHY,underlying,EXP2_underlying vs PHY_underlying,full,single_label,01-01-04,209,136,170,73,0.4444444444444444,0.6507177033492823,0.5281553398058251,
Evaluation 4: EXP2 vs EXP4 vs PHY,underlying,EXP2_underlying vs PHY_underlying,full,single_label,01-01-05,70,20,72,50,0.21739130434782608,0.2857142857142857,0.24691358024691357,
Evaluation 4: EXP2 vs EXP4 vs PHY,underlying,EXP2_underlying vs PHY_underlying,full,single_label,01-01-06,15,1,26,14,0.037037037037037035,0.06666666666666667,0.047619047619047616,
Evaluation 4: EXP2 vs EXP4 vs PHY,underlying,EXP2_underlying vs PHY_underlying,full,single_label,01-01-99,0,0,18,0,0.0,,,
Evaluation 4: EXP2 vs EXP4 vs PHY,underlying,EXP2_underlying vs PHY_underlying,full,single_label,01-03-00,16,1,5,15,0.16666666666666666,0.0625,0.09090909090909091,
Evaluation 4: EXP2 vs EXP4 vs PHY,underlying,EXP2_underlying vs PHY_underlying,full,single_label,01-04-00,41,0,1,41,0.0,0.0,,
Evaluation 4: EXP2 vs EXP4 vs PHY,underlying,EXP2_underlying vs PHY_underlying,full,single_label,01-04-01,40,26,108,14,0.19402985074626866,0.65,0.29885057471264365,
Evaluation 4: EXP2 vs EXP4 vs PHY,underlying,EXP2_underlying vs PHY_underlying,full,single_label,01-04-02,801,559,80,242,0.8748043818466353,0.6978776529338327,0.7763888888888888,
Evaluation 4: EXP2 vs EXP4 vs PHY,underlying,EXP2_underlying vs PHY_underlying,full,single_label,01-04-03,27,1,2,26,0.3333333333333333,0.037037037037037035,0.06666666666666667,
Evaluation 4: EXP2 vs EXP4 vs PHY,underlying,EXP2_underlying vs PHY_underlying,full,single_label,01-05-00,52,39,99,13,0.2826086956521739,0.75,0.4105263157894737,
Evaluation 4: EXP2 vs EXP4 vs PHY,underlying,EXP2_underlying vs PHY_underlying,full,single_label,01-07-00,3,2,0,1,1.0,0.6666666666666666,0.8,
Evaluation 4: EXP2 vs EXP4 vs PHY,underlying,EXP2_underlying vs PHY_underlying,full,single_label,01-99-00,0,0,1,0,0.0,,,
Evaluation 4: EXP2 vs EXP4 vs PHY,underlying,EXP2_underlying vs PHY_underlying,full,single_label,02-00-00,9,3,8,6,0.2727272727272727,0.3333333333333333,0.3,
Evaluation 4: EXP2 vs EXP4 vs PHY,underlying,EXP2_underlying vs PHY_underlying,full,single_label,02-01-00,6,0,1,6,0.0,0.0,,
Evaluation 4: EXP2 vs EXP4 vs PHY,underlying,EXP2_underlying vs PHY_underlying,full,single_label,02-02-00,5,2,1,3,0.6666666666666666,0.4,0.5,
Evaluation 4: EXP2 vs EXP4 vs PHY,underlying,EXP2_underlying vs PHY_underlying,full,single_label,02-03-00,17,8,1,9,0.8888888888888888,0.47058823529411764,0.6153846153846153,
Evaluation 4: EXP2 vs EXP4 vs PHY,underlying,EXP2_underlying vs PHY_underlying,full,single_label,02-04-00,11,1,31,10,0.03125,0.09090909090909091,0.046511627906976744,
Evaluation 4: EXP2 vs EXP4 vs PHY,underlying,EXP2_underlying vs PHY_underlying,full,single_label,02-05-00,6,4,5,2,0.4444444444444444,0.6666666666666666,0.5333333333333333,
Evaluation 4: EXP2 vs EXP4 vs PHY,underlying,EXP2_underlying vs PHY_underlying,full,single_label,02-06-00,1,0,1,1,0.0,0.0,,
Evaluation 4: EXP2 vs EXP4 vs PHY,underlying,EXP2_underlying vs PHY_underlying,full,single_label,02-99-00,0,0,16,0,0.0,,,
Evaluation 4: EXP2 vs EXP4 vs PHY,underlying,EXP2_underlying vs PHY_underlying,full,single_label,03-00-00,47,0,0,47,,0.0,,
Evaluation 4: EXP2 vs EXP4 vs PHY,underlying,EXP2_underlying vs PHY_underlying,full,single_label,03-01-00,29,3,10,26,0.23076923076923078,0.10344827586206896,0.14285714285714288,
Evaluation 4: EXP2 vs EXP4 vs PHY,underlying,EXP2_underlying vs PHY_underlying,full,single_label,03-01-01,124,60,93,64,0.39215686274509803,0.4838709677419355,0.43321299638989175,
Evaluation 4: EXP2 vs EXP4 vs PHY,underlying,EXP2_underlying vs PHY_underlying,full,single_label,03-01-02,145,45,29,100,0.6081081081081081,0.3103448275862069,0.4109589041095891,
Evaluation 4: EXP2 vs EXP4 vs PHY,underlying,EXP2_underlying vs PHY_underlying,full,single_label,03-01-03,16,3,26,13,0.10344827586206896,0.1875,0.13333333333333333,
Evaluation 4: EXP2 vs EXP4 vs PHY,underlying,EXP2_underlying vs PHY_underlying,full,single_label,03-01-04,139,81,71,58,0.5328947368421053,0.5827338129496403,0.5567010309278352,
Evaluation 4: EXP2 vs EXP4 vs PHY,underlying,EXP2_underlying vs PHY_underlying,full,single_label,03-01-99,0,0,9,0,0.0,,,
Evaluation 4: EXP2 vs EXP4 vs PHY,underlying,EXP2_underlying vs PHY_underlying,full,single_label,03-02-00,11,1,7,10,0.125,0.09090909090909091,0.10526315789473685,
Evaluation 4: EXP2 vs EXP4 vs PHY,underlying,EXP2_underlying vs PHY_underlying,full,single_label,03-02-01,2,1,22,1,0.043478260869565216,0.5,0.08,
Evaluation 4: EXP2 vs EXP4 vs PHY,underlying,EXP2_underlying vs PHY_underlying,full,single_label,03-02-02,38,23,12,15,0.6571428571428571,0.6052631578947368,0.6301369863013698,
Evaluation 4: EXP2 vs EXP4 vs PHY,underlying,EXP2_underlying vs PHY_underlying,full,single_label,03-02-99,0,0,2,0,0.0,,,
Evaluation 4: EXP2 vs EXP4 vs PHY,underlying,EXP2_underlying vs PHY_underlying,full,single_label,03-03-00,101,9,19,92,0.32142857142857145,0.0891089108910891,0.13953488372093023,
Evaluation 4: EXP2 vs EXP4 vs PHY,underlying,EXP2_underlying vs PHY_underlying,full,single_label,03-03-01,9,3,22,6,0.12,0.3333333333333333,0.1764705882352941,
Evaluation 4: EXP2 vs EXP4 vs PHY,underlying,EXP2_underlying vs PHY_underlying,full,single_label,03-03-02,52,25,44,27,0.36231884057971014,0.4807692307692308,0.4132231404958678,
Evaluation 4: EXP2 vs EXP4 vs PHY,underlying,EXP2_underlying vs PHY_underlying,full,single_label,03-03-03,47,19,23,28,0.4523809523809524,0.40425531914893614,0.4269662921348315,
Evaluation 4: EXP2 vs EXP4 vs PHY,underlying,EXP2_underlying vs PHY_underlying,full,single_label,03-03-99,0,0,8,0,0.0,,,
Evaluation 4: EXP2 vs EXP4 vs PHY,underlying,EXP2_underlying vs PHY_underlying,full,single_label,03-04-00,34,0,2,34,0.0,0.0,,
Evaluation 4: EXP2 vs EXP4 vs PHY,underlying,EXP2_underlying vs PHY_underlying,full,single_label,03-04-01,10,0,1,10,0.0,0.0,,
Evaluation 4: EXP2 vs EXP4 vs PHY,underlying,EXP2_underlying vs PHY_underlying,full,single_label,03-04-02,33,29,27,4,0.5178571428571429,0.8787878787878788,0.651685393258427,
Evaluation 4: EXP2 vs EXP4 vs PHY,underlying,EXP2_underlying vs PHY_underlying,full,single_label,03-04-99,0,0,9,0,0.0,,,
Evaluation 4: EXP2 vs EXP4 vs PHY,underlying,EXP2_underlying vs PHY_underlying,full,single_label,03-05-00,1,0,2,1,0.0,0.0,,
Evaluation 4: EXP2 vs EXP4 vs PHY,underlying,EXP2_underlying vs PHY_underlying,full,single_label,03-05-01,72,40,21,32,0.6557377049180327,0.5555555555555556,0.6015037593984962,
Evaluation 4: EXP2 vs EXP4 vs PHY,underlying,EXP2_underlying vs PHY_underlying,full,single_label,03-05-99,0,0,1,0,0.0,,,
Evaluation 4: EXP2 vs EXP4 vs PHY,underlying,EXP2_underlying vs PHY_underlying,full,single_label,03-06-00,62,11,12,51,0.4782608695652174,0.1774193548387097,0.25882352941176473,
Evaluation 4: EXP2 vs EXP4 vs PHY,underlying,EXP2_underlying vs PHY_underlying,full,single_label,03-06-01,11,7,3,4,0.7,0.6363636363636364,0.6666666666666666,
Evaluation 4: EXP2 vs EXP4 vs PHY,underlying,EXP2_underlying vs PHY_underlying,full,single_label,03-06-02,63,27,2,36,0.9310344827586207,0.42857142857142855,0.5869565217391304,
Evaluation 4: EXP2 vs EXP4 vs PHY,underlying,EXP2_underlying vs PHY_underlying,full,single_label,03-06-03,15,4,3,11,0.5714285714285714,0.26666666666666666,0.36363636363636365,
Evaluation 4: EXP2 vs EXP4 vs PHY,underlying,EXP2_underlying vs PHY_underlying,full,single_label,03-06-04,34,6,40,28,0.13043478260869565,0.17647058823529413,0.15,
Evaluation 4: EXP2 vs EXP4 vs PHY,underlying,EXP2_underlying vs PHY_underlying,full,single_label,03-06-05,7,5,1,2,0.8333333333333334,0.7142857142857143,0.7692307692307692,
Evaluation 4: EXP2 vs EXP4 vs PHY,underlying,EXP2_underlying vs PHY_underlying,full,single_label,03-06-06,1,1,1,0,0.5,1.0,0.6666666666666666,
Evaluation 4: EXP2 vs EXP4 vs PHY,underlying,EXP2_underlying vs PHY_underlying,full,single_label,03-06-07,0,0,10,0,0.0,,,
Evaluation 4: EXP2 vs EXP4 vs PHY,underlying,EXP2_underlying vs PHY_underlying,full,single_label,03-06-99,0,0,31,0,0.0,,,
Evaluation 4: EXP2 vs EXP4 vs PHY,underlying,EXP2_underlying vs PHY_underlying,full,single_label,03-07-00,16,1,0,15,1.0,0.0625,0.11764705882352941,
Evaluation 4: EXP2 vs EXP4 vs PHY,underlying,EXP2_underlying vs PHY_underlying,full,single_label,03-07-01,16,10,32,6,0.23809523809523808,0.625,0.3448275862068965,
Evaluation 4: EXP2 vs EXP4 vs PHY,underlying,EXP2_underlying vs PHY_underlying,full,single_label,03-07-99,0,0,5,0,0.0,,,
Evaluation 4: EXP2 vs EXP4 vs PHY,underlying,EXP2_underlying vs PHY_underlying,full,single_label,03-08-00,37,10,44,27,0.18518518518518517,0.2702702702702703,0.2197802197802198,
Evaluation 4: EXP2 vs EXP4 vs PHY,underlying,EXP2_underlying vs PHY_underlying,full,single_label,03-08-01,11,0,0,11,,0.0,,
Evaluation 4: EXP2 vs EXP4 vs PHY,underlying,EXP2_underlying vs PHY_underlying,full,single_label,03-09-00,3,0,0,3,,0.0,,
Evaluation 4: EXP2 vs EXP4 vs PHY,underlying,EXP2_underlying vs PHY_underlying,full,single_label,03-09-01,57,19,27,38,0.41304347826086957,0.3333333333333333,0.36893203883495146,
Evaluation 4: EXP2 vs EXP4 vs PHY,underlying,EXP2_underlying vs PHY_underlying,full,single_label,03-99-00,0,0,12,0,0.0,,,
Evaluation 4: EXP2 vs EXP4 vs PHY,underlying,EXP2_underlying vs PHY_underlying,full,single_label,04-00-00,31,1,17,30,0.05555555555555555,0.03225806451612903,0.04081632653061224,
Evaluation 4: EXP2 vs EXP4 vs PHY,underlying,EXP2_underlying vs PHY_underlying,full,single_label,04-01-00,69,39,2,30,0.9512195121951219,0.5652173913043478,0.7090909090909091,
Evaluation 4: EXP2 vs EXP4 vs PHY,underlying,EXP2_underlying vs PHY_underlying,full,single_label,04-02-00,20,8,5,12,0.6153846153846154,0.4,0.4848484848484849,
Evaluation 4: EXP2 vs EXP4 vs PHY,underlying,EXP2_underlying vs PHY_underlying,full,single_label,04-03-00,55,26,0,29,1.0,0.4727272727272727,0.6419753086419753,
Evaluation 4: EXP2 vs EXP4 vs PHY,underlying,EXP2_underlying vs PHY_underlying,full,single_label,04-04-00,5,1,0,4,1.0,0.2,0.33333333333333337,
Evaluation 4: EXP2 vs EXP4 vs PHY,underlying,EXP2_underlying vs PHY_underlying,full,single_label,04-05-00,54,13,4,41,0.7647058823529411,0.24074074074074073,0.36619718309859156,
Evaluation 4: EXP2 vs EXP4 vs PHY,underlying,EXP2_underlying vs PHY_underlying,full,single_label,04-06-00,14,13,9,1,0.5909090909090909,0.9285714285714286,0.7222222222222223,
Evaluation 4: EXP2 vs EXP4 vs PHY,underlying,EXP2_underlying vs PHY_underlying,full,single_label,04-07-00,4,3,3,1,0.5,0.75,0.6,
Evaluation 4: EXP2 vs EXP4 vs PHY,underlying,EXP2_underlying vs PHY_underlying,full,single_label,04-08-00,25,16,9,9,0.64,0.64,0.64,
Evaluation 4: EXP2 vs EXP4 vs PHY,underlying,EXP2_underlying vs PHY_underlying,full,single_label,04-09-00,1,0,28,1,0.0,0.0,,
Evaluation 4: EXP2 vs EXP4 vs PHY,underlying,EXP2_underlying vs PHY_underlying,full,single_label,04-99-00,0,0,67,0,0.0,,,
Evaluation 4: EXP2 vs EXP4 vs PHY,underlying,EXP2_underlying vs PHY_underlying,full,single_label,05-00-00,24,7,99,17,0.0660377358490566,0.2916666666666667,0.10769230769230771,
Evaluation 4: EXP2 vs EXP4 vs PHY,underlying,EXP2_underlying vs PHY_underlying,full,single_label,05-02-00,0,0,1,0,0.0,,,
Evaluation 4: EXP2 vs EXP4 vs PHY,underlying,EXP2_underlying vs PHY_underlying,full,single_label,05-03-00,145,47,8,98,0.8545454545454545,0.32413793103448274,0.47,
Evaluation 4: EXP2 vs EXP4 vs PHY,underlying,EXP2_underlying vs PHY_underlying,full,single_label,05-04-00,28,4,2,24,0.6666666666666666,0.14285714285714285,0.23529411764705882,
Evaluation 4: EXP2 vs EXP4 vs PHY,underlying,EXP2_underlying vs PHY_underlying,full,single_label,05-05-00,206,48,15,158,0.7619047619047619,0.23300970873786409,0.3568773234200744,
Evaluation 4: EXP2 vs EXP4 vs PHY,underlying,EXP2_underlying vs PHY_underlying,full,single_label,05-06-00,101,49,38,52,0.5632183908045977,0.48514851485148514,0.5212765957446809,
Evaluation 4: EXP2 vs EXP4 vs PHY,underlying,EXP2_underlying vs PHY_underlying,full,single_label,05-08-00,5,3,31,2,0.08823529411764706,0.6,0.15384615384615385,
Evaluation 4: EXP2 vs EXP4 vs PHY,underlying,EXP2_underlying vs PHY_underlying,full,single_label,05-09-00,0,0,1,0,0.0,,,
Evaluation 4: EXP2 vs EXP4 vs PHY,underlying,EXP2_underlying vs PHY_underlying,full,single_label,05-99-00,0,0,7,0,0.0,,,
Evaluation 4: EXP2 vs EXP4 vs PHY,underlying,EXP2_underlying vs PHY_underlying,full,single_label,BLANK,0,0,9,0,0.0,,,
Evaluation 4: EXP2 vs EXP4 vs PHY,underlying,EXP2_underlying vs PHY_underlying,level2,single_label,00-01,0,0,3,0,0.0,,,
Evaluation 4: EXP2 vs EXP4 vs PHY,underlying,EXP2_underlying vs PHY_underlying,level2,single_label,00-02,0,0,68,0,0.0,,,
Evaluation 4: EXP2 vs EXP4 vs PHY,underlying,EXP2_underlying vs PHY_underlying,level2,single_label,00-03,0,0,6,0,0.0,,,
Evaluation 4: EXP2 vs EXP4 vs PHY,underlying,EXP2_underlying vs PHY_underlying,level2,single_label,00-04,0,0,2,0,0.0,,,
Evaluation 4: EXP2 vs EXP4 vs PHY,underlying,EXP2_underlying vs PHY_underlying,level2,single_label,01-00,30,0,1,30,0.0,0.0,,
Evaluation 4: EXP2 vs EXP4 vs PHY,underlying,EXP2_underlying vs PHY_underlying,level2,single_label,01-01,771,613,408,158,0.6003917727717923,0.795071335927367,0.6841517857142857,
Evaluation 4: EXP2 vs EXP4 vs PHY,underlying,EXP2_underlying vs PHY_underlying,level2,single_label,01-03,16,1,5,15,0.16666666666666666,0.0625,0.09090909090909091,
Evaluation 4: EXP2 vs EXP4 vs PHY,underlying,EXP2_underlying vs PHY_underlying,level2,single_label,01-04,909,686,91,223,0.8828828828828829,0.7546754675467546,0.8137603795966785,
Evaluation 4: EXP2 vs EXP4 vs PHY,underlying,EXP2_underlying vs PHY_underlying,level2,single_label,01-05,52,39,99,13,0.2826086956521739,0.75,0.4105263157894737,
Evaluation 4: EXP2 vs EXP4 vs PHY,underlying,EXP2_underlying vs PHY_underlying,level2,single_label,01-07,3,2,0,1,1.0,0.6666666666666666,0.8,
Evaluation 4: EXP2 vs EXP4 vs PHY,underlying,EXP2_underlying vs PHY_underlying,level2,single_label,01-99,0,0,1,0,0.0,,,
Evaluation 4: EXP2 vs EXP4 vs PHY,underlying,EXP2_underlying vs PHY_underlying,level2,single_label,02-00,9,3,8,6,0.2727272727272727,0.3333333333333333,0.3,
Evaluation 4: EXP2 vs EXP4 vs PHY,underlying,EXP2_underlying vs PHY_underlying,level2,single_label,02-01,6,0,1,6,0.0,0.0,,
Evaluation 4: EXP2 vs EXP4 vs PHY,underlying,EXP2_underlying vs PHY_underlying,level2,single_label,02-02,5,2,1,3,0.6666666666666666,0.4,0.5,
Evaluation 4: EXP2 vs EXP4 vs PHY,underlying,EXP2_underlying vs PHY_underlying,level2,single_label,02-03,17,8,1,9,0.8888888888888888,0.47058823529411764,0.6153846153846153,
Evaluation 4: EXP2 vs EXP4 vs PHY,underlying,EXP2_underlying vs PHY_underlying,level2,single_label,02-04,11,1,31,10,0.03125,0.09090909090909091,0.046511627906976744,
Evaluation 4: EXP2 vs EXP4 vs PHY,underlying,EXP2_underlying vs PHY_underlying,level2,single_label,02-05,6,4,5,2,0.4444444444444444,0.6666666666666666,0.5333333333333333,
Evaluation 4: EXP2 vs EXP4 vs PHY,underlying,EXP2_underlying vs PHY_underlying,level2,single_label,02-06,1,0,1,1,0.0,0.0,,
Evaluation 4: EXP2 vs EXP4 vs PHY,underlying,EXP2_underlying vs PHY_underlying,level2,single_label,02-99,0,0,16,0,0.0,,,
Evaluation 4: EXP2 vs EXP4 vs PHY,underlying,EXP2_underlying vs PHY_underlying,level2,single_label,03-00,47,0,0,47,,0.0,,
Evaluation 4: EXP2 vs EXP4 vs PHY,underlying,EXP2_underlying vs PHY_underlying,level2,single_label,03-01,453,318,112,135,0.7395348837209302,0.7019867549668874,0.7202718006795018,
Evaluation 4: EXP2 vs EXP4 vs PHY,underlying,EXP2_underlying vs PHY_underlying,level2,single_label,03-02,51,27,41,24,0.39705882352941174,0.5294117647058824,0.453781512605042,
Evaluation 4: EXP2 vs EXP4 vs PHY,underlying,EXP2_underlying vs PHY_underlying,level2,single_label,03-03,209,102,70,107,0.5930232558139535,0.4880382775119617,0.5354330708661418,
Evaluation 4: EXP2 vs EXP4 vs PHY,underlying,EXP2_underlying vs PHY_underlying,level2,single_label,03-04,77,36,32,41,0.5294117647058824,0.4675324675324675,0.49655172413793097,
Evaluation 4: EXP2 vs EXP4 vs PHY,underlying,EXP2_underlying vs PHY_underlying,level2,single_label,03-05,73,40,24,33,0.625,0.547945205479452,0.583941605839416,
Evaluation 4: EXP2 vs EXP4 vs PHY,underlying,EXP2_underlying vs PHY_underlying,level2,single_label,03-06,193,101,63,92,0.6158536585365854,0.5233160621761658,0.5658263305322129,
Evaluation 4: EXP2 vs EXP4 vs PHY,underlying,EXP2_underlying vs PHY_underlying,level2,single_label,03-07,32,16,32,16,0.3333333333333333,0.5,0.4,
Evaluation 4: EXP2 vs EXP4 vs PHY,underlying,EXP2_underlying vs PHY_underlying,level2,single_label,03-08,48,14,40,34,0.25925925925925924,0.2916666666666667,0.27450980392156865,
Evaluation 4: EXP2 vs EXP4 vs PHY,underlying,EXP2_underlying vs PHY_underlying,level2,single_label,03-09,60,19,27,41,0.41304347826086957,0.31666666666666665,0.3584905660377358,
Evaluation 4: EXP2 vs EXP4 vs PHY,underlying,EXP2_underlying vs PHY_underlying,level2,single_label,03-99,0,0,12,0,0.0,,,
Evaluation 4: EXP2 vs EXP4 vs PHY,underlying,EXP2_underlying vs PHY_underlying,level2,single_label,04-00,31,1,17,30,0.05555555555555555,0.03225806451612903,0.04081632653061224,
Evaluation 4: EXP2 vs EXP4 vs PHY,underlying,EXP2_underlying vs PHY_underlying,level2,single_label,04-01,69,39,2,30,0.9512195121951219,0.5652173913043478,0.7090909090909091,
Evaluation 4: EXP2 vs EXP4 vs PHY,underlying,EXP2_underlying vs PHY_underlying,level2,single_label,04-02,20,8,5,12,0.6153846153846154,0.4,0.4848484848484849,
Evaluation 4: EXP2 vs EXP4 vs PHY,underlying,EXP2_underlying vs PHY_underlying,level2,single_label,04-03,55,26,0,29,1.0,0.4727272727272727,0.6419753086419753,
Evaluation 4: EXP2 vs EXP4 vs PHY,underlying,EXP2_underlying vs PHY_underlying,level2,single_label,04-04,5,1,0,4,1.0,0.2,0.33333333333333337,
Evaluation 4: EXP2 vs EXP4 vs PHY,underlying,EXP2_underlying vs PHY_underlying,level2,single_label,04-05,54,13,4,41,0.7647058823529411,0.24074074074074073,0.36619718309859156,
Evaluation 4: EXP2 vs EXP4 vs PHY,underlying,EXP2_underlying vs PHY_underlying,level2,single_label,04-06,14,13,9,1,0.5909090909090909,0.9285714285714286,0.7222222222222223,
Evaluation 4: EXP2 vs EXP4 vs PHY,underlying,EXP2_underlying vs PHY_underlying,level2,single_label,04-07,4,3,3,1,0.5,0.75,0.6,
Evaluation 4: EXP2 vs EXP4 vs PHY,underlying,EXP2_underlying vs PHY_underlying,level2,single_label,04-08,25,16,9,9,0.64,0.64,0.64,
Evaluation 4: EXP2 vs EXP4 vs PHY,underlying,EXP2_underlying vs PHY_underlying,level2,single_label,04-09,1,0,28,1,0.0,0.0,,
Evaluation 4: EXP2 vs EXP4 vs PHY,underlying,EXP2_underlying vs PHY_underlying,level2,single_label,04-99,0,0,67,0,0.0,,,
Evaluation 4: EXP2 vs EXP4 vs PHY,underlying,EXP2_underlying vs PHY_underlying,level2,single_label,05-00,24,7,99,17,0.0660377358490566,0.2916666666666667,0.10769230769230771,
Evaluation 4: EXP2 vs EXP4 vs PHY,underlying,EXP2_underlying vs PHY_underlying,level2,single_label,05-02,0,0,1,0,0.0,,,
Evaluation 4: EXP2 vs EXP4 vs PHY,underlying,EXP2_underlying vs PHY_underlying,level2,single_label,05-03,145,47,8,98,0.8545454545454545,0.32413793103448274,0.47,
Evaluation 4: EXP2 vs EXP4 vs PHY,underlying,EXP2_underlying vs PHY_underlying,level2,single_label,05-04,28,4,2,24,0.6666666666666666,0.14285714285714285,0.23529411764705882,
Evaluation 4: EXP2 vs EXP4 vs PHY,underlying,EXP2_underlying vs PHY_underlying,level2,single_label,05-05,206,48,15,158,0.7619047619047619,0.23300970873786409,0.3568773234200744,
Evaluation 4: EXP2 vs EXP4 vs PHY,underlying,EXP2_underlying vs PHY_underlying,level2,single_label,05-06,101,49,38,52,0.5632183908045977,0.48514851485148514,0.5212765957446809,
Evaluation 4: EXP2 vs EXP4 vs PHY,underlying,EXP2_underlying vs PHY_underlying,level2,single_label,05-08,5,3,31,2,0.08823529411764706,0.6,0.15384615384615385,
Evaluation 4: EXP2 vs EXP4 vs PHY,underlying,EXP2_underlying vs PHY_underlying,level2,single_label,05-09,0,0,1,0,0.0,,,
Evaluation 4: EXP2 vs EXP4 vs PHY,underlying,EXP2_underlying vs PHY_underlying,level2,single_label,05-99,0,0,7,0,0.0,,,
Evaluation 4: EXP2 vs EXP4 vs PHY,underlying,EXP2_underlying vs PHY_underlying,level2,single_label,BLANK,0,0,9,0,0.0,,,
Evaluation 4: EXP2 vs EXP4 vs PHY,underlying,EXP2_underlying vs PHY_underlying,level1,single_label,00,0,0,79,0,0.0,,,
Evaluation 4: EXP2 vs EXP4 vs PHY,underlying,EXP2_underlying vs PHY_underlying,level1,single_label,01,1781,1605,341,176,0.8247687564234327,0.9011791128579449,0.8612825328682586,
Evaluation 4: EXP2 vs EXP4 vs PHY,underlying,EXP2_underlying vs PHY_underlying,level1,single_label,02,55,46,36,9,0.5609756097560976,0.8363636363636363,0.6715328467153284,
Evaluation 4: EXP2 vs EXP4 vs PHY,underlying,EXP2_underlying vs PHY_underlying,level1,single_label,03,1243,937,189,306,0.8321492007104796,0.7538213998390989,0.7910510764035457,
Evaluation 4: EXP2 vs EXP4 vs PHY,underlying,EXP2_underlying vs PHY_underlying,level1,single_label,04,278,213,51,65,0.8068181818181818,0.7661870503597122,0.7859778597785977,
Evaluation 4: EXP2 vs EXP4 vs PHY,underlying,EXP2_underlying vs PHY_underlying,level1,single_label,05,509,350,10,159,0.9722222222222222,0.68762278978389,0.8055235903337168,
Evaluation 4: EXP2 vs EXP4 vs PHY,underlying,EXP2_underlying vs PHY_underlying,level1,single_label,BLANK,0,0,9,0,0.0,,,
Evaluation 4: EXP2 vs EXP4 vs PHY,contributory,EXP2_contrib_set vs PHY_contrib,full,multi_label,00-02-00,0,0,4,0,0.0,,,0.0
Evaluation 4: EXP2 vs EXP4 vs PHY,contributory,EXP2_contrib_set vs PHY_contrib,full,multi_label,01-00-00,2,0,0,2,,0.0,,0.0
Evaluation 4: EXP2 vs EXP4 vs PHY,contributory,EXP2_contrib_set vs PHY_contrib,full,multi_label,01-01-00,2,1,29,1,0.03333333333333333,0.5,0.0625,0.04861796643632787
Evaluation 4: EXP2 vs EXP4 vs PHY,contributory,EXP2_contrib_set vs PHY_contrib,full,multi_label,01-01-01,5,3,13,2,0.1875,0.6,0.2857142857142857,0.2638915409585648
Evaluation 4: EXP2 vs EXP4 vs PHY,contributory,EXP2_contrib_set vs PHY_contrib,full,multi_label,01-01-02,0,0,1,0,0.0,,,0.0
Evaluation 4: EXP2 vs EXP4 vs PHY,contributory,EXP2_contrib_set vs PHY_contrib,full,multi_label,01-01-03,0,0,1,0,0.0,,,0.0
Evaluation 4: EXP2 vs EXP4 vs PHY,contributory,EXP2_contrib_set vs PHY_contrib,full,multi_label,01-01-04,1,0,23,1,0.0,0.0,,-0.0075138843515195255
Evaluation 4: EXP2 vs EXP4 vs PHY,contributory,EXP2_contrib_set vs PHY_contrib,full,multi_label,01-01-05,0,0,12,0,0.0,,,0.0
Evaluation 4: EXP2 vs EXP4 vs PHY,contributory,EXP2_contrib_set vs PHY_contrib,full,multi_label,01-01-06,0,0,3,0,0.0,,,0.0
Evaluation 4: EXP2 vs EXP4 vs PHY,contributory,EXP2_contrib_set vs PHY_contrib,full,multi_label,01-01-99,0,0,5,0,0.0,,,0.0
Evaluation 4: EXP2 vs EXP4 vs PHY,contributory,EXP2_contrib_set vs PHY_contrib,full,multi_label,01-04-00,4,0,2,4,0.0,0.0,,-0.010484927916125155
Evaluation 4: EXP2 vs EXP4 vs PHY,contributory,EXP2_contrib_set vs PHY_contrib,full,multi_label,01-04-01,0,0,11,0,0.0,,,0.0
Evaluation 4: EXP2 vs EXP4 vs PHY,contributory,EXP2_contrib_set vs PHY_contrib,full,multi_label,01-04-02,27,11,5,16,0.6875,0.4074074074074074,0.5116279069767441,0.4702071267301462
Evaluation 4: EXP2 vs EXP4 vs PHY,contributory,EXP2_contrib_set vs PHY_contrib,full,multi_label,01-04-03,0,0,2,0,0.0,,,0.0
Evaluation 4: EXP2 vs EXP4 vs PHY,contributory,EXP2_contrib_set vs PHY_contrib,full,multi_label,01-05-00,1,0,11,1,0.0,0.0,,-0.0071848465055529605
Evaluation 4: EXP2 vs EXP4 vs PHY,contributory,EXP2_contrib_set vs PHY_contrib,full,multi_label,01-99-00,0,0,5,0,0.0,,,0.0
Evaluation 4: EXP2 vs EXP4 vs PHY,contributory,EXP2_contrib_set vs PHY_contrib,full,multi_label,02-00-00,1,0,0,1,,0.0,,0.0
Evaluation 4: EXP2 vs EXP4 vs PHY,contributory,EXP2_contrib_set vs PHY_contrib,full,multi_label,03-00-00,3,0,0,3,,0.0,,0.0
Evaluation 4: EXP2 vs EXP4 vs PHY,contributory,EXP2_contrib_set vs PHY_contrib,full,multi_label,03-01-00,0,0,3,0,0.0,,,0.0
Evaluation 4: EXP2 vs EXP4 vs PHY,contributory,EXP2_contrib_set vs PHY_contrib,full,multi_label,03-01-01,82,52,46,30,0.5306122448979592,0.6341463414634146,0.5777777777777778,0.3529879422287003
Evaluation 4: EXP2 vs EXP4 vs PHY,contributory,EXP2_contrib_set vs PHY_contrib,full,multi_label,03-01-02,1,0,18,1,0.0,0.0,,-0.007427274602848463
Evaluation 4: EXP2 vs EXP4 vs PHY,contributory,EXP2_contrib_set vs PHY_contrib,full,multi_label,03-01-03,0,0,1,0,0.0,,,0.0
Evaluation 4: EXP2 vs EXP4 vs PHY,contributory,EXP2_contrib_set vs PHY_contrib,full,multi_label,03-01-04,22,3,9,19,0.25,0.13636363636363635,0.1764705882352941,0.12350791717417793
Evaluation 4: EXP2 vs EXP4 vs PHY,contributory,EXP2_contrib_set vs PHY_contrib,full,multi_label,03-01-99,0,0,14,0,0.0,,,0.0
Evaluation 4: EXP2 vs EXP4 vs PHY,contributory,EXP2_contrib_set vs PHY_contrib,full,multi_label,03-02-00,0,0,12,0,0.0,,,0.0
Evaluation 4: EXP2 vs EXP4 vs PHY,contributory,EXP2_contrib_set vs PHY_contrib,full,multi_label,03-02-01,1,0,0,1,,0.0,,0.0
Evaluation 4: EXP2 vs EXP4 vs PHY,contributory,EXP2_contrib_set vs PHY_contrib,full,multi_label,03-02-02,2,0,7,2,0.0,0.0,,-0.012253829321665964
Evaluation 4: EXP2 vs EXP4 vs PHY,contributory,EXP2_contrib_set vs PHY_contrib,full,multi_label,03-02-99,0,0,4,0,0.0,,,0.0
Evaluation 4: EXP2 vs EXP4 vs PHY,contributory,EXP2_contrib_set vs PHY_contrib,full,multi_label,03-03-00,1,0,6,1,0.0,0.0,,-0.006715165081145537
Evaluation 4: EXP2 vs EXP4 vs PHY,contributory,EXP2_contrib_set vs PHY_contrib,full,multi_label,03-03-02,0,0,7,0,0.0,,,0.0
Evaluation 4: EXP2 vs EXP4 vs PHY,contributory,EXP2_contrib_set vs PHY_contrib,full,multi_label,03-03-03,0,0,2,0,0.0,,,0.0
Evaluation 4: EXP2 vs EXP4 vs PHY,contributory,EXP2_contrib_set vs PHY_contrib,full,multi_label,03-03-99,0,0,6,0,0.0,,,0.0
Evaluation 4: EXP2 vs EXP4 vs PHY,contributory,EXP2_contrib_set vs PHY_contrib,full,multi_label,03-04-00,2,0,1,2,0.0,0.0,,-0.005215123859201154
Evaluation 4: EXP2 vs EXP4 vs PHY,contributory,EXP2_contrib_set vs PHY_contrib,full,multi_label,03-04-01,2,0,4,2,0.0,0.0,,-0.010484927916125155
Evaluation 4: EXP2 vs EXP4 vs PHY,contributory,EXP2_contrib_set vs PHY_contrib,full,multi_label,03-04-02,9,5,7,4,0.4166666666666667,0.5555555555555556,0.4761904761904762,0.45435244161358873
Evaluation 4: EXP2 vs EXP4 vs PHY,contributory,EXP2_contrib_set vs PHY_contrib,full,multi_label,03-04-99,0,0,14,0,0.0,,,0.0
Evaluation 4: EXP2 vs EXP4 vs PHY,contributory,EXP2_contrib_set vs PHY_contrib,full,multi_label,03-05-01,38,24,26,14,0.48,0.631578947368421,0.5454545454545454,0.4536564625850342
Evaluation 4: EXP2 vs EXP4 vs PHY,contributory,EXP2_contrib_set vs PHY_contrib,full,multi_label,03-05-99,0,0,1,0,0.0,,,0.0
Evaluation 4: EXP2 vs EXP4 vs PHY,contributory,EXP2_contrib_set vs PHY_contrib,full,multi_label,03-06-00,1,0,0,1,,0.0,,0.0
Evaluation 4: EXP2 vs EXP4 vs PHY,contributory,EXP2_contrib_set vs PHY_contrib,full,multi_label,03-06-02,1,0,0,1,,0.0,,0.0
Evaluation 4: EXP2 vs EXP4 vs PHY,contributory,EXP2_contrib_set vs PHY_contrib,full,multi_label,03-06-99,0,0,6,0,0.0,,,0.0
Evaluation 4: EXP2 vs EXP4 vs PHY,contributory,EXP2_contrib_set vs PHY_contrib,full,multi_label,03-07-01,2,0,10,2,0.0,0.0,,-0.013140604467805203
Evaluation 4: EXP2 vs EXP4 vs PHY,contributory,EXP2_contrib_set vs PHY_contrib,full,multi_label,03-07-99,0,0,4,0,0.0,,,0.0
Evaluation 4: EXP2 vs EXP4 vs PHY,contributory,EXP2_contrib_set vs PHY_contrib,full,multi_label,03-08-00,14,10,38,4,0.20833333333333334,0.7142857142857143,0.3225806451612903,0.2601782042494864
Evaluation 4: EXP2 vs EXP4 vs PHY,contributory,EXP2_contrib_set vs PHY_contrib,full,multi_label,03-08-01,11,0,0,11,,0.0,,0.0
Evaluation 4: EXP2 vs EXP4 vs PHY,contributory,EXP2_contrib_set vs PHY_contrib,full,multi_label,03-08-99,0,0,2,0,0.0,,,0.0
Evaluation 4: EXP2 vs EXP4 vs PHY,contributory,EXP2_contrib_set vs PHY_contrib,full,multi_label,03-09-00,2,0,0,2,,0.0,,0.0
Evaluation 4: EXP2 vs EXP4 vs PHY,contributory,EXP2_contrib_set vs PHY_contrib,full,multi_label,03-09-01,8,2,28,6,0.06666666666666667,0.25,0.10526315789473685,0.05901356881326739
Evaluation 4: EXP2 vs EXP4 vs PHY,contributory,EXP2_contrib_set vs PHY_contrib,full,multi_label,03-99-00,0,0,9,0,0.0,,,0.0
Evaluation 4: EXP2 vs EXP4 vs PHY,contributory,EXP2_contrib_set vs PHY_contrib,full,multi_label,04-00-00,1,0,0,1,,0.0,,0.0
Evaluation 4: EXP2 vs EXP4 vs PHY,contributory,EXP2_contrib_set vs PHY_contrib,full,multi_label,04-01-00,1,0,1,1,0.0,0.0,,-0.003906249999992727
Evaluation 4: EXP2 vs EXP4 vs PHY,contributory,EXP2_contrib_set vs PHY_contrib,full,multi_label,04-02-00,1,0,3,1,0.0,0.0,,-0.005870841487283326
Evaluation 4: EXP2 vs EXP4 vs PHY,contributory,EXP2_contrib_set vs PHY_contrib,full,multi_label,04-05-00,1,0,0,1,,0.0,,0.0
Evaluation 4: EXP2 vs EXP4 vs PHY,contributory,EXP2_contrib_set vs PHY_contrib,full,multi_label,04-99-00,0,0,2,0,0.0,,,0.0
Evaluation 4: EXP2 vs EXP4 vs PHY,contributory,EXP2_contrib_set vs PHY_contrib,full,multi_label,05-00-00,0,0,1,0,0.0,,,0.0
Evaluation 4: EXP2 vs EXP4 vs PHY,contributory,EXP2_contrib_set vs PHY_contrib,full,multi_label,05-03-00,4,0,0,4,,0.0,,0.0
Evaluation 4: EXP2 vs EXP4 vs PHY,contributory,EXP2_contrib_set vs PHY_contrib,full,multi_label,05-04-00,1,0,0,1,,0.0,,0.0
Evaluation 4: EXP2 vs EXP4 vs PHY,contributory,EXP2_contrib_set vs PHY_contrib,full,multi_label,05-05-00,3,0,0,3,,0.0,,0.0
Evaluation 4: EXP2 vs EXP4 vs PHY,contributory,EXP2_contrib_set vs PHY_contrib,full,multi_label,BLANK,0,0,26,0,0.0,,,0.0
Evaluation 4: EXP2 vs EXP4 vs PHY,contributory,EXP2_contrib_set vs PHY_contrib,level2,multi_label,00-02,0,0,4,0,0.0,,,0.0
Evaluation 4: EXP2 vs EXP4 vs PHY,contributory,EXP2_contrib_set vs PHY_contrib,level2,multi_label,01-00,2,0,0,2,,0.0,,0.0
Evaluation 4: EXP2 vs EXP4 vs PHY,contributory,EXP2_contrib_set vs PHY_contrib,level2,multi_label,01-01,8,5,71,3,0.06578947368421052,0.625,0.11904761904761904,0.06646377380718631
Evaluation 4: EXP2 vs EXP4 vs PHY,contributory,EXP2_contrib_set vs PHY_contrib,level2,multi_label,01-04,31,15,15,16,0.5,0.4838709677419355,0.4918032786885246,0.42339147427082563
Evaluation 4: EXP2 vs EXP4 vs PHY,contributory,EXP2_contrib_set vs PHY_contrib,level2,multi_label,01-05,1,0,11,1,0.0,0.0,,-0.0071848465055529605
Evaluation 4: EXP2 vs EXP4 vs PHY,contributory,EXP2_contrib_set vs PHY_contrib,level2,multi_label,01-99,0,0,5,0,0.0,,,0.0
Evaluation 4: EXP2 vs EXP4 vs PHY,contributory,EXP2_contrib_set vs PHY_contrib,level2,multi_label,02-00,1,0,0,1,,0.0,,0.0
Evaluation 4: EXP2 vs EXP4 vs PHY,contributory,EXP2_contrib_set vs PHY_contrib,level2,multi_label,03-00,3,0,0,3,,0.0,,0.0
Evaluation 4: EXP2 vs EXP4 vs PHY,contributory,EXP2_contrib_set vs PHY_contrib,level2,multi_label,03-01,105,82,44,23,0.6507936507936508,0.780952380952381,0.70995670995671,0.47673747227033775
Evaluation 4: EXP2 vs EXP4 vs PHY,contributory,EXP2_contrib_set vs PHY_contrib,level2,multi_label,03-02,3,1,20,2,0.047619047619047616,0.3333333333333333,0.08333333333333333,0.06421714664018499
Evaluation 4: EXP2 vs EXP4 vs PHY,contributory,EXP2_contrib_set vs PHY_contrib,level2,multi_label,03-03,1,0,20,1,0.0,0.0,,-0.007466865783088737
Evaluation 4: EXP2 vs EXP4 vs PHY,contributory,EXP2_contrib_set vs PHY_contrib,level2,multi_label,03-04,13,7,24,6,0.22580645161290322,0.5384615384615384,0.3181818181818182,0.2658541230241861
Evaluation 4: EXP2 vs EXP4 vs PHY,contributory,EXP2_contrib_set vs PHY_contrib,level2,multi_label,03-05,38,24,27,14,0.47058823529411764,0.631578947368421,0.5393258426966293,0.44533347370637477
Evaluation 4: EXP2 vs EXP4 vs PHY,contributory,EXP2_contrib_set vs PHY_contrib,level2,multi_label,03-06,2,1,5,1,0.16666666666666666,0.5,0.25,0.2411417322834639
Evaluation 4: EXP2 vs EXP4 vs PHY,contributory,EXP2_contrib_set vs PHY_contrib,level2,multi_label,03-07,2,0,14,2,0.0,0.0,,-0.013806706114398073
Evaluation 4: EXP2 vs EXP4 vs PHY,contributory,EXP2_contrib_set vs PHY_contrib,level2,multi_label,03-08,25,14,36,11,0.28,0.56,0.37333333333333335,0.27994038748137073
Evaluation 4: EXP2 vs EXP4 vs PHY,contributory,EXP2_contrib_set vs PHY_contrib,level2,multi_label,03-09,10,3,27,7,0.1,0.3,0.15,0.09731404958677708
Evaluation 4: EXP2 vs EXP4 vs PHY,contributory,EXP2_contrib_set vs PHY_contrib,level2,multi_label,03-99,0,0,9,0,0.0,,,0.0
Evaluation 4: EXP2 vs EXP4 vs PHY,contributory,EXP2_contrib_set vs PHY_contrib,level2,multi_label,04-00,1,0,0,1,,0.0,,0.0
Evaluation 4: EXP2 vs EXP4 vs PHY,contributory,EXP2_contrib_set vs PHY_contrib,level2,multi_label,04-01,1,0,1,1,0.0,0.0,,-0.003906249999992727
Evaluation 4: EXP2 vs EXP4 vs PHY,contributory,EXP2_contrib_set vs PHY_contrib,level2,multi_label,04-02,1,0,3,1,0.0,0.0,,-0.005870841487283326
Evaluation 4: EXP2 vs EXP4 vs PHY,contributory,EXP2_contrib_set vs PHY_contrib,level2,multi_label,04-05,1,0,0,1,,0.0,,0.0
Evaluation 4: EXP2 vs EXP4 vs PHY,contributory,EXP2_contrib_set vs PHY_contrib,level2,multi_label,04-99,0,0,2,0,0.0,,,0.0
Evaluation 4: EXP2 vs EXP4 vs PHY,contributory,EXP2_contrib_set vs PHY_contrib,level2,multi_label,05-00,0,0,1,0,0.0,,,0.0
Evaluation 4: EXP2 vs EXP4 vs PHY,contributory,EXP2_contrib_set vs PHY_contrib,level2,multi_label,05-03,4,0,0,4,,0.0,,0.0
Evaluation 4: EXP2 vs EXP4 vs PHY,contributory,EXP2_contrib_set vs PHY_contrib,level2,multi_label,05-04,1,0,0,1,,0.0,,0.0
Evaluation 4: EXP2 vs EXP4 vs PHY,contributory,EXP2_contrib_set vs PHY_contrib,level2,multi_label,05-05,3,0,0,3,,0.0,,0.0
Evaluation 4: EXP2 vs EXP4 vs PHY,contributory,EXP2_contrib_set vs PHY_contrib,level2,multi_label,BLANK,0,0,26,0,0.0,,,0.0
Evaluation 4: EXP2 vs EXP4 vs PHY,contributory,EXP2_contrib_set vs PHY_contrib,level1,multi_label,00,0,0,4,0,0.0,,,0.0
Evaluation 4: EXP2 vs EXP4 vs PHY,contributory,EXP2_contrib_set vs PHY_contrib,level1,multi_label,01,42,29,74,13,0.2815533980582524,0.6904761904761905,0.39999999999999997,0.21857197777234127
Evaluation 4: EXP2 vs EXP4 vs PHY,contributory,EXP2_contrib_set vs PHY_contrib,level1,multi_label,02,1,0,0,1,,0.0,,0.0
Evaluation 4: EXP2 vs EXP4 vs PHY,contributory,EXP2_contrib_set vs PHY_contrib,level1,multi_label,03,202,175,32,27,0.8454106280193237,0.8663366336633663,0.8557457212713936,0.2942518035838958
Evaluation 4: EXP2 vs EXP4 vs PHY,contributory,EXP2_contrib_set vs PHY_contrib,level1,multi_label,04,4,0,6,4,0.0,0.0,,-0.019032513877874233
Evaluation 4: EXP2 vs EXP4 vs PHY,contributory,EXP2_contrib_set vs PHY_contrib,level1,multi_label,05,8,0,1,8,0.0,0.0,,-0.0069656073138875075
Evaluation 4: EXP2 vs EXP4 vs PHY,contributory,EXP2_contrib_set vs PHY_contrib,level1,multi_label,BLANK,0,0,26,0,0.0,,,0.0
Evaluation 4: EXP2 vs EXP4 vs PHY,direct,EXP4_direct vs PHY_direct,full,single_label,00-02-00,0,0,48,0,0.0,,,
Evaluation 4: EXP2 vs EXP4 vs PHY,direct,EXP4_direct vs PHY_direct,full,single_label,00-04-00,0,0,1,0,0.0,,,
Evaluation 4: EXP2 vs EXP4 vs PHY,direct,EXP4_direct vs PHY_direct,full,single_label,01-00-00,14,0,0,14,,0.0,,
Evaluation 4: EXP2 vs EXP4 vs PHY,direct,EXP4_direct vs PHY_direct,full,single_label,01-01-00,13,0,9,13,0.0,0.0,,
Evaluation 4: EXP2 vs EXP4 vs PHY,direct,EXP4_direct vs PHY_direct,full,single_label,01-01-01,12,1,3,11,0.25,0.08333333333333333,0.125,
Evaluation 4: EXP2 vs EXP4 vs PHY,direct,EXP4_direct vs PHY_direct,full,single_label,01-01-02,11,7,7,4,0.5,0.6363636363636364,0.56,
Evaluation 4: EXP2 vs EXP4 vs PHY,direct,EXP4_direct vs PHY_direct,full,single_label,01-01-04,25,11,20,14,0.3548387096774194,0.44,0.3928571428571428,
Evaluation 4: EXP2 vs EXP4 vs PHY,direct,EXP4_direct vs PHY_direct,full,single_label,01-01-05,9,1,2,8,0.3333333333333333,0.1111111111111111,0.16666666666666666,
Evaluation 4: EXP2 vs EXP4 vs PHY,direct,EXP4_direct vs PHY_direct,full,single_label,01-01-06,28,6,4,22,0.6,0.21428571428571427,0.3157894736842105,
Evaluation 4: EXP2 vs EXP4 vs PHY,direct,EXP4_direct vs PHY_direct,full,single_label,01-01-99,0,0,1,0,0.0,,,
Evaluation 4: EXP2 vs EXP4 vs PHY,direct,EXP4_direct vs PHY_direct,full,single_label,01-03-00,3,0,0,3,,0.0,,
Evaluation 4: EXP2 vs EXP4 vs PHY,direct,EXP4_direct vs PHY_direct,full,single_label,01-04-00,3,0,3,3,0.0,0.0,,
Evaluation 4: EXP2 vs EXP4 vs PHY,direct,EXP4_direct vs PHY_direct,full,single_label,01-04-01,28,2,1,26,0.6666666666666666,0.07142857142857142,0.12903225806451613,
Evaluation 4: EXP2 vs EXP4 vs PHY,direct,EXP4_direct vs PHY_direct,full,single_label,01-04-02,2,1,34,1,0.02857142857142857,0.5,0.05405405405405405,
Evaluation 4: EXP2 vs EXP4 vs PHY,direct,EXP4_direct vs PHY_direct,full,single_label,01-04-03,6,0,0,6,,0.0,,
Evaluation 4: EXP2 vs EXP4 vs PHY,direct,EXP4_direct vs PHY_direct,full,single_label,01-05-00,2,1,2,1,0.3333333333333333,0.5,0.4,
Evaluation 4: EXP2 vs EXP4 vs PHY,direct,EXP4_direct vs PHY_direct,full,single_label,02-00-00,0,0,1,0,0.0,,,
Evaluation 4: EXP2 vs EXP4 vs PHY,direct,EXP4_direct vs PHY_direct,full,single_label,02-03-00,2,0,0,2,,0.0,,
Evaluation 4: EXP2 vs EXP4 vs PHY,direct,EXP4_direct vs PHY_direct,full,single_label,02-05-00,2,0,0,2,,0.0,,
Evaluation 4: EXP2 vs EXP4 vs PHY,direct,EXP4_direct vs PHY_direct,full,single_label,03-00-00,3,0,0,3,,0.0,,
Evaluation 4: EXP2 vs EXP4 vs PHY,direct,EXP4_direct vs PHY_direct,full,single_label,03-01-00,4,0,0,4,,0.0,,
Evaluation 4: EXP2 vs EXP4 vs PHY,direct,EXP4_direct vs PHY_direct,full,single_label,03-01-01,1,0,8,1,0.0,0.0,,
Evaluation 4: EXP2 vs EXP4 vs PHY,direct,EXP4_direct vs PHY_direct,full,single_label,03-01-02,33,11,3,22,0.7857142857142857,0.3333333333333333,0.4680851063829786,
Evaluation 4: EXP2 vs EXP4 vs PHY,direct,EXP4_direct vs PHY_direct,full,single_label,03-01-03,4,1,3,3,0.25,0.25,0.25,
Evaluation 4: EXP2 vs EXP4 vs PHY,direct,EXP4_direct vs PHY_direct,full,single_label,03-01-04,42,19,14,23,0.5757575757575758,0.4523809523809524,0.5066666666666667,
Evaluation 4: EXP2 vs EXP4 vs PHY,direct,EXP4_direct vs PHY_direct,full,single_label,03-02-00,0,0,10,0,0.0,,,
Evaluation 4: EXP2 vs EXP4 vs PHY,direct,EXP4_direct vs PHY_direct,full,single_label,03-02-01,0,0,1,0,0.0,,,
Evaluation 4: EXP2 vs EXP4 vs PHY,direct,EXP4_direct vs PHY_direct,full,single_label,03-02-02,1,1,3,0,0.25,1.0,0.4,
Evaluation 4: EXP2 vs EXP4 vs PHY,direct,EXP4_direct vs PHY_direct,full,single_label,03-03-00,14,0,0,14,,0.0,,
Evaluation 4: EXP2 vs EXP4 vs PHY,direct,EXP4_direct vs PHY_direct,full,single_label,03-03-01,1,0,2,1,0.0,0.0,,
Evaluation 4: EXP2 vs EXP4 vs PHY,direct,EXP4_direct vs PHY_direct,full,single_label,03-03-02,3,1,4,2,0.2,0.3333333333333333,0.25,
Evaluation 4: EXP2 vs EXP4 vs PHY,direct,EXP4_direct vs PHY_direct,full,single_label,03-03-03,3,1,10,2,0.09090909090909091,0.3333333333333333,0.14285714285714288,
Evaluation 4: EXP2 vs EXP4 vs PHY,direct,EXP4_direct vs PHY_direct,full,single_label,03-03-99,0,0,3,0,0.0,,,
Evaluation 4: EXP2 vs EXP4 vs PHY,direct,EXP4_direct vs PHY_direct,full,single_label,03-04-00,2,0,3,2,0.0,0.0,,
Evaluation 4: EXP2 vs EXP4 vs PHY,direct,EXP4_direct vs PHY_direct,full,single_label,03-04-01,1,0,0,1,,0.0,,
Evaluation 4: EXP2 vs EXP4 vs PHY,direct,EXP4_direct vs PHY_direct,full,single_label,03-04-02,1,1,5,0,0.16666666666666666,1.0,0.2857142857142857,
Evaluation 4: EXP2 vs EXP4 vs PHY,direct,EXP4_direct vs PHY_direct,full,single_label,03-04-99,0,0,4,0,0.0,,,
Evaluation 4: EXP2 vs EXP4 vs PHY,direct,EXP4_direct vs PHY_direct,full,single_label,03-05-00,1,0,0,1,,0.0,,
Evaluation 4: EXP2 vs EXP4 vs PHY,direct,EXP4_direct vs PHY_direct,full,single_label,03-05-01,1,0,3,1,0.0,0.0,,
Evaluation 4: EXP2 vs EXP4 vs PHY,direct,EXP4_direct vs PHY_direct,full,single_label,03-06-00,7,0,1,7,0.0,0.0,,
Evaluation 4: EXP2 vs EXP4 vs PHY,direct,EXP4_direct vs PHY_direct,full,single_label,03-06-02,1,0,1,1,0.0,0.0,,
Evaluation 4: EXP2 vs EXP4 vs PHY,direct,EXP4_direct vs PHY_direct,full,single_label,03-06-03,1,0,0,1,,0.0,,
Evaluation 4: EXP2 vs EXP4 vs PHY,direct,EXP4_direct vs PHY_direct,full,single_label,03-06-04,2,0,1,2,0.0,0.0,,
Evaluation 4: EXP2 vs EXP4 vs PHY,direct,EXP4_direct vs PHY_direct,full,single_label,03-06-07,0,0,1,0,0.0,,,
Evaluation 4: EXP2 vs EXP4 vs PHY,direct,EXP4_direct vs PHY_direct,full,single_label,03-06-99,0,0,3,0,0.0,,,
Evaluation 4: EXP2 vs EXP4 vs PHY,direct,EXP4_direct vs PHY_direct,full,single_label,03-07-01,1,0,6,1,0.0,0.0,,
Evaluation 4: EXP2 vs EXP4 vs PHY,direct,EXP4_direct vs PHY_direct,full,single_label,03-08-00,8,5,5,3,0.5,0.625,0.5555555555555556,
Evaluation 4: EXP2 vs EXP4 vs PHY,direct,EXP4_direct vs PHY_direct,full,single_label,03-08-01,3,0,0,3,,0.0,,
Evaluation 4: EXP2 vs EXP4 vs PHY,direct,EXP4_direct vs PHY_direct,full,single_label,03-09-01,0,0,6,0,0.0,,,
Evaluation 4: EXP2 vs EXP4 vs PHY,direct,EXP4_direct vs PHY_direct,full,single_label,04-00-00,2,0,2,2,0.0,0.0,,
Evaluation 4: EXP2 vs EXP4 vs PHY,direct,EXP4_direct vs PHY_direct,full,single_label,04-01-00,2,1,0,1,1.0,0.5,0.6666666666666666,
Evaluation 4: EXP2 vs EXP4 vs PHY,direct,EXP4_direct vs PHY_direct,full,single_label,04-02-00,1,0,1,1,0.0,0.0,,
Evaluation 4: EXP2 vs EXP4 vs PHY,direct,EXP4_direct vs PHY_direct,full,single_label,04-03-00,3,0,0,3,,0.0,,
Evaluation 4: EXP2 vs EXP4 vs PHY,direct,EXP4_direct vs PHY_direct,full,single_label,04-05-00,4,1,0,3,1.0,0.25,0.4,
Evaluation 4: EXP2 vs EXP4 vs PHY,direct,EXP4_direct vs PHY_direct,full,single_label,04-06-00,1,0,1,1,0.0,0.0,,
Evaluation 4: EXP2 vs EXP4 vs PHY,direct,EXP4_direct vs PHY_direct,full,single_label,04-08-00,1,0,0,1,,0.0,,
Evaluation 4: EXP2 vs EXP4 vs PHY,direct,EXP4_direct vs PHY_direct,full,single_label,04-99-00,0,0,3,0,0.0,,,
Evaluation 4: EXP2 vs EXP4 vs PHY,direct,EXP4_direct vs PHY_direct,full,single_label,05-00-00,0,0,2,0,0.0,,,
Evaluation 4: EXP2 vs EXP4 vs PHY,direct,EXP4_direct vs PHY_direct,full,single_label,05-03-00,1,0,0,1,,0.0,,
Evaluation 4: EXP2 vs EXP4 vs PHY,direct,EXP4_direct vs PHY_direct,full,single_label,05-05-00,1,0,2,1,0.0,0.0,,
Evaluation 4: EXP2 vs EXP4 vs PHY,direct,EXP4_direct vs PHY_direct,full,single_label,05-06-00,16,10,0,6,1.0,0.625,0.7692307692307693,
Evaluation 4: EXP2 vs EXP4 vs PHY,direct,EXP4_direct vs PHY_direct,full,single_label,BLANK,0,0,1,0,0.0,,,
Evaluation 4: EXP2 vs EXP4 vs PHY,direct,EXP4_direct vs PHY_direct,level2,single_label,00-02,0,0,48,0,0.0,,,
Evaluation 4: EXP2 vs EXP4 vs PHY,direct,EXP4_direct vs PHY_direct,level2,single_label,00-04,0,0,1,0,0.0,,,
Evaluation 4: EXP2 vs EXP4 vs PHY,direct,EXP4_direct vs PHY_direct,level2,single_label,01-00,14,0,0,14,,0.0,,
Evaluation 4: EXP2 vs EXP4 vs PHY,direct,EXP4_direct vs PHY_direct,level2,single_label,01-01,98,43,29,55,0.5972222222222222,0.4387755102040816,0.5058823529411764,
Evaluation 4: EXP2 vs EXP4 vs PHY,direct,EXP4_direct vs PHY_direct,level2,single_label,01-03,3,0,0,3,,0.0,,
Evaluation 4: EXP2 vs EXP4 vs PHY,direct,EXP4_direct vs PHY_direct,level2,single_label,01-04,39,19,22,20,0.4634146341463415,0.48717948717948717,0.47500000000000003,
Evaluation 4: EXP2 vs EXP4 vs PHY,direct,EXP4_direct vs PHY_direct,level2,single_label,01-05,2,1,2,1,0.3333333333333333,0.5,0.4,
Evaluation 4: EXP2 vs EXP4 vs PHY,direct,EXP4_direct vs PHY_direct,level2,single_label,02-00,0,0,1,0,0.0,,,
Evaluation 4: EXP2 vs EXP4 vs PHY,direct,EXP4_direct vs PHY_direct,level2,single_label,02-03,2,0,0,2,,0.0,,
Evaluation 4: EXP2 vs EXP4 vs PHY,direct,EXP4_direct vs PHY_direct,level2,single_label,02-05,2,0,0,2,,0.0,,
Evaluation 4: EXP2 vs EXP4 vs PHY,direct,EXP4_direct vs PHY_direct,level2,single_label,03-00,3,0,0,3,,0.0,,
Evaluation 4: EXP2 vs EXP4 vs PHY,direct,EXP4_direct vs PHY_direct,level2,single_label,03-01,84,47,12,37,0.7966101694915254,0.5595238095238095,0.6573426573426574,
Evaluation 4: EXP2 vs EXP4 vs PHY,direct,EXP4_direct vs PHY_direct,level2,single_label,03-02,1,1,14,0,0.06666666666666667,1.0,0.125,
Evaluation 4: EXP2 vs EXP4 vs PHY,direct,EXP4_direct vs PHY_direct,level2,single_label,03-03,21,12,9,9,0.5714285714285714,0.5714285714285714,0.5714285714285714,
Evaluation 4: EXP2 vs EXP4 vs PHY,direct,EXP4_direct vs PHY_direct,level2,single_label,03-04,4,2,11,2,0.15384615384615385,0.5,0.23529411764705882,
Evaluation 4: EXP2 vs EXP4 vs PHY,direct,EXP4_direct vs PHY_direct,level2,single_label,03-05,2,0,3,2,0.0,0.0,,
Evaluation 4: EXP2 vs EXP4 vs PHY,direct,EXP4_direct vs PHY_direct,level2,single_label,03-06,11,4,3,7,0.5714285714285714,0.36363636363636365,0.4444444444444444,
Evaluation 4: EXP2 vs EXP4 vs PHY,direct,EXP4_direct vs PHY_direct,level2,single_label,03-07,1,0,6,1,0.0,0.0,,
Evaluation 4: EXP2 vs EXP4 vs PHY,direct,EXP4_direct vs PHY_direct,level2,single_label,03-08,11,5,5,6,0.5,0.45454545454545453,0.47619047619047616,
Evaluation 4: EXP2 vs EXP4 vs PHY,direct,EXP4_direct vs PHY_direct,level2,single_label,03-09,0,0,6,0,0.0,,,
Evaluation 4: EXP2 vs EXP4 vs PHY,direct,EXP4_direct vs PHY_direct,level2,single_label,04-00,2,0,2,2,0.0,0.0,,
Evaluation 4: EXP2 vs EXP4 vs PHY,direct,EXP4_direct vs PHY_direct,level2,single_label,04-01,2,1,0,1,1.0,0.5,0.6666666666666666,
Evaluation 4: EXP2 vs EXP4 vs PHY,direct,EXP4_direct vs PHY_direct,level2,single_label,04-02,1,0,1,1,0.0,0.0,,
Evaluation 4: EXP2 vs EXP4 vs PHY,direct,EXP4_direct vs PHY_direct,level2,single_label,04-03,3,0,0,3,,0.0,,
Evaluation 4: EXP2 vs EXP4 vs PHY,direct,EXP4_direct vs PHY_direct,level2,single_label,04-05,4,1,0,3,1.0,0.25,0.4,
Evaluation 4: EXP2 vs EXP4 vs PHY,direct,EXP4_direct vs PHY_direct,level2,single_label,04-06,1,0,1,1,0.0,0.0,,
Evaluation 4: EXP2 vs EXP4 vs PHY,direct,EXP4_direct vs PHY_direct,level2,single_label,04-08,1,0,0,1,,0.0,,
Evaluation 4: EXP2 vs EXP4 vs PHY,direct,EXP4_direct vs PHY_direct,level2,single_label,04-99,0,0,3,0,0.0,,,
Evaluation 4: EXP2 vs EXP4 vs PHY,direct,EXP4_direct vs PHY_direct,level2,single_label,05-00,0,0,2,0,0.0,,,
Evaluation 4: EXP2 vs EXP4 vs PHY,direct,EXP4_direct vs PHY_direct,level2,single_label,05-03,1,0,0,1,,0.0,,
Evaluation 4: EXP2 vs EXP4 vs PHY,direct,EXP4_direct vs PHY_direct,level2,single_label,05-05,1,0,2,1,0.0,0.0,,
Evaluation 4: EXP2 vs EXP4 vs PHY,direct,EXP4_direct vs PHY_direct,level2,single_label,05-06,16,10,0,6,1.0,0.625,0.7692307692307693,
Evaluation 4: EXP2 vs EXP4 vs PHY,direct,EXP4_direct vs PHY_direct,level2,single_label,BLANK,0,0,1,0,0.0,,,
Evaluation 4: EXP2 vs EXP4 vs PHY,direct,EXP4_direct vs PHY_direct,level1,single_label,00,0,0,49,0,0.0,,,
Evaluation 4: EXP2 vs EXP4 vs PHY,direct,EXP4_direct vs PHY_direct,level1,single_label,01,156,89,27,67,0.7672413793103449,0.5705128205128205,0.6544117647058822,
Evaluation 4: EXP2 vs EXP4 vs PHY,direct,EXP4_direct vs PHY_direct,level1,single_label,02,4,1,0,3,1.0,0.25,0.4,
Evaluation 4: EXP2 vs EXP4 vs PHY,direct,EXP4_direct vs PHY_direct,level1,single_label,03,138,99,41,39,0.7071428571428572,0.717391304347826,0.7122302158273383,
Evaluation 4: EXP2 vs EXP4 vs PHY,direct,EXP4_direct vs PHY_direct,level1,single_label,04,14,3,6,11,0.3333333333333333,0.21428571428571427,0.2608695652173913,
Evaluation 4: EXP2 vs EXP4 vs PHY,direct,EXP4_direct vs PHY_direct,level1,single_label,05,18,14,0,4,1.0,0.7777777777777778,0.8750000000000001,
Evaluation 4: EXP2 vs EXP4 vs PHY,direct,EXP4_direct vs PHY_direct,level1,single_label,BLANK,0,0,1,0,0.0,,,
Evaluation 4: EXP2 vs EXP4 vs PHY,underlying,EXP4_underlying vs PHY_underlying,full,single_label,00-01-00,0,0,6,0,0.0,,,
Evaluation 4: EXP2 vs EXP4 vs PHY,underlying,EXP4_underlying vs PHY_underlying,full,single_label,00-02-00,0,0,99,0,0.0,,,
Evaluation 4: EXP2 vs EXP4 vs PHY,underlying,EXP4_underlying vs PHY_underlying,full,single_label,00-03-00,0,0,9,0,0.0,,,
Evaluation 4: EXP2 vs EXP4 vs PHY,underlying,EXP4_underlying vs PHY_underlying,full,single_label,00-04-00,0,0,3,0,0.0,,,
Evaluation 4: EXP2 vs EXP4 vs PHY,underlying,EXP4_underlying vs PHY_underlying,full,single_label,01-00-00,30,0,0,30,,0.0,,
Evaluation 4: EXP2 vs EXP4 vs PHY,underlying,EXP4_underlying vs PHY_underlying,full,single_label,01-01-00,214,71,153,143,0.3169642857142857,0.3317757009345794,0.3242009132420091,
Evaluation 4: EXP2 vs EXP4 vs PHY,underlying,EXP4_underlying vs PHY_underlying,full,single_label,01-01-01,206,105,135,101,0.4375,0.5097087378640777,0.4708520179372197,
Evaluation 4: EXP2 vs EXP4 vs PHY,underlying,EXP4_underlying vs PHY_underlying,full,single_label,01-01-02,57,34,54,23,0.38636363636363635,0.5964912280701754,0.46896551724137925,
Evaluation 4: EXP2 vs EXP4 vs PHY,underlying,EXP4_underlying vs PHY_underlying,full,single_label,01-01-03,0,0,6,0,0.0,,,
Evaluation 4: EXP2 vs EXP4 vs PHY,underlying,EXP4_underlying vs PHY_underlying,full,single_label,01-01-04,209,148,208,61,0.4157303370786517,0.7081339712918661,0.5238938053097345,
Evaluation 4: EXP2 vs EXP4 vs PHY,underlying,EXP4_underlying vs PHY_underlying,full,single_label,01-01-05,70,27,54,43,0.3333333333333333,0.38571428571428573,0.35761589403973504,
Evaluation 4: EXP2 vs EXP4 vs PHY,underlying,EXP4_underlying vs PHY_underlying,full,single_label,01-01-06,15,1,32,14,0.030303030303030304,0.06666666666666667,0.041666666666666664,
Evaluation 4: EXP2 vs EXP4 vs PHY,underlying,EXP4_underlying vs PHY_underlying,full,single_label,01-01-99,0,0,15,0,0.0,,,
Evaluation 4: EXP2 vs EXP4 vs PHY,underlying,EXP4_underlying vs PHY_underlying,full,single_label,01-03-00,16,5,3,11,0.625,0.3125,0.4166666666666667,
Evaluation 4: EXP2 vs EXP4 vs PHY,underlying,EXP4_underlying vs PHY_underlying,full,single_label,01-04-00,41,0,3,41,0.0,0.0,,
Evaluation 4: EXP2 vs EXP4 vs PHY,underlying,EXP4_underlying vs PHY_underlying,full,single_label,01-04-01,40,26,110,14,0.19117647058823528,0.65,0.29545454545454547,
Evaluation 4: EXP2 vs EXP4 vs PHY,underlying,EXP4_underlying vs PHY_underlying,full,single_label,01-04-02,801,580,99,221,0.8541973490427098,0.7240948813982522,0.7837837837837837,
Evaluation 4: EXP2 vs EXP4 vs PHY,underlying,EXP4_underlying vs PHY_underlying,full,single_label,01-04-03,27,3,5,24,0.375,0.1111111111111111,0.17142857142857143,
Evaluation 4: EXP2 vs EXP4 vs PHY,underlying,EXP4_underlying vs PHY_underlying,full,single_label,01-05-00,52,34,75,18,0.3119266055045872,0.6538461538461539,0.422360248447205,
Evaluation 4: EXP2 vs EXP4 vs PHY,underlying,EXP4_underlying vs PHY_underlying,full,single_label,01-07-00,3,1,0,2,1.0,0.3333333333333333,0.5,
Evaluation 4: EXP2 vs EXP4 vs PHY,underlying,EXP4_underlying vs PHY_underlying,full,single_label,01-99-00,0,0,4,0,0.0,,,
Evaluation 4: EXP2 vs EXP4 vs PHY,underlying,EXP4_underlying vs PHY_underlying,full,single_label,02-00-00,9,0,5,9,0.0,0.0,,
Evaluation 4: EXP2 vs EXP4 vs PHY,underlying,EXP4_underlying vs PHY_underlying,full,single_label,02-01-00,6,1,1,5,0.5,0.16666666666666666,0.25,
Evaluation 4: EXP2 vs EXP4 vs PHY,underlying,EXP4_underlying vs PHY_underlying,full,single_label,02-02-00,5,3,4,2,0.42857142857142855,0.6,0.5,
Evaluation 4: EXP2 vs EXP4 vs PHY,underlying,EXP4_underlying vs PHY_underlying,full,single_label,02-03-00,17,6,3,11,0.6666666666666666,0.35294117647058826,0.46153846153846156,
Evaluation 4: EXP2 vs EXP4 vs PHY,underlying,EXP4_underlying vs PHY_underlying,full,single_label,02-04-00,11,0,28,11,0.0,0.0,,
Evaluation 4: EXP2 vs EXP4 vs PHY,underlying,EXP4_underlying vs PHY_underlying,full,single_label,02-05-00,6,2,4,4,0.3333333333333333,0.3333333333333333,0.3333333333333333,
Evaluation 4: EXP2 vs EXP4 vs PHY,underlying,EXP4_underlying vs PHY_underlying,full,single_label,02-06-00,1,0,0,1,,0.0,,
Evaluation 4: EXP2 vs EXP4 vs PHY,underlying,EXP4_underlying vs PHY_underlying,full,single_label,02-99-00,0,0,14,0,0.0,,,
Evaluation 4: EXP2 vs EXP4 vs PHY,underlying,EXP4_underlying vs PHY_underlying,full,single_label,03-00-00,47,0,1,47,0.0,0.0,,
Evaluation 4: EXP2 vs EXP4 vs PHY,underlying,EXP4_underlying vs PHY_underlying,full,single_label,03-01-00,29,1,5,28,0.16666666666666666,0.034482758620689655,0.05714285714285715,
Evaluation 4: EXP2 vs EXP4 vs PHY,underlying,EXP4_underlying vs PHY_underlying,full,single_label,03-01-01,124,34,53,90,0.39080459770114945,0.27419354838709675,0.32227488151658773,
Evaluation 4: EXP2 vs EXP4 vs PHY,underlying,EXP4_underlying vs PHY_underlying,full,single_label,03-01-02,145,41,27,104,0.6029411764705882,0.2827586206896552,0.38497652582159625,
Evaluation 4: EXP2 vs EXP4 vs PHY,underlying,EXP4_underlying vs PHY_underlying,full,single_label,03-01-03,16,5,50,11,0.09090909090909091,0.3125,0.14084507042253522,
Evaluation 4: EXP2 vs EXP4 vs PHY,underlying,EXP4_underlying vs PHY_underlying,full,single_label,03-01-04,139,85,73,54,0.5379746835443038,0.6115107913669064,0.5723905723905723,
Evaluation 4: EXP2 vs EXP4 vs PHY,underlying,EXP4_underlying vs PHY_underlying,full,single_label,03-01-99,0,0,7,0,0.0,,,
Evaluation 4: EXP2 vs EXP4 vs PHY,underlying,EXP4_underlying vs PHY_underlying,full,single_label,03-02-00,11,0,10,11,0.0,0.0,,
Evaluation 4: EXP2 vs EXP4 vs PHY,underlying,EXP4_underlying vs PHY_underlying,full,single_label,03-02-01,2,1,16,1,0.058823529411764705,0.5,0.10526315789473684,
Evaluation 4: EXP2 vs EXP4 vs PHY,underlying,EXP4_underlying vs PHY_underlying,full,single_label,03-02-02,38,23,8,15,0.7419354838709677,0.6052631578947368,0.6666666666666666,
Evaluation 4: EXP2 vs EXP4 vs PHY,underlying,EXP4_underlying vs PHY_underlying,full,single_label,03-03-00,101,2,6,99,0.25,0.019801980198019802,0.03669724770642201,
Evaluation 4: EXP2 vs EXP4 vs PHY,underlying,EXP4_underlying vs PHY_underlying,full,single_label,03-03-01,9,2,19,7,0.09523809523809523,0.2222222222222222,0.13333333333333333,
Evaluation 4: EXP2 vs EXP4 vs PHY,underlying,EXP4_underlying vs PHY_underlying,full,single_label,03-03-02,52,21,46,31,0.31343283582089554,0.40384615384615385,0.35294117647058826,
Evaluation 4: EXP2 vs EXP4 vs PHY,underlying,EXP4_underlying vs PHY_underlying,full,single_label,03-03-03,47,18,23,29,0.43902439024390244,0.3829787234042553,0.4090909090909091,
Evaluation 4: EXP2 vs EXP4 vs PHY,underlying,EXP4_underlying vs PHY_underlying,full,single_label,03-03-99,0,0,7,0,0.0,,,
Evaluation 4: EXP2 vs EXP4 vs PHY,underlying,EXP4_underlying vs PHY_underlying,full,single_label,03-04-00,34,0,1,34,0.0,0.0,,
Evaluation 4: EXP2 vs EXP4 vs PHY,underlying,EXP4_underlying vs PHY_underlying,full,single_label,03-04-01,10,0,1,10,0.0,0.0,,
Evaluation 4: EXP2 vs EXP4 vs PHY,underlying,EXP4_underlying vs PHY_underlying,full,single_label,03-04-02,33,26,23,7,0.5306122448979592,0.7878787878787878,0.6341463414634148,
Evaluation 4: EXP2 vs EXP4 vs PHY,underlying,EXP4_underlying vs PHY_underlying,full,single_label,03-04-99,0,0,7,0,0.0,,,
Evaluation 4: EXP2 vs EXP4 vs PHY,underlying,EXP4_underlying vs PHY_underlying,full,single_label,03-05-00,1,0,1,1,0.0,0.0,,
Evaluation 4: EXP2 vs EXP4 vs PHY,underlying,EXP4_underlying vs PHY_underlying,full,single_label,03-05-01,72,37,16,35,0.6981132075471698,0.5138888888888888,0.592,
Evaluation 4: EXP2 vs EXP4 vs PHY,underlying,EXP4_underlying vs PHY_underlying,full,single_label,03-06-00,62,10,9,52,0.5263157894736842,0.16129032258064516,0.2469135802469136,
Evaluation 4: EXP2 vs EXP4 vs PHY,underlying,EXP4_underlying vs PHY_underlying,full,single_label,03-06-01,11,6,3,5,0.6666666666666666,0.5454545454545454,0.6,
Evaluation 4: EXP2 vs EXP4 vs PHY,underlying,EXP4_underlying vs PHY_underlying,full,single_label,03-06-02,63,27,3,36,0.9,0.42857142857142855,0.5806451612903225,
Evaluation 4: EXP2 vs EXP4 vs PHY,underlying,EXP4_underlying vs PHY_underlying,full,single_label,03-06-03,15,3,4,12,0.42857142857142855,0.2,0.27272727272727276,
Evaluation 4: EXP2 vs EXP4 vs PHY,underlying,EXP4_underlying vs PHY_underlying,full,single_label,03-06-04,34,8,37,26,0.17777777777777778,0.23529411764705882,0.20253164556962028,
Evaluation 4: EXP2 vs EXP4 vs PHY,underlying,EXP4_underlying vs PHY_underlying,full,single_label,03-06-05,7,5,3,2,0.625,0.7142857142857143,0.6666666666666666,
Evaluation 4: EXP2 vs EXP4 vs PHY,underlying,EXP4_underlying vs PHY_underlying,full,single_label,03-06-06,1,1,0,0,1.0,1.0,1.0,
Evaluation 4: EXP2 vs EXP4 vs PHY,underlying,EXP4_underlying vs PHY_underlying,full,single_label,03-06-07,0,0,13,0,0.0,,,
Evaluation 4: EXP2 vs EXP4 vs PHY,underlying,EXP4_underlying vs PHY_underlying,full,single_label,03-06-99,0,0,55,0,0.0,,,
Evaluation 4: EXP2 vs EXP4 vs PHY,underlying,EXP4_underlying vs PHY_underlying,full,single_label,03-07-00,16,0,1,16,0.0,0.0,,
Evaluation 4: EXP2 vs EXP4 vs PHY,underlying,EXP4_underlying vs PHY_underlying,full,single_label,03-07-01,16,7,43,9,0.14,0.4375,0.21212121212121213,
Evaluation 4: EXP2 vs EXP4 vs PHY,underlying,EXP4_underlying vs PHY_underlying,full,single_label,03-07-99,0,0,8,0,0.0,,,
Evaluation 4: EXP2 vs EXP4 vs PHY,underlying,EXP4_underlying vs PHY_underlying,full,single_label,03-08-00,37,11,38,26,0.22448979591836735,0.2972972972972973,0.2558139534883721,
Evaluation 4: EXP2 vs EXP4 vs PHY,underlying,EXP4_underlying vs PHY_underlying,full,single_label,03-08-01,11,0,0,11,,0.0,,
Evaluation 4: EXP2 vs EXP4 vs PHY,underlying,EXP4_underlying vs PHY_underlying,full,single_label,03-08-99,0,0,2,0,0.0,,,
Evaluation 4: EXP2 vs EXP4 vs PHY,underlying,EXP4_underlying vs PHY_underlying,full,single_label,03-09-00,3,0,0,3,,0.0,,
Evaluation 4: EXP2 vs EXP4 vs PHY,underlying,EXP4_underlying vs PHY_underlying,full,single_label,03-09-01,57,23,41,34,0.359375,0.40350877192982454,0.38016528925619836,
Evaluation 4: EXP2 vs EXP4 vs PHY,underlying,EXP4_underlying vs PHY_underlying,full,single_label,03-99-00,0,0,5,0,0.0,,,
Evaluation 4: EXP2 vs EXP4 vs PHY,underlying,EXP4_underlying vs PHY_underlying,full,single_label,04-00-00,31,0,28,31,0.0,0.0,,
Evaluation 4: EXP2 vs EXP4 vs PHY,underlying,EXP4_underlying vs PHY_underlying,full,single_label,04-01-00,69,38,2,31,0.95,0.5507246376811594,0.6972477064220184,
Evaluation 4: EXP2 vs EXP4 vs PHY,underlying,EXP4_underlying vs PHY_underlying,full,single_label,04-02-00,20,8,1,12,0.8888888888888888,0.4,0.5517241379310346,
Evaluation 4: EXP2 vs EXP4 vs PHY,underlying,EXP4_underlying vs PHY_underlying,full,single_label,04-03-00,55,21,0,34,1.0,0.38181818181818183,0.5526315789473685,
Evaluation 4: EXP2 vs EXP4 vs PHY,underlying,EXP4_underlying vs PHY_underlying,full,single_label,04-04-00,5,1,0,4,1.0,0.2,0.33333333333333337,
Evaluation 4: EXP2 vs EXP4 vs PHY,underlying,EXP4_underlying vs PHY_underlying,full,single_label,04-05-00,54,12,3,42,0.8,0.2222222222222222,0.3478260869565218,
Evaluation 4: EXP2 vs EXP4 vs PHY,underlying,EXP4_underlying vs PHY_underlying,full,single_label,04-06-00,14,14,7,0,0.6666666666666666,1.0,0.8,
Evaluation 4: EXP2 vs EXP4 vs PHY,underlying,EXP4_underlying vs PHY_underlying,full,single_label,04-07-00,4,4,3,0,0.5714285714285714,1.0,0.7272727272727273,
Evaluation 4: EXP2 vs EXP4 vs PHY,underlying,EXP4_underlying vs PHY_underlying,full,single_label,04-08-00,25,19,11,6,0.6333333333333333,0.76,0.6909090909090909,
Evaluation 4: EXP2 vs EXP4 vs PHY,underlying,EXP4_underlying vs PHY_underlying,full,single_label,04-09-00,1,0,19,1,0.0,0.0,,
Evaluation 4: EXP2 vs EXP4 vs PHY,underlying,EXP4_underlying vs PHY_underlying,full,single_label,04-99-00,0,0,46,0,0.0,,,
Evaluation 4: EXP2 vs EXP4 vs PHY,underlying,EXP4_underlying vs PHY_underlying,full,single_label,05-00-00,24,6,94,18,0.06,0.25,0.0967741935483871,
Evaluation 4: EXP2 vs EXP4 vs PHY,underlying,EXP4_underlying vs PHY_underlying,full,single_label,05-02-00,0,0,2,0,0.0,,,
Evaluation 4: EXP2 vs EXP4 vs PHY,underlying,EXP4_underlying vs PHY_underlying,full,single_label,05-03-00,145,44,8,101,0.8461538461538461,0.30344827586206896,0.44670050761421315,
Evaluation 4: EXP2 vs EXP4 vs PHY,underlying,EXP4_underlying vs PHY_underlying,full,single_label,05-04-00,28,3,4,25,0.42857142857142855,0.10714285714285714,0.17142857142857143,
Evaluation 4: EXP2 vs EXP4 vs PHY,underlying,EXP4_underlying vs PHY_underlying,full,single_label,05-05-00,206,57,18,149,0.76,0.2766990291262136,0.405693950177936,
Evaluation 4: EXP2 vs EXP4 vs PHY,underlying,EXP4_underlying vs PHY_underlying,full,single_label,05-06-00,101,57,56,44,0.504424778761062,0.5643564356435643,0.5327102803738317,
Evaluation 4: EXP2 vs EXP4 vs PHY,underlying,EXP4_underlying vs PHY_underlying,full,single_label,05-08-00,5,1,27,4,0.03571428571428571,0.2,0.06060606060606061,
Evaluation 4: EXP2 vs EXP4 vs PHY,underlying,EXP4_underlying vs PHY_underlying,full,single_label,05-09-00,0,0,1,0,0.0,,,
Evaluation 4: EXP2 vs EXP4 vs PHY,underlying,EXP4_underlying vs PHY_underlying,full,single_label,05-99-00,0,0,7,0,0.0,,,
Evaluation 4: EXP2 vs EXP4 vs PHY,underlying,EXP4_underlying vs PHY_underlying,full,single_label,BLANK,0,0,3,0,0.0,,,
Evaluation 4: EXP2 vs EXP4 vs PHY,underlying,EXP4_underlying vs PHY_underlying,level2,single_label,00-01,0,0,6,0,0.0,,,
Evaluation 4: EXP2 vs EXP4 vs PHY,underlying,EXP4_underlying vs PHY_underlying,level2,single_label,00-02,0,0,99,0,0.0,,,
Evaluation 4: EXP2 vs EXP4 vs PHY,underlying,EXP4_underlying vs PHY_underlying,level2,single_label,00-03,0,0,9,0,0.0,,,
Evaluation 4: EXP2 vs EXP4 vs PHY,underlying,EXP4_underlying vs PHY_underlying,level2,single_label,00-04,0,0,3,0,0.0,,,
Evaluation 4: EXP2 vs EXP4 vs PHY,underlying,EXP4_underlying vs PHY_underlying,level2,single_label,01-00,30,0,0,30,,0.0,,
Evaluation 4: EXP2 vs EXP4 vs PHY,underlying,EXP4_underlying vs PHY_underlying,level2,single_label,01-01,771,632,411,139,0.6059443911792906,0.8197146562905318,0.6968026460859978,
Evaluation 4: EXP2 vs EXP4 vs PHY,underlying,EXP4_underlying vs PHY_underlying,level2,single_label,01-03,16,5,3,11,0.625,0.3125,0.4166666666666667,
Evaluation 4: EXP2 vs EXP4 vs PHY,underlying,EXP4_underlying vs PHY_underlying,level2,single_label,01-04,909,715,111,194,0.8656174334140436,0.7865786578657866,0.8242074927953891,
Evaluation 4: EXP2 vs EXP4 vs PHY,underlying,EXP4_underlying vs PHY_underlying,level2,single_label,01-05,52,34,75,18,0.3119266055045872,0.6538461538461539,0.422360248447205,
Evaluation 4: EXP2 vs EXP4 vs PHY,underlying,EXP4_underlying vs PHY_underlying,level2,single_label,01-07,3,1,0,2,1.0,0.3333333333333333,0.5,
Evaluation 4: EXP2 vs EXP4 vs PHY,underlying,EXP4_underlying vs PHY_underlying,level2,single_label,01-99,0,0,4,0,0.0,,,
Evaluation 4: EXP2 vs EXP4 vs PHY,underlying,EXP4_underlying vs PHY_underlying,level2,single_label,02-00,9,0,5,9,0.0,0.0,,
Evaluation 4: EXP2 vs EXP4 vs PHY,underlying,EXP4_underlying vs PHY_underlying,level2,single_label,02-01,6,1,1,5,0.5,0.16666666666666666,0.25,
Evaluation 4: EXP2 vs EXP4 vs PHY,underlying,EXP4_underlying vs PHY_underlying,level2,single_label,02-02,5,3,4,2,0.42857142857142855,0.6,0.5,
Evaluation 4: EXP2 vs EXP4 vs PHY,underlying,EXP4_underlying vs PHY_underlying,level2,single_label,02-03,17,6,3,11,0.6666666666666666,0.35294117647058826,0.46153846153846156,
Evaluation 4: EXP2 vs EXP4 vs PHY,underlying,EXP4_underlying vs PHY_underlying,level2,single_label,02-04,11,0,28,11,0.0,0.0,,
Evaluation 4: EXP2 vs EXP4 vs PHY,underlying,EXP4_underlying vs PHY_underlying,level2,single_label,02-05,6,2,4,4,0.3333333333333333,0.3333333333333333,0.3333333333333333,
Evaluation 4: EXP2 vs EXP4 vs PHY,underlying,EXP4_underlying vs PHY_underlying,level2,single_label,02-06,1,0,0,1,,0.0,,
Evaluation 4: EXP2 vs EXP4 vs PHY,underlying,EXP4_underlying vs PHY_underlying,level2,single_label,02-99,0,0,14,0,0.0,,,
Evaluation 4: EXP2 vs EXP4 vs PHY,underlying,EXP4_underlying vs PHY_underlying,level2,single_label,03-00,47,0,1,47,0.0,0.0,,
Evaluation 4: EXP2 vs EXP4 vs PHY,underlying,EXP4_underlying vs PHY_underlying,level2,single_label,03-01,453,288,93,165,0.7559055118110236,0.6357615894039735,0.6906474820143884,
Evaluation 4: EXP2 vs EXP4 vs PHY,underlying,EXP4_underlying vs PHY_underlying,level2,single_label,03-02,51,26,32,25,0.4482758620689655,0.5098039215686274,0.47706422018348627,
Evaluation 4: EXP2 vs EXP4 vs PHY,underlying,EXP4_underlying vs PHY_underlying,level2,single_label,03-03,209,89,55,120,0.6180555555555556,0.4258373205741627,0.5042492917847026,
Evaluation 4: EXP2 vs EXP4 vs PHY,underlying,EXP4_underlying vs PHY_underlying,level2,single_label,03-04,77,33,25,44,0.5689655172413793,0.42857142857142855,0.48888888888888893,
Evaluation 4: EXP2 vs EXP4 vs PHY,underlying,EXP4_underlying vs PHY_underlying,level2,single_label,03-05,73,37,17,36,0.6851851851851852,0.5068493150684932,0.5826771653543307,
Evaluation 4: EXP2 vs EXP4 vs PHY,underlying,EXP4_underlying vs PHY_underlying,level2,single_label,03-06,193,112,75,81,0.5989304812834224,0.5803108808290155,0.5894736842105263,
Evaluation 4: EXP2 vs EXP4 vs PHY,underlying,EXP4_underlying vs PHY_underlying,level2,single_label,03-07,32,15,44,17,0.2542372881355932,0.46875,0.32967032967032966,
Evaluation 4: EXP2 vs EXP4 vs PHY,underlying,EXP4_underlying vs PHY_underlying,level2,single_label,03-08,48,16,35,32,0.3137254901960784,0.3333333333333333,0.32323232323232326,
Evaluation 4: EXP2 vs EXP4 vs PHY,underlying,EXP4_underlying vs PHY_underlying,level2,single_label,03-09,60,23,41,37,0.359375,0.38333333333333336,0.3709677419354839,
Evaluation 4: EXP2 vs EXP4 vs PHY,underlying,EXP4_underlying vs PHY_underlying,level2,single_label,03-99,0,0,5,0,0.0,,,
Evaluation 4: EXP2 vs EXP4 vs PHY,underlying,EXP4_underlying vs PHY_underlying,level2,single_label,04-00,31,0,28,31,0.0,0.0,,
Evaluation 4: EXP2 vs EXP4 vs PHY,underlying,EXP4_underlying vs PHY_underlying,level2,single_label,04-01,69,38,2,31,0.95,0.5507246376811594,0.6972477064220184,
Evaluation 4: EXP2 vs EXP4 vs PHY,underlying,EXP4_underlying vs PHY_underlying,level2,single_label,04-02,20,8,1,12,0.8888888888888888,0.4,0.5517241379310346,
Evaluation 4: EXP2 vs EXP4 vs PHY,underlying,EXP4_underlying vs PHY_underlying,level2,single_label,04-03,55,21,0,34,1.0,0.38181818181818183,0.5526315789473685,
Evaluation 4: EXP2 vs EXP4 vs PHY,underlying,EXP4_underlying vs PHY_underlying,level2,single_label,04-04,5,1,0,4,1.0,0.2,0.33333333333333337,
Evaluation 4: EXP2 vs EXP4 vs PHY,underlying,EXP4_underlying vs PHY_underlying,level2,single_label,04-05,54,12,3,42,0.8,0.2222222222222222,0.3478260869565218,
Evaluation 4: EXP2 vs EXP4 vs PHY,underlying,EXP4_underlying vs PHY_underlying,level2,single_label,04-06,14,14,7,0,0.6666666666666666,1.0,0.8,
Evaluation 4: EXP2 vs EXP4 vs PHY,underlying,EXP4_underlying vs PHY_underlying,level2,single_label,04-07,4,4,3,0,0.5714285714285714,1.0,0.7272727272727273,
Evaluation 4: EXP2 vs EXP4 vs PHY,underlying,EXP4_underlying vs PHY_underlying,level2,single_label,04-08,25,19,11,6,0.6333333333333333,0.76,0.6909090909090909,
Evaluation 4: EXP2 vs EXP4 vs PHY,underlying,EXP4_underlying vs PHY_underlying,level2,single_label,04-09,1,0,19,1,0.0,0.0,,
Evaluation 4: EXP2 vs EXP4 vs PHY,underlying,EXP4_underlying vs PHY_underlying,level2,single_label,04-99,0,0,46,0,0.0,,,
Evaluation 4: EXP2 vs EXP4 vs PHY,underlying,EXP4_underlying vs PHY_underlying,level2,single_label,05-00,24,6,94,18,0.06,0.25,0.0967741935483871,
Evaluation 4: EXP2 vs EXP4 vs PHY,underlying,EXP4_underlying vs PHY_underlying,level2,single_label,05-02,0,0,2,0,0.0,,,
Evaluation 4: EXP2 vs EXP4 vs PHY,underlying,EXP4_underlying vs PHY_underlying,level2,single_label,05-03,145,44,8,101,0.8461538461538461,0.30344827586206896,0.44670050761421315,
Evaluation 4: EXP2 vs EXP4 vs PHY,underlying,EXP4_underlying vs PHY_underlying,level2,single_label,05-04,28,3,4,25,0.42857142857142855,0.10714285714285714,0.17142857142857143,
Evaluation 4: EXP2 vs EXP4 vs PHY,underlying,EXP4_underlying vs PHY_underlying,level2,single_label,05-05,206,57,18,149,0.76,0.2766990291262136,0.405693950177936,
Evaluation 4: EXP2 vs EXP4 vs PHY,underlying,EXP4_underlying vs PHY_underlying,level2,single_label,05-06,101,57,56,44,0.504424778761062,0.5643564356435643,0.5327102803738317,
Evaluation 4: EXP2 vs EXP4 vs PHY,underlying,EXP4_underlying vs PHY_underlying,level2,single_label,05-08,5,1,27,4,0.03571428571428571,0.2,0.06060606060606061,
Evaluation 4: EXP2 vs EXP4 vs PHY,underlying,EXP4_underlying vs PHY_underlying,level2,single_label,05-09,0,0,1,0,0.0,,,
Evaluation 4: EXP2 vs EXP4 vs PHY,underlying,EXP4_underlying vs PHY_underlying,level2,single_label,05-99,0,0,7,0,0.0,,,
Evaluation 4: EXP2 vs EXP4 vs PHY,underlying,EXP4_underlying vs PHY_underlying,level2,single_label,BLANK,0,0,3,0,0.0,,,
Evaluation 4: EXP2 vs EXP4 vs PHY,underlying,EXP4_underlying vs PHY_underlying,level1,single_label,00,0,0,117,0,0.0,,,
Evaluation 4: EXP2 vs EXP4 vs PHY,underlying,EXP4_underlying vs PHY_underlying,level1,single_label,01,1781,1622,369,159,0.8146659969864389,0.9107243121841662,0.8600212089077411,
Evaluation 4: EXP2 vs EXP4 vs PHY,underlying,EXP4_underlying vs PHY_underlying,level1,single_label,02,55,40,31,15,0.5633802816901409,0.7272727272727273,0.634920634920635,
Evaluation 4: EXP2 vs EXP4 vs PHY,underlying,EXP4_underlying vs PHY_underlying,level1,single_label,03,1243,899,163,344,0.8465160075329566,0.7232502011263073,0.7800433839479392,
Evaluation 4: EXP2 vs EXP4 vs PHY,underlying,EXP4_underlying vs PHY_underlying,level1,single_label,04,278,205,32,73,0.8649789029535865,0.737410071942446,0.7961165048543689,
Evaluation 4: EXP2 vs EXP4 vs PHY,underlying,EXP4_underlying vs PHY_underlying,level1,single_label,05,509,365,20,144,0.948051948051948,0.7170923379174853,0.8165548098434005,
Evaluation 4: EXP2 vs EXP4 vs PHY,underlying,EXP4_underlying vs PHY_underlying,level1,single_label,BLANK,0,0,3,0,0.0,,,
Evaluation 4: EXP2 vs EXP4 vs PHY,contributory,EXP4_contrib_set vs PHY_contrib,full,multi_label,00-02-00,0,0,1,0,0.0,,,0.0
Evaluation 4: EXP2 vs EXP4 vs PHY,contributory,EXP4_contrib_set vs PHY_contrib,full,multi_label,01-00-00,2,0,0,2,,0.0,,0.0
Evaluation 4: EXP2 vs EXP4 vs PHY,contributory,EXP4_contrib_set vs PHY_contrib,full,multi_label,01-01-00,2,0,14,2,0.0,0.0,,-0.013806706114398073
Evaluation 4: EXP2 vs EXP4 vs PHY,contributory,EXP4_contrib_set vs PHY_contrib,full,multi_label,01-01-01,5,2,10,3,0.16666666666666666,0.4,0.23529411764705882,0.21369734055071754
Evaluation 4: EXP2 vs EXP4 vs PHY,contributory,EXP4_contrib_set vs PHY_contrib,full,multi_label,01-01-02,0,0,3,0,0.0,,,0.0
Evaluation 4: EXP2 vs EXP4 vs PHY,contributory,EXP4_contrib_set vs PHY_contrib,full,multi_label,01-01-03,0,0,2,0,0.0,,,0.0
Evaluation 4: EXP2 vs EXP4 vs PHY,contributory,EXP4_contrib_set vs PHY_contrib,full,multi_label,01-01-04,1,0,20,1,0.0,0.0,,-0.007466865783088737
Evaluation 4: EXP2 vs EXP4 vs PHY,contributory,EXP4_contrib_set vs PHY_contrib,full,multi_label,01-01-05,0,0,5,0,0.0,,,0.0
Evaluation 4: EXP2 vs EXP4 vs PHY,contributory,EXP4_contrib_set vs PHY_contrib,full,multi_label,01-01-06,0,0,6,0,0.0,,,0.0
Evaluation 4: EXP2 vs EXP4 vs PHY,contributory,EXP4_contrib_set vs PHY_contrib,full,multi_label,01-01-99,0,0,2,0,0.0,,,0.0
Evaluation 4: EXP2 vs EXP4 vs PHY,contributory,EXP4_contrib_set vs PHY_contrib,full,multi_label,01-03-00,0,0,1,0,0.0,,,0.0
Evaluation 4: EXP2 vs EXP4 vs PHY,contributory,EXP4_contrib_set vs PHY_contrib,full,multi_label,01-04-00,4,0,0,4,,0.0,,0.0
Evaluation 4: EXP2 vs EXP4 vs PHY,contributory,EXP4_contrib_set vs PHY_contrib,full,multi_label,01-04-01,0,0,9,0,0.0,,,0.0
Evaluation 4: EXP2 vs EXP4 vs PHY,contributory,EXP4_contrib_set vs PHY_contrib,full,multi_label,01-04-02,27,9,4,18,0.6923076923076923,0.3333333333333333,0.45,0.40968887032783435
Evaluation 4: EXP2 vs EXP4 vs PHY,contributory,EXP4_contrib_set vs PHY_contrib,full,multi_label,01-04-03,0,0,4,0,0.0,,,0.0
Evaluation 4: EXP2 vs EXP4 vs PHY,contributory,EXP4_contrib_set vs PHY_contrib,full,multi_label,01-04-99,0,0,1,0,0.0,,,0.0
Evaluation 4: EXP2 vs EXP4 vs PHY,contributory,EXP4_contrib_set vs PHY_contrib,full,multi_label,01-05-00,1,0,16,1,0.0,0.0,,-0.007378372146644962
Evaluation 4: EXP2 vs EXP4 vs PHY,contributory,EXP4_contrib_set vs PHY_contrib,full,multi_label,01-99-00,0,0,8,0,0.0,,,0.0
Evaluation 4: EXP2 vs EXP4 vs PHY,contributory,EXP4_contrib_set vs PHY_contrib,full,multi_label,02-00-00,1,0,0,1,,0.0,,0.0
Evaluation 4: EXP2 vs EXP4 vs PHY,contributory,EXP4_contrib_set vs PHY_contrib,full,multi_label,03-00-00,3,0,0,3,,0.0,,0.0
Evaluation 4: EXP2 vs EXP4 vs PHY,contributory,EXP4_contrib_set vs PHY_contrib,full,multi_label,03-01-01,82,66,54,16,0.55,0.8048780487804879,0.6534653465346535,0.4418936526648879
Evaluation 4: EXP2 vs EXP4 vs PHY,contributory,EXP4_contrib_set vs PHY_contrib,full,multi_label,03-01-02,1,0,13,1,0.0,0.0,,-0.007278835386336965
Evaluation 4: EXP2 vs EXP4 vs PHY,contributory,EXP4_contrib_set vs PHY_contrib,full,multi_label,03-01-03,0,0,2,0,0.0,,,0.0
Evaluation 4: EXP2 vs EXP4 vs PHY,contributory,EXP4_contrib_set vs PHY_contrib,full,multi_label,03-01-04,22,4,16,18,0.2,0.18181818181818182,0.1904761904761905,0.11862013314504742
Evaluation 4: EXP2 vs EXP4 vs PHY,contributory,EXP4_contrib_set vs PHY_contrib,full,multi_label,03-01-99,0,0,12,0,0.0,,,0.0
Evaluation 4: EXP2 vs EXP4 vs PHY,contributory,EXP4_contrib_set vs PHY_contrib,full,multi_label,03-02-00,0,0,6,0,0.0,,,0.0
Evaluation 4: EXP2 vs EXP4 vs PHY,contributory,EXP4_contrib_set vs PHY_contrib,full,multi_label,03-02-01,1,0,3,1,0.0,0.0,,-0.005870841487283326
Evaluation 4: EXP2 vs EXP4 vs PHY,contributory,EXP4_contrib_set vs PHY_contrib,full,multi_label,03-02-02,2,2,5,0,0.2857142857142857,1.0,0.4444444444444445,0.43763676148796193
Evaluation 4: EXP2 vs EXP4 vs PHY,contributory,EXP4_contrib_set vs PHY_contrib,full,multi_label,03-02-99,0,0,3,0,0.0,,,0.0
Evaluation 4: EXP2 vs EXP4 vs PHY,contributory,EXP4_contrib_set vs PHY_contrib,full,multi_label,03-03-00,1,0,4,1,0.0,0.0,,-0.006264682850436304
Evaluation 4: EXP2 vs EXP4 vs PHY,contributory,EXP4_contrib_set vs PHY_contrib,full,multi_label,03-03-02,0,0,6,0,0.0,,,0.0
Evaluation 4: EXP2 vs EXP4 vs PHY,contributory,EXP4_contrib_set vs PHY_contrib,full,multi_label,03-03-03,0,0,2,0,0.0,,,0.0
Evaluation 4: EXP2 vs EXP4 vs PHY,contributory,EXP4_contrib_set vs PHY_contrib,full,multi_label,03-03-99,0,0,8,0,0.0,,,0.0
Evaluation 4: EXP2 vs EXP4 vs PHY,contributory,EXP4_contrib_set vs PHY_contrib,full,multi_label,03-04-00,2,0,2,2,0.0,0.0,,-0.007843137254901792
Evaluation 4: EXP2 vs EXP4 vs PHY,contributory,EXP4_contrib_set vs PHY_contrib,full,multi_label,03-04-01,2,0,4,2,0.0,0.0,,-0.010484927916125155
Evaluation 4: EXP2 vs EXP4 vs PHY,contributory,EXP4_contrib_set vs PHY_contrib,full,multi_label,03-04-02,9,6,7,3,0.46153846153846156,0.6666666666666666,0.5454545454545455,0.5258302583025831
Evaluation 4: EXP2 vs EXP4 vs PHY,contributory,EXP4_contrib_set vs PHY_contrib,full,multi_label,03-04-99,0,0,16,0,0.0,,,0.0
Evaluation 4: EXP2 vs EXP4 vs PHY,contributory,EXP4_contrib_set vs PHY_contrib,full,multi_label,03-05-01,38,28,28,10,0.5,0.7368421052631579,0.5957446808510638,0.509295548186112
Evaluation 4: EXP2 vs EXP4 vs PHY,contributory,EXP4_contrib_set vs PHY_contrib,full,multi_label,03-06-00,1,0,0,1,,0.0,,0.0
Evaluation 4: EXP2 vs EXP4 vs PHY,contributory,EXP4_contrib_set vs PHY_contrib,full,multi_label,03-06-02,1,0,0,1,,0.0,,0.0
Evaluation 4: EXP2 vs EXP4 vs PHY,contributory,EXP4_contrib_set vs PHY_contrib,full,multi_label,03-06-99,0,0,13,0,0.0,,,0.0
Evaluation 4: EXP2 vs EXP4 vs PHY,contributory,EXP4_contrib_set vs PHY_contrib,full,multi_label,03-07-00,0,0,2,0,0.0,,,0.0
Evaluation 4: EXP2 vs EXP4 vs PHY,contributory,EXP4_contrib_set vs PHY_contrib,full,multi_label,03-07-01,2,0,21,2,0.0,0.0,,-0.014415651278531885
Evaluation 4: EXP2 vs EXP4 vs PHY,contributory,EXP4_contrib_set vs PHY_contrib,full,multi_label,03-07-99,0,0,9,0,0.0,,,0.0
Evaluation 4: EXP2 vs EXP4 vs PHY,contributory,EXP4_contrib_set vs PHY_contrib,full,multi_label,03-08-00,14,11,36,3,0.23404255319148937,0.7857142857142857,0.36065573770491804,0.30206810110716514
Evaluation 4: EXP2 vs EXP4 vs PHY,contributory,EXP4_contrib_set vs PHY_contrib,full,multi_label,03-08-01,11,0,0,11,,0.0,,0.0
Evaluation 4: EXP2 vs EXP4 vs PHY,contributory,EXP4_contrib_set vs PHY_contrib,full,multi_label,03-08-99,0,0,2,0,0.0,,,0.0
Evaluation 4: EXP2 vs EXP4 vs PHY,contributory,EXP4_contrib_set vs PHY_contrib,full,multi_label,03-09-00,2,0,0,2,,0.0,,0.0
Evaluation 4: EXP2 vs EXP4 vs PHY,contributory,EXP4_contrib_set vs PHY_contrib,full,multi_label,03-09-01,8,6,42,2,0.125,0.75,0.21428571428571427,0.16999412800939573
Evaluation 4: EXP2 vs EXP4 vs PHY,contributory,EXP4_contrib_set vs PHY_contrib,full,multi_label,03-09-99,0,0,1,0,0.0,,,0.0
Evaluation 4: EXP2 vs EXP4 vs PHY,contributory,EXP4_contrib_set vs PHY_contrib,full,multi_label,03-99-00,0,0,14,0,0.0,,,0.0
Evaluation 4: EXP2 vs EXP4 vs PHY,contributory,EXP4_contrib_set vs PHY_contrib,full,multi_label,04-00-00,1,0,0,1,,0.0,,0.0
Evaluation 4: EXP2 vs EXP4 vs PHY,contributory,EXP4_contrib_set vs PHY_contrib,full,multi_label,04-01-00,1,0,1,1,0.0,0.0,,-0.003906249999992727
Evaluation 4: EXP2 vs EXP4 vs PHY,contributory,EXP4_contrib_set vs PHY_contrib,full,multi_label,04-02-00,1,0,3,1,0.0,0.0,,-0.005870841487283326
Evaluation 4: EXP2 vs EXP4 vs PHY,contributory,EXP4_contrib_set vs PHY_contrib,full,multi_label,04-05-00,1,0,0,1,,0.0,,0.0
Evaluation 4: EXP2 vs EXP4 vs PHY,contributory,EXP4_contrib_set vs PHY_contrib,full,multi_label,04-06-00,0,0,1,0,0.0,,,0.0
Evaluation 4: EXP2 vs EXP4 vs PHY,contributory,EXP4_contrib_set vs PHY_contrib,full,multi_label,04-99-00,0,0,2,0,0.0,,,0.0
Evaluation 4: EXP2 vs EXP4 vs PHY,contributory,EXP4_contrib_set vs PHY_contrib,full,multi_label,05-03-00,4,0,1,4,0.0,0.0,,-0.006264682850436304
Evaluation 4: EXP2 vs EXP4 vs PHY,contributory,EXP4_contrib_set vs PHY_contrib,full,multi_label,05-04-00,1,0,0,1,,0.0,,0.0
Evaluation 4: EXP2 vs EXP4 vs PHY,contributory,EXP4_contrib_set vs PHY_contrib,full,multi_label,05-05-00,3,0,0,3,,0.0,,0.0
Evaluation 4: EXP2 vs EXP4 vs PHY,contributory,EXP4_contrib_set vs PHY_contrib,full,multi_label,BLANK,0,0,23,0,0.0,,,0.0
Evaluation 4: EXP2 vs EXP4 vs PHY,contributory,EXP4_contrib_set vs PHY_contrib,level2,multi_label,00-02,0,0,1,0,0.0,,,0.0
Evaluation 4: EXP2 vs EXP4 vs PHY,contributory,EXP4_contrib_set vs PHY_contrib,level2,multi_label,01-00,2,0,0,2,,0.0,,0.0
Evaluation 4: EXP2 vs EXP4 vs PHY,contributory,EXP4_contrib_set vs PHY_contrib,level2,multi_label,01-01,8,3,57,5,0.05,0.375,0.08823529411764708,0.03523855655122242
Evaluation 4: EXP2 vs EXP4 vs PHY,contributory,EXP4_contrib_set vs PHY_contrib,level2,multi_label,01-03,0,0,1,0,0.0,,,0.0
Evaluation 4: EXP2 vs EXP4 vs PHY,contributory,EXP4_contrib_set vs PHY_contrib,level2,multi_label,01-04,31,13,13,18,0.5,0.41935483870967744,0.45614035087719296,0.3888931502646315
Evaluation 4: EXP2 vs EXP4 vs PHY,contributory,EXP4_contrib_set vs PHY_contrib,level2,multi_label,01-05,1,0,16,1,0.0,0.0,,-0.007378372146644962
Evaluation 4: EXP2 vs EXP4 vs PHY,contributory,EXP4_contrib_set vs PHY_contrib,level2,multi_label,01-99,0,0,8,0,0.0,,,0.0
Evaluation 4: EXP2 vs EXP4 vs PHY,contributory,EXP4_contrib_set vs PHY_contrib,level2,multi_label,02-00,1,0,0,1,,0.0,,0.0
Evaluation 4: EXP2 vs EXP4 vs PHY,contributory,EXP4_contrib_set vs PHY_contrib,level2,multi_label,03-00,3,0,0,3,,0.0,,0.0
Evaluation 4: EXP2 vs EXP4 vs PHY,contributory,EXP4_contrib_set vs PHY_contrib,level2,multi_label,03-01,105,88,48,17,0.6470588235294118,0.8380952380952381,0.7302904564315353,0.4995056476016419
Evaluation 4: EXP2 vs EXP4 vs PHY,contributory,EXP4_contrib_set vs PHY_contrib,level2,multi_label,03-02,3,2,15,1,0.11764705882352941,0.6666666666666666,0.2,0.18380309646685114
Evaluation 4: EXP2 vs EXP4 vs PHY,contributory,EXP4_contrib_set vs PHY_contrib,level2,multi_label,03-03,1,0,20,1,0.0,0.0,,-0.007466865783088737
Evaluation 4: EXP2 vs EXP4 vs PHY,contributory,EXP4_contrib_set vs PHY_contrib,level2,multi_label,03-04,13,8,26,5,0.23529411764705882,0.6153846153846154,0.3404255319148936,0.288343010272443
Evaluation 4: EXP2 vs EXP4 vs PHY,contributory,EXP4_contrib_set vs PHY_contrib,level2,multi_label,03-05,38,28,28,10,0.5,0.7368421052631579,0.5957446808510638,0.509295548186112
Evaluation 4: EXP2 vs EXP4 vs PHY,contributory,EXP4_contrib_set vs PHY_contrib,level2,multi_label,03-06,2,0,13,2,0.0,0.0,,-0.013673415724429688
Evaluation 4: EXP2 vs EXP4 vs PHY,contributory,EXP4_contrib_set vs PHY_contrib,level2,multi_label,03-07,2,1,31,1,0.03125,0.5,0.058823529411764705,0.04483159117305474
Evaluation 4: EXP2 vs EXP4 vs PHY,contributory,EXP4_contrib_set vs PHY_contrib,level2,multi_label,03-08,25,14,35,11,0.2857142857142857,0.56,0.37837837837837834,0.28645581844519563
Evaluation 4: EXP2 vs EXP4 vs PHY,contributory,EXP4_contrib_set vs PHY_contrib,level2,multi_label,03-09,10,7,41,3,0.14583333333333334,0.7,0.2413793103448276,0.18915818155743566
Evaluation 4: EXP2 vs EXP4 vs PHY,contributory,EXP4_contrib_set vs PHY_contrib,level2,multi_label,03-99,0,0,14,0,0.0,,,0.0
Evaluation 4: EXP2 vs EXP4 vs PHY,contributory,EXP4_contrib_set vs PHY_contrib,level2,multi_label,04-00,1,0,0,1,,0.0,,0.0
Evaluation 4: EXP2 vs EXP4 vs PHY,contributory,EXP4_contrib_set vs PHY_contrib,level2,multi_label,04-01,1,0,1,1,0.0,0.0,,-0.003906249999992727
Evaluation 4: EXP2 vs EXP4 vs PHY,contributory,EXP4_contrib_set vs PHY_contrib,level2,multi_label,04-02,1,0,3,1,0.0,0.0,,-0.005870841487283326
Evaluation 4: EXP2 vs EXP4 vs PHY,contributory,EXP4_contrib_set vs PHY_contrib,level2,multi_label,04-05,1,0,0,1,,0.0,,0.0
Evaluation 4: EXP2 vs EXP4 vs PHY,contributory,EXP4_contrib_set vs PHY_contrib,level2,multi_label,04-06,0,0,1,0,0.0,,,0.0
Evaluation 4: EXP2 vs EXP4 vs PHY,contributory,EXP4_contrib_set vs PHY_contrib,level2,multi_label,04-99,0,0,2,0,0.0,,,0.0
Evaluation 4: EXP2 vs EXP4 vs PHY,contributory,EXP4_contrib_set vs PHY_contrib,level2,multi_label,05-03,4,0,1,4,0.0,0.0,,-0.006264682850436304
Evaluation 4: EXP2 vs EXP4 vs PHY,contributory,EXP4_contrib_set vs PHY_contrib,level2,multi_label,05-04,1,0,0,1,,0.0,,0.0
Evaluation 4: EXP2 vs EXP4 vs PHY,contributory,EXP4_contrib_set vs PHY_contrib,level2,multi_label,05-05,3,0,0,3,,0.0,,0.0
Evaluation 4: EXP2 vs EXP4 vs PHY,contributory,EXP4_contrib_set vs PHY_contrib,level2,multi_label,BLANK,0,0,23,0,0.0,,,0.0
Evaluation 4: EXP2 vs EXP4 vs PHY,contributory,EXP4_contrib_set vs PHY_contrib,level1,multi_label,00,0,0,1,0,0.0,,,0.0
Evaluation 4: EXP2 vs EXP4 vs PHY,contributory,EXP4_contrib_set vs PHY_contrib,level1,multi_label,01,42,28,71,14,0.2828282828282828,0.6666666666666666,0.39716312056737585,0.2176139823072236
Evaluation 4: EXP2 vs EXP4 vs PHY,contributory,EXP4_contrib_set vs PHY_contrib,level1,multi_label,02,1,0,0,1,,0.0,,0.0
Evaluation 4: EXP2 vs EXP4 vs PHY,contributory,EXP4_contrib_set vs PHY_contrib,level1,multi_label,03,202,180,38,22,0.8256880733944955,0.8910891089108911,0.8571428571428572,0.22387759210791222
Evaluation 4: EXP2 vs EXP4 vs PHY,contributory,EXP4_contrib_set vs PHY_contrib,level1,multi_label,04,4,0,7,4,0.0,0.0,,-0.020209310718151796
Evaluation 4: EXP2 vs EXP4 vs PHY,contributory,EXP4_contrib_set vs PHY_contrib,level1,multi_label,05,8,1,0,7,1.0,0.125,0.2222222222222222,0.21680452764475344
Evaluation 4: EXP2 vs EXP4 vs PHY,contributory,EXP4_contrib_set vs PHY_contrib,level1,multi_label,BLANK,0,0,23,0,0.0,,,0.0
Evaluation 4: EXP2 vs EXP4 vs PHY,direct_llm_pair,EXP2_direct vs EXP4_direct,full,single_label,00-01-00,10,0,6,10,0.0,0.0,,
Evaluation 4: EXP2 vs EXP4 vs PHY,direct_llm_pair,EXP2_direct vs EXP4_direct,full,single_label,00-02-00,791,319,515,472,0.3824940047961631,0.40328697850821743,0.3926153846153846,
Evaluation 4: EXP2 vs EXP4 vs PHY,direct_llm_pair,EXP2_direct vs EXP4_direct,full,single_label,00-03-00,42,9,22,33,0.2903225806451613,0.21428571428571427,0.24657534246575344,
Evaluation 4: EXP2 vs EXP4 vs PHY,direct_llm_pair,EXP2_direct vs EXP4_direct,full,single_label,00-04-00,6,2,8,4,0.2,0.3333333333333333,0.25,
Evaluation 4: EXP2 vs EXP4 vs PHY,direct_llm_pair,EXP2_direct vs EXP4_direct,full,single_label,01-00-00,0,0,1,0,0.0,,,
Evaluation 4: EXP2 vs EXP4 vs PHY,direct_llm_pair,EXP2_direct vs EXP4_direct,full,single_label,01-01-00,240,135,155,105,0.46551724137931033,0.5625,0.5094339622641509,
Evaluation 4: EXP2 vs EXP4 vs PHY,direct_llm_pair,EXP2_direct vs EXP4_direct,full,single_label,01-01-01,158,85,55,73,0.6071428571428571,0.5379746835443038,0.5704697986577181,
Evaluation 4: EXP2 vs EXP4 vs PHY,direct_llm_pair,EXP2_direct vs EXP4_direct,full,single_label,01-01-02,126,91,40,35,0.6946564885496184,0.7222222222222222,0.708171206225681,
Evaluation 4: EXP2 vs EXP4 vs PHY,direct_llm_pair,EXP2_direct vs EXP4_direct,full,single_label,01-01-03,2,0,5,2,0.0,0.0,,
Evaluation 4: EXP2 vs EXP4 vs PHY,direct_llm_pair,EXP2_direct vs EXP4_direct,full,single_label,01-01-04,578,308,115,270,0.7281323877068558,0.532871972318339,0.6153846153846154,
Evaluation 4: EXP2 vs EXP4 vs PHY,direct_llm_pair,EXP2_direct vs EXP4_direct,full,single_label,01-01-05,92,37,64,55,0.36633663366336633,0.40217391304347827,0.383419689119171,
Evaluation 4: EXP2 vs EXP4 vs PHY,direct_llm_pair,EXP2_direct vs EXP4_direct,full,single_label,01-01-06,58,13,29,45,0.30952380952380953,0.22413793103448276,0.26,
Evaluation 4: EXP2 vs EXP4 vs PHY,direct_llm_pair,EXP2_direct vs EXP4_direct,full,single_label,01-01-99,4,0,1,4,0.0,0.0,,
Evaluation 4: EXP2 vs EXP4 vs PHY,direct_llm_pair,EXP2_direct vs EXP4_direct,full,single_label,01-03-00,1,0,1,1,0.0,0.0,,
Evaluation 4: EXP2 vs EXP4 vs PHY,direct_llm_pair,EXP2_direct vs EXP4_direct,full,single_label,01-04-00,10,1,8,9,0.1111111111111111,0.1,0.10526315789473685,
Evaluation 4: EXP2 vs EXP4 vs PHY,direct_llm_pair,EXP2_direct vs EXP4_direct,full,single_label,01-04-01,42,18,38,24,0.32142857142857145,0.42857142857142855,0.3673469387755102,
Evaluation 4: EXP2 vs EXP4 vs PHY,direct_llm_pair,EXP2_direct vs EXP4_direct,full,single_label,01-04-02,321,194,153,127,0.5590778097982709,0.6043613707165109,0.5808383233532934,
Evaluation 4: EXP2 vs EXP4 vs PHY,direct_llm_pair,EXP2_direct vs EXP4_direct,full,single_label,01-04-03,5,3,0,2,1.0,0.6,0.7499999999999999,
Evaluation 4: EXP2 vs EXP4 vs PHY,direct_llm_pair,EXP2_direct vs EXP4_direct,full,single_label,01-04-99,0,0,1,0,0.0,,,
Evaluation 4: EXP2 vs EXP4 vs PHY,direct_llm_pair,EXP2_direct vs EXP4_direct,full,single_label,01-05-00,129,78,69,51,0.5306122448979592,0.6046511627906976,0.5652173913043479,
Evaluation 4: EXP2 vs EXP4 vs PHY,direct_llm_pair,EXP2_direct vs EXP4_direct,full,single_label,01-06-00,0,0,1,0,0.0,,,
Evaluation 4: EXP2 vs EXP4 vs PHY,direct_llm_pair,EXP2_direct vs EXP4_direct,full,single_label,01-07-00,1,1,1,0,0.5,1.0,0.6666666666666666,
Evaluation 4: EXP2 vs EXP4 vs PHY,direct_llm_pair,EXP2_direct vs EXP4_direct,full,single_label,01-99-00,0,0,1,0,0.0,,,
Evaluation 4: EXP2 vs EXP4 vs PHY,direct_llm_pair,EXP2_direct vs EXP4_direct,full,single_label,02-00-00,5,1,9,4,0.1,0.2,0.13333333333333333,
Evaluation 4: EXP2 vs EXP4 vs PHY,direct_llm_pair,EXP2_direct vs EXP4_direct,full,single_label,02-01-00,2,0,0,2,,0.0,,
Evaluation 4: EXP2 vs EXP4 vs PHY,direct_llm_pair,EXP2_direct vs EXP4_direct,full,single_label,02-02-00,4,1,1,3,0.5,0.25,0.3333333333333333,
Evaluation 4: EXP2 vs EXP4 vs PHY,direct_llm_pair,EXP2_direct vs EXP4_direct,full,single_label,02-03-00,12,7,6,5,0.5384615384615384,0.5833333333333334,0.5599999999999999,
Evaluation 4: EXP2 vs EXP4 vs PHY,direct_llm_pair,EXP2_direct vs EXP4_direct,full,single_label,02-04-00,0,0,2,0,0.0,,,
Evaluation 4: EXP2 vs EXP4 vs PHY,direct_llm_pair,EXP2_direct vs EXP4_direct,full,single_label,02-05-00,5,3,6,2,0.3333333333333333,0.6,0.42857142857142855,
Evaluation 4: EXP2 vs EXP4 vs PHY,direct_llm_pair,EXP2_direct vs EXP4_direct,full,single_label,02-99-00,8,2,4,6,0.3333333333333333,0.25,0.28571428571428575,
Evaluation 4: EXP2 vs EXP4 vs PHY,direct_llm_pair,EXP2_direct vs EXP4_direct,full,single_label,03-01-00,3,0,7,3,0.0,0.0,,
Evaluation 4: EXP2 vs EXP4 vs PHY,direct_llm_pair,EXP2_direct vs EXP4_direct,full,single_label,03-01-01,43,21,46,22,0.31343283582089554,0.4883720930232558,0.38181818181818183,
Evaluation 4: EXP2 vs EXP4 vs PHY,direct_llm_pair,EXP2_direct vs EXP4_direct,full,single_label,03-01-02,156,107,63,49,0.6294117647058823,0.6858974358974359,0.656441717791411,
Evaluation 4: EXP2 vs EXP4 vs PHY,direct_llm_pair,EXP2_direct vs EXP4_direct,full,single_label,03-01-03,64,35,18,29,0.660377358490566,0.546875,0.5982905982905983,
Evaluation 4: EXP2 vs EXP4 vs PHY,direct_llm_pair,EXP2_direct vs EXP4_direct,full,single_label,03-01-04,210,173,76,37,0.6947791164658634,0.8238095238095238,0.7538126361655773,
Evaluation 4: EXP2 vs EXP4 vs PHY,direct_llm_pair,EXP2_direct vs EXP4_direct,full,single_label,03-01-99,13,4,7,9,0.36363636363636365,0.3076923076923077,0.33333333333333337,
Evaluation 4: EXP2 vs EXP4 vs PHY,direct_llm_pair,EXP2_direct vs EXP4_direct,full,single_label,03-02-00,250,57,94,193,0.37748344370860926,0.228,0.28428927680798,
Evaluation 4: EXP2 vs EXP4 vs PHY,direct_llm_pair,EXP2_direct vs EXP4_direct,full,single_label,03-02-01,14,8,19,6,0.2962962962962963,0.5714285714285714,0.3902439024390244,
Evaluation 4: EXP2 vs EXP4 vs PHY,direct_llm_pair,EXP2_direct vs EXP4_direct,full,single_label,03-02-02,40,28,13,12,0.6829268292682927,0.7,0.6913580246913581,
Evaluation 4: EXP2 vs EXP4 vs PHY,direct_llm_pair,EXP2_direct vs EXP4_direct,full,single_label,03-02-99,6,1,4,5,0.2,0.16666666666666666,0.1818181818181818,
Evaluation 4: EXP2 vs EXP4 vs PHY,direct_llm_pair,EXP2_direct vs EXP4_direct,full,single_label,03-03-00,14,5,28,9,0.15151515151515152,0.35714285714285715,0.21276595744680848,
Evaluation 4: EXP2 vs EXP4 vs PHY,direct_llm_pair,EXP2_direct vs EXP4_direct,full,single_label,03-03-01,25,14,14,11,0.5,0.56,0.5283018867924528,
Evaluation 4: EXP2 vs EXP4 vs PHY,direct_llm_pair,EXP2_direct vs EXP4_direct,full,single_label,03-03-02,71,42,26,29,0.6176470588235294,0.5915492957746479,0.60431654676259,
Evaluation 4: EXP2 vs EXP4 vs PHY,direct_llm_pair,EXP2_direct vs EXP4_direct,full,single_label,03-03-03,151,73,58,78,0.5572519083969466,0.48344370860927155,0.5177304964539008,
Evaluation 4: EXP2 vs EXP4 vs PHY,direct_llm_pair,EXP2_direct vs EXP4_direct,full,single_label,03-03-99,33,3,26,30,0.10344827586206896,0.09090909090909091,0.0967741935483871,
Evaluation 4: EXP2 vs EXP4 vs PHY,direct_llm_pair,EXP2_direct vs EXP4_direct,full,single_label,03-04-00,39,2,9,37,0.18181818181818182,0.05128205128205128,0.08,
Evaluation 4: EXP2 vs EXP4 vs PHY,direct_llm_pair,EXP2_direct vs EXP4_direct,full,single_label,03-04-01,1,0,0,1,,0.0,,
Evaluation 4: EXP2 vs EXP4 vs PHY,direct_llm_pair,EXP2_direct vs EXP4_direct,full,single_label,03-04-02,61,42,41,19,0.5060240963855421,0.6885245901639344,0.5833333333333333,
Evaluation 4: EXP2 vs EXP4 vs PHY,direct_llm_pair,EXP2_direct vs EXP4_direct,full,single_label,03-04-99,61,14,26,47,0.35,0.22950819672131148,0.2772277227722772,
Evaluation 4: EXP2 vs EXP4 vs PHY,direct_llm_pair,EXP2_direct vs EXP4_direct,full,single_label,03-05-00,1,1,2,0,0.3333333333333333,1.0,0.5,
Evaluation 4: EXP2 vs EXP4 vs PHY,direct_llm_pair,EXP2_direct vs EXP4_direct,full,single_label,03-05-01,59,40,45,19,0.47058823529411764,0.6779661016949152,0.5555555555555555,
Evaluation 4: EXP2 vs EXP4 vs PHY,direct_llm_pair,EXP2_direct vs EXP4_direct,full,single_label,03-05-99,2,0,1,2,0.0,0.0,,
Evaluation 4: EXP2 vs EXP4 vs PHY,direct_llm_pair,EXP2_direct vs EXP4_direct,full,single_label,03-06-00,27,19,13,8,0.59375,0.7037037037037037,0.6440677966101694,
Evaluation 4: EXP2 vs EXP4 vs PHY,direct_llm_pair,EXP2_direct vs EXP4_direct,full,single_label,03-06-01,7,6,5,1,0.5454545454545454,0.8571428571428571,0.6666666666666665,
Evaluation 4: EXP2 vs EXP4 vs PHY,direct_llm_pair,EXP2_direct vs EXP4_direct,full,single_label,03-06-02,22,13,10,9,0.5652173913043478,0.5909090909090909,0.5777777777777778,
Evaluation 4: EXP2 vs EXP4 vs PHY,direct_llm_pair,EXP2_direct vs EXP4_direct,full,single_label,03-06-03,6,3,3,3,0.5,0.5,0.5,
Evaluation 4: EXP2 vs EXP4 vs PHY,direct_llm_pair,EXP2_direct vs EXP4_direct,full,single_label,03-06-04,31,10,20,21,0.3333333333333333,0.3225806451612903,0.32786885245901637,
Evaluation 4: EXP2 vs EXP4 vs PHY,direct_llm_pair,EXP2_direct vs EXP4_direct,full,single_label,03-06-05,5,2,1,3,0.6666666666666666,0.4,0.5,
Evaluation 4: EXP2 vs EXP4 vs PHY,direct_llm_pair,EXP2_direct vs EXP4_direct,full,single_label,03-06-06,1,1,2,0,0.3333333333333333,1.0,0.5,
Evaluation 4: EXP2 vs EXP4 vs PHY,direct_llm_pair,EXP2_direct vs EXP4_direct,full,single_label,03-06-07,14,8,6,6,0.5714285714285714,0.5714285714285714,0.5714285714285714,
Evaluation 4: EXP2 vs EXP4 vs PHY,direct_llm_pair,EXP2_direct vs EXP4_direct,full,single_label,03-06-99,44,17,18,27,0.4857142857142857,0.38636363636363635,0.4303797468354431,
Evaluation 4: EXP2 vs EXP4 vs PHY,direct_llm_pair,EXP2_direct vs EXP4_direct,full,single_label,03-07-00,2,0,3,2,0.0,0.0,,
Evaluation 4: EXP2 vs EXP4 vs PHY,direct_llm_pair,EXP2_direct vs EXP4_direct,full,single_label,03-07-01,82,52,44,30,0.5416666666666666,0.6341463414634146,0.5842696629213483,
Evaluation 4: EXP2 vs EXP4 vs PHY,direct_llm_pair,EXP2_direct vs EXP4_direct,full,single_label,03-07-99,4,1,1,3,0.5,0.25,0.3333333333333333,
Evaluation 4: EXP2 vs EXP4 vs PHY,direct_llm_pair,EXP2_direct vs EXP4_direct,full,single_label,03-08-00,120,84,34,36,0.711864406779661,0.7,0.7058823529411764,
Evaluation 4: EXP2 vs EXP4 vs PHY,direct_llm_pair,EXP2_direct vs EXP4_direct,full,single_label,03-08-01,0,0,1,0,0.0,,,
Evaluation 4: EXP2 vs EXP4 vs PHY,direct_llm_pair,EXP2_direct vs EXP4_direct,full,single_label,03-08-99,0,0,2,0,0.0,,,
Evaluation 4: EXP2 vs EXP4 vs PHY,direct_llm_pair,EXP2_direct vs EXP4_direct,full,single_label,03-09-01,54,20,23,34,0.46511627906976744,0.37037037037037035,0.41237113402061853,
Evaluation 4: EXP2 vs EXP4 vs PHY,direct_llm_pair,EXP2_direct vs EXP4_direct,full,single_label,03-09-99,1,1,0,0,1.0,1.0,1.0,
Evaluation 4: EXP2 vs EXP4 vs PHY,direct_llm_pair,EXP2_direct vs EXP4_direct,full,single_label,03-99-00,1,1,3,0,0.25,1.0,0.4,
Evaluation 4: EXP2 vs EXP4 vs PHY,direct_llm_pair,EXP2_direct vs EXP4_direct,full,single_label,04-00-00,33,12,10,21,0.5454545454545454,0.36363636363636365,0.43636363636363634,
Evaluation 4: EXP2 vs EXP4 vs PHY,direct_llm_pair,EXP2_direct vs EXP4_direct,full,single_label,04-01-00,21,11,14,10,0.44,0.5238095238095238,0.4782608695652174,
Evaluation 4: EXP2 vs EXP4 vs PHY,direct_llm_pair,EXP2_direct vs EXP4_direct,full,single_label,04-02-00,13,11,7,2,0.6111111111111112,0.8461538461538461,0.7096774193548387,
Evaluation 4: EXP2 vs EXP4 vs PHY,direct_llm_pair,EXP2_direct vs EXP4_direct,full,single_label,04-03-00,31,31,6,0,0.8378378378378378,1.0,0.911764705882353,
Evaluation 4: EXP2 vs EXP4 vs PHY,direct_llm_pair,EXP2_direct vs EXP4_direct,full,single_label,04-04-00,3,3,2,0,0.6,1.0,0.7499999999999999,
Evaluation 4: EXP2 vs EXP4 vs PHY,direct_llm_pair,EXP2_direct vs EXP4_direct,full,single_label,04-05-00,34,29,7,5,0.8055555555555556,0.8529411764705882,0.8285714285714286,
Evaluation 4: EXP2 vs EXP4 vs PHY,direct_llm_pair,EXP2_direct vs EXP4_direct,full,single_label,04-06-00,24,21,12,3,0.6363636363636364,0.875,0.7368421052631579,
Evaluation 4: EXP2 vs EXP4 vs PHY,direct_llm_pair,EXP2_direct vs EXP4_direct,full,single_label,04-07-00,5,4,1,1,0.8,0.8,0.8000000000000002,
Evaluation 4: EXP2 vs EXP4 vs PHY,direct_llm_pair,EXP2_direct vs EXP4_direct,full,single_label,04-08-00,17,8,11,9,0.42105263157894735,0.47058823529411764,0.4444444444444444,
Evaluation 4: EXP2 vs EXP4 vs PHY,direct_llm_pair,EXP2_direct vs EXP4_direct,full,single_label,04-09-00,47,35,16,12,0.6862745098039216,0.7446808510638298,0.7142857142857144,
Evaluation 4: EXP2 vs EXP4 vs PHY,direct_llm_pair,EXP2_direct vs EXP4_direct,full,single_label,04-99-00,69,41,38,28,0.5189873417721519,0.5942028985507246,0.5540540540540541,
Evaluation 4: EXP2 vs EXP4 vs PHY,direct_llm_pair,EXP2_direct vs EXP4_direct,full,single_label,05-00-00,100,83,19,17,0.8137254901960784,0.83,0.8217821782178217,
Evaluation 4: EXP2 vs EXP4 vs PHY,direct_llm_pair,EXP2_direct vs EXP4_direct,full,single_label,05-02-00,2,1,0,1,1.0,0.5,0.6666666666666666,
Evaluation 4: EXP2 vs EXP4 vs PHY,direct_llm_pair,EXP2_direct vs EXP4_direct,full,single_label,05-03-00,28,16,23,12,0.41025641025641024,0.5714285714285714,0.47761194029850745,
Evaluation 4: EXP2 vs EXP4 vs PHY,direct_llm_pair,EXP2_direct vs EXP4_direct,full,single_label,05-04-00,4,2,3,2,0.4,0.5,0.4444444444444445,
Evaluation 4: EXP2 vs EXP4 vs PHY,direct_llm_pair,EXP2_direct vs EXP4_direct,full,single_label,05-05-00,175,120,47,55,0.718562874251497,0.6857142857142857,0.7017543859649122,
Evaluation 4: EXP2 vs EXP4 vs PHY,direct_llm_pair,EXP2_direct vs EXP4_direct,full,single_label,05-06-00,106,66,19,40,0.7764705882352941,0.6226415094339622,0.6910994764397905,
Evaluation 4: EXP2 vs EXP4 vs PHY,direct_llm_pair,EXP2_direct vs EXP4_direct,full,single_label,05-08-00,30,17,28,13,0.37777777777777777,0.5666666666666667,0.4533333333333333,
Evaluation 4: EXP2 vs EXP4 vs PHY,direct_llm_pair,EXP2_direct vs EXP4_direct,full,single_label,05-99-00,11,2,5,9,0.2857142857142857,0.18181818181818182,0.2222222222222222,
Evaluation 4: EXP2 vs EXP4 vs PHY,direct_llm_pair,EXP2_direct vs EXP4_direct,full,single_label,BLANK,0,0,17,0,0.0,,,
Evaluation 4: EXP2 vs EXP4 vs PHY,direct_llm_pair,EXP2_direct vs EXP4_direct,level2,single_label,00-01,10,0,6,10,0.0,0.0,,
Evaluation 4: EXP2 vs EXP4 vs PHY,direct_llm_pair,EXP2_direct vs EXP4_direct,level2,single_label,00-02,791,319,515,472,0.3824940047961631,0.40328697850821743,0.3926153846153846,
Evaluation 4: EXP2 vs EXP4 vs PHY,direct_llm_pair,EXP2_direct vs EXP4_direct,level2,single_label,00-03,42,9,22,33,0.2903225806451613,0.21428571428571427,0.24657534246575344,
Evaluation 4: EXP2 vs EXP4 vs PHY,direct_llm_pair,EXP2_direct vs EXP4_direct,level2,single_label,00-04,6,2,8,4,0.2,0.3333333333333333,0.25,
Evaluation 4: EXP2 vs EXP4 vs PHY,direct_llm_pair,EXP2_direct vs EXP4_direct,level2,single_label,01-00,0,0,1,0,0.0,,,
Evaluation 4: EXP2 vs EXP4 vs PHY,direct_llm_pair,EXP2_direct vs EXP4_direct,level2,single_label,01-01,1258,832,301,426,0.7343336275375111,0.6613672496025437,0.6959431200334588,
Evaluation 4: EXP2 vs EXP4 vs PHY,direct_llm_pair,EXP2_direct vs EXP4_direct,level2,single_label,01-03,1,0,1,1,0.0,0.0,,
Evaluation 4: EXP2 vs EXP4 vs PHY,direct_llm_pair,EXP2_direct vs EXP4_direct,level2,single_label,01-04,378,236,180,142,0.5673076923076923,0.6243386243386243,0.5944584382871536,
Evaluation 4: EXP2 vs EXP4 vs PHY,direct_llm_pair,EXP2_direct vs EXP4_direct,level2,single_label,01-05,129,78,69,51,0.5306122448979592,0.6046511627906976,0.5652173913043479,
Evaluation 4: EXP2 vs EXP4 vs PHY,direct_llm_pair,EXP2_direct vs EXP4_direct,level2,single_label,01-06,0,0,1,0,0.0,,,
Evaluation 4: EXP2 vs EXP4 vs PHY,direct_llm_pair,EXP2_direct vs EXP4_direct,level2,single_label,01-07,1,1,1,0,0.5,1.0,0.6666666666666666,
Evaluation 4: EXP2 vs EXP4 vs PHY,direct_llm_pair,EXP2_direct vs EXP4_direct,level2,single_label,01-99,0,0,1,0,0.0,,,
Evaluation 4: EXP2 vs EXP4 vs PHY,direct_llm_pair,EXP2_direct vs EXP4_direct,level2,single_label,02-00,5,1,9,4,0.1,0.2,0.13333333333333333,
Evaluation 4: EXP2 vs EXP4 vs PHY,direct_llm_pair,EXP2_direct vs EXP4_direct,level2,single_label,02-01,2,0,0,2,,0.0,,
Evaluation 4: EXP2 vs EXP4 vs PHY,direct_llm_pair,EXP2_direct vs EXP4_direct,level2,single_label,02-02,4,1,1,3,0.5,0.25,0.3333333333333333,
Evaluation 4: EXP2 vs EXP4 vs PHY,direct_llm_pair,EXP2_direct vs EXP4_direct,level2,single_label,02-03,12,7,6,5,0.5384615384615384,0.5833333333333334,0.5599999999999999,
Evaluation 4: EXP2 vs EXP4 vs PHY,direct_llm_pair,EXP2_direct vs EXP4_direct,level2,single_label,02-04,0,0,2,0,0.0,,,
Evaluation 4: EXP2 vs EXP4 vs PHY,direct_llm_pair,EXP2_direct vs EXP4_direct,level2,single_label,02-05,5,3,6,2,0.3333333333333333,0.6,0.42857142857142855,
Evaluation 4: EXP2 vs EXP4 vs PHY,direct_llm_pair,EXP2_direct vs EXP4_direct,level2,single_label,02-99,8,2,4,6,0.3333333333333333,0.25,0.28571428571428575,
Evaluation 4: EXP2 vs EXP4 vs PHY,direct_llm_pair,EXP2_direct vs EXP4_direct,level2,single_label,03-01,489,389,168,100,0.6983842010771992,0.7955010224948875,0.7437858508604206,
Evaluation 4: EXP2 vs EXP4 vs PHY,direct_llm_pair,EXP2_direct vs EXP4_direct,level2,single_label,03-02,310,116,108,194,0.5178571428571429,0.3741935483870968,0.4344569288389514,
Evaluation 4: EXP2 vs EXP4 vs PHY,direct_llm_pair,EXP2_direct vs EXP4_direct,level2,single_label,03-03,294,201,88,93,0.6955017301038062,0.6836734693877551,0.6895368782161234,
Evaluation 4: EXP2 vs EXP4 vs PHY,direct_llm_pair,EXP2_direct vs EXP4_direct,level2,single_label,03-04,162,83,51,79,0.6194029850746269,0.5123456790123457,0.5608108108108109,
Evaluation 4: EXP2 vs EXP4 vs PHY,direct_llm_pair,EXP2_direct vs EXP4_direct,level2,single_label,03-05,62,41,48,21,0.4606741573033708,0.6612903225806451,0.543046357615894,
Evaluation 4: EXP2 vs EXP4 vs PHY,direct_llm_pair,EXP2_direct vs EXP4_direct,level2,single_label,03-06,157,101,56,56,0.643312101910828,0.643312101910828,0.643312101910828,
Evaluation 4: EXP2 vs EXP4 vs PHY,direct_llm_pair,EXP2_direct vs EXP4_direct,level2,single_label,03-07,88,60,41,28,0.594059405940594,0.6818181818181818,0.6349206349206349,
Evaluation 4: EXP2 vs EXP4 vs PHY,direct_llm_pair,EXP2_direct vs EXP4_direct,level2,single_label,03-08,120,84,37,36,0.6942148760330579,0.7,0.6970954356846473,
Evaluation 4: EXP2 vs EXP4 vs PHY,direct_llm_pair,EXP2_direct vs EXP4_direct,level2,single_label,03-09,55,21,23,34,0.4772727272727273,0.38181818181818183,0.42424242424242425,
Evaluation 4: EXP2 vs EXP4 vs PHY,direct_llm_pair,EXP2_direct vs EXP4_direct,level2,single_label,03-99,1,1,3,0,0.25,1.0,0.4,
Evaluation 4: EXP2 vs EXP4 vs PHY,direct_llm_pair,EXP2_direct vs EXP4_direct,level2,single_label,04-00,33,12,10,21,0.5454545454545454,0.36363636363636365,0.43636363636363634,
Evaluation 4: EXP2 vs EXP4 vs PHY,direct_llm_pair,EXP2_direct vs EXP4_direct,level2,single_label,04-01,21,11,14,10,0.44,0.5238095238095238,0.4782608695652174,
Evaluation 4: EXP2 vs EXP4 vs PHY,direct_llm_pair,EXP2_direct vs EXP4_direct,level2,single_label,04-02,13,11,7,2,0.6111111111111112,0.8461538461538461,0.7096774193548387,
Evaluation 4: EXP2 vs EXP4 vs PHY,direct_llm_pair,EXP2_direct vs EXP4_direct,level2,single_label,04-03,31,31,6,0,0.8378378378378378,1.0,0.911764705882353,
Evaluation 4: EXP2 vs EXP4 vs PHY,direct_llm_pair,EXP2_direct vs EXP4_direct,level2,single_label,04-04,3,3,2,0,0.6,1.0,0.7499999999999999,
Evaluation 4: EXP2 vs EXP4 vs PHY,direct_llm_pair,EXP2_direct vs EXP4_direct,level2,single_label,04-05,34,29,7,5,0.8055555555555556,0.8529411764705882,0.8285714285714286,
Evaluation 4: EXP2 vs EXP4 vs PHY,direct_llm_pair,EXP2_direct vs EXP4_direct,level2,single_label,04-06,24,21,12,3,0.6363636363636364,0.875,0.7368421052631579,
Evaluation 4: EXP2 vs EXP4 vs PHY,direct_llm_pair,EXP2_direct vs EXP4_direct,level2,single_label,04-07,5,4,1,1,0.8,0.8,0.8000000000000002,
Evaluation 4: EXP2 vs EXP4 vs PHY,direct_llm_pair,EXP2_direct vs EXP4_direct,level2,single_label,04-08,17,8,11,9,0.42105263157894735,0.47058823529411764,0.4444444444444444,
Evaluation 4: EXP2 vs EXP4 vs PHY,direct_llm_pair,EXP2_direct vs EXP4_direct,level2,single_label,04-09,47,35,16,12,0.6862745098039216,0.7446808510638298,0.7142857142857144,
Evaluation 4: EXP2 vs EXP4 vs PHY,direct_llm_pair,EXP2_direct vs EXP4_direct,level2,single_label,04-99,69,41,38,28,0.5189873417721519,0.5942028985507246,0.5540540540540541,
Evaluation 4: EXP2 vs EXP4 vs PHY,direct_llm_pair,EXP2_direct vs EXP4_direct,level2,single_label,05-00,100,83,19,17,0.8137254901960784,0.83,0.8217821782178217,
Evaluation 4: EXP2 vs EXP4 vs PHY,direct_llm_pair,EXP2_direct vs EXP4_direct,level2,single_label,05-02,2,1,0,1,1.0,0.5,0.6666666666666666,
Evaluation 4: EXP2 vs EXP4 vs PHY,direct_llm_pair,EXP2_direct vs EXP4_direct,level2,single_label,05-03,28,16,23,12,0.41025641025641024,0.5714285714285714,0.47761194029850745,
Evaluation 4: EXP2 vs EXP4 vs PHY,direct_llm_pair,EXP2_direct vs EXP4_direct,level2,single_label,05-04,4,2,3,2,0.4,0.5,0.4444444444444445,
Evaluation 4: EXP2 vs EXP4 vs PHY,direct_llm_pair,EXP2_direct vs EXP4_direct,level2,single_label,05-05,175,120,47,55,0.718562874251497,0.6857142857142857,0.7017543859649122,
Evaluation 4: EXP2 vs EXP4 vs PHY,direct_llm_pair,EXP2_direct vs EXP4_direct,level2,single_label,05-06,106,66,19,40,0.7764705882352941,0.6226415094339622,0.6910994764397905,
Evaluation 4: EXP2 vs EXP4 vs PHY,direct_llm_pair,EXP2_direct vs EXP4_direct,level2,single_label,05-08,30,17,28,13,0.37777777777777777,0.5666666666666667,0.4533333333333333,
Evaluation 4: EXP2 vs EXP4 vs PHY,direct_llm_pair,EXP2_direct vs EXP4_direct,level2,single_label,05-99,11,2,5,9,0.2857142857142857,0.18181818181818182,0.2222222222222222,
Evaluation 4: EXP2 vs EXP4 vs PHY,direct_llm_pair,EXP2_direct vs EXP4_direct,level2,single_label,BLANK,0,0,17,0,0.0,,,
Evaluation 4: EXP2 vs EXP4 vs PHY,direct_llm_pair,EXP2_direct vs EXP4_direct,level1,single_label,00,849,380,501,469,0.43132803632236094,0.44758539458186103,0.43930635838150295,
Evaluation 4: EXP2 vs EXP4 vs PHY,direct_llm_pair,EXP2_direct vs EXP4_direct,level1,single_label,01,1767,1316,386,451,0.7732079905992949,0.7447651386530844,0.7587200922456039,
Evaluation 4: EXP2 vs EXP4 vs PHY,direct_llm_pair,EXP2_direct vs EXP4_direct,level1,single_label,02,36,26,16,10,0.6190476190476191,0.7222222222222222,0.6666666666666666,
Evaluation 4: EXP2 vs EXP4 vs PHY,direct_llm_pair,EXP2_direct vs EXP4_direct,level1,single_label,03,1738,1364,356,374,0.7930232558139535,0.7848101265822784,0.7888953152111046,
Evaluation 4: EXP2 vs EXP4 vs PHY,direct_llm_pair,EXP2_direct vs EXP4_direct,level1,single_label,04,297,252,78,45,0.7636363636363637,0.8484848484848485,0.8038277511961722,
Evaluation 4: EXP2 vs EXP4 vs PHY,direct_llm_pair,EXP2_direct vs EXP4_direct,level1,single_label,05,456,384,67,72,0.8514412416851441,0.8421052631578947,0.846747519294377,
Evaluation 4: EXP2 vs EXP4 vs PHY,direct_llm_pair,EXP2_direct vs EXP4_direct,level1,single_label,BLANK,0,0,17,0,0.0,,,
Evaluation 4: EXP2 vs EXP4 vs PHY,underlying_llm_pair,EXP2_underlying vs EXP4_underlying,full,single_label,00-01-00,8,0,4,8,0.0,0.0,,
Evaluation 4: EXP2 vs EXP4 vs PHY,underlying_llm_pair,EXP2_underlying vs EXP4_underlying,full,single_label,00-02-00,187,83,67,104,0.5533333333333333,0.44385026737967914,0.49258160237388726,
Evaluation 4: EXP2 vs EXP4 vs PHY,underlying_llm_pair,EXP2_underlying vs EXP4_underlying,full,single_label,00-03-00,37,10,22,27,0.3125,0.2702702702702703,0.2898550724637681,
Evaluation 4: EXP2 vs EXP4 vs PHY,underlying_llm_pair,EXP2_underlying vs EXP4_underlying,full,single_label,00-04-00,4,0,5,4,0.0,0.0,,
Evaluation 4: EXP2 vs EXP4 vs PHY,underlying_llm_pair,EXP2_underlying vs EXP4_underlying,full,single_label,01-00-00,0,0,1,0,0.0,,,
Evaluation 4: EXP2 vs EXP4 vs PHY,underlying_llm_pair,EXP2_underlying vs EXP4_underlying,full,single_label,01-01-00,271,179,135,92,0.5700636942675159,0.6605166051660517,0.611965811965812,
Evaluation 4: EXP2 vs EXP4 vs PHY,underlying_llm_pair,EXP2_underlying vs EXP4_underlying,full,single_label,01-01-01,305,225,38,80,0.8555133079847909,0.7377049180327869,0.7922535211267605,
Evaluation 4: EXP2 vs EXP4 vs PHY,underlying_llm_pair,EXP2_underlying vs EXP4_underlying,full,single_label,01-01-02,99,78,32,21,0.7090909090909091,0.7878787878787878,0.7464114832535885,
Evaluation 4: EXP2 vs EXP4 vs PHY,underlying_llm_pair,EXP2_underlying vs EXP4_underlying,full,single_label,01-01-03,6,5,4,1,0.5555555555555556,0.8333333333333334,0.6666666666666667,
Evaluation 4: EXP2 vs EXP4 vs PHY,underlying_llm_pair,EXP2_underlying vs EXP4_underlying,full,single_label,01-01-04,462,290,75,172,0.7945205479452054,0.6277056277056277,0.7013301088270858,
Evaluation 4: EXP2 vs EXP4 vs PHY,underlying_llm_pair,EXP2_underlying vs EXP4_underlying,full,single_label,01-01-05,103,62,59,41,0.512396694214876,0.6019417475728155,0.5535714285714286,
Evaluation 4: EXP2 vs EXP4 vs PHY,underlying_llm_pair,EXP2_underlying vs EXP4_underlying,full,single_label,01-01-06,41,7,28,34,0.2,0.17073170731707318,0.1842105263157895,
Evaluation 4: EXP2 vs EXP4 vs PHY,underlying_llm_pair,EXP2_underlying vs EXP4_underlying,full,single_label,01-01-99,26,13,13,13,0.5,0.5,0.5,
Evaluation 4: EXP2 vs EXP4 vs PHY,underlying_llm_pair,EXP2_underlying vs EXP4_underlying,full,single_label,01-03-00,8,3,3,5,0.5,0.375,0.42857142857142855,
Evaluation 4: EXP2 vs EXP4 vs PHY,underlying_llm_pair,EXP2_underlying vs EXP4_underlying,full,single_label,01-04-00,3,0,1,3,0.0,0.0,,
Evaluation 4: EXP2 vs EXP4 vs PHY,underlying_llm_pair,EXP2_underlying vs EXP4_underlying,full,single_label,01-04-01,157,120,40,37,0.75,0.7643312101910829,0.7570977917981073,
Evaluation 4: EXP2 vs EXP4 vs PHY,underlying_llm_pair,EXP2_underlying vs EXP4_underlying,full,single_label,01-04-02,772,663,49,109,0.9311797752808989,0.8588082901554405,0.8935309973045823,
Evaluation 4: EXP2 vs EXP4 vs PHY,underlying_llm_pair,EXP2_underlying vs EXP4_underlying,full,single_label,01-04-03,8,2,1,6,0.6666666666666666,0.25,0.36363636363636365,
Evaluation 4: EXP2 vs EXP4 vs PHY,underlying_llm_pair,EXP2_underlying vs EXP4_underlying,full,single_label,01-05-00,127,86,69,41,0.5548387096774193,0.6771653543307087,0.6099290780141844,
Evaluation 4: EXP2 vs EXP4 vs PHY,underlying_llm_pair,EXP2_underlying vs EXP4_underlying,full,single_label,01-06-00,1,1,0,0,1.0,1.0,1.0,
Evaluation 4: EXP2 vs EXP4 vs PHY,underlying_llm_pair,EXP2_underlying vs EXP4_underlying,full,single_label,01-07-00,1,1,1,0,0.5,1.0,0.6666666666666666,
Evaluation 4: EXP2 vs EXP4 vs PHY,underlying_llm_pair,EXP2_underlying vs EXP4_underlying,full,single_label,01-99-00,4,0,2,4,0.0,0.0,,
Evaluation 4: EXP2 vs EXP4 vs PHY,underlying_llm_pair,EXP2_underlying vs EXP4_underlying,full,single_label,02-00-00,5,2,10,3,0.16666666666666666,0.4,0.23529411764705882,
Evaluation 4: EXP2 vs EXP4 vs PHY,underlying_llm_pair,EXP2_underlying vs EXP4_underlying,full,single_label,02-01-00,2,0,1,2,0.0,0.0,,
Evaluation 4: EXP2 vs EXP4 vs PHY,underlying_llm_pair,EXP2_underlying vs EXP4_underlying,full,single_label,02-02-00,9,3,1,6,0.75,0.3333333333333333,0.46153846153846156,
Evaluation 4: EXP2 vs EXP4 vs PHY,underlying_llm_pair,EXP2_underlying vs EXP4_underlying,full,single_label,02-03-00,10,5,5,5,0.5,0.5,0.5,
Evaluation 4: EXP2 vs EXP4 vs PHY,underlying_llm_pair,EXP2_underlying vs EXP4_underlying,full,single_label,02-04-00,36,28,13,8,0.6829268292682927,0.7777777777777778,0.7272727272727273,
Evaluation 4: EXP2 vs EXP4 vs PHY,underlying_llm_pair,EXP2_underlying vs EXP4_underlying,full,single_label,02-05-00,6,5,4,1,0.5555555555555556,0.8333333333333334,0.6666666666666667,
Evaluation 4: EXP2 vs EXP4 vs PHY,underlying_llm_pair,EXP2_underlying vs EXP4_underlying,full,single_label,02-06-00,1,1,1,0,0.5,1.0,0.6666666666666666,
Evaluation 4: EXP2 vs EXP4 vs PHY,underlying_llm_pair,EXP2_underlying vs EXP4_underlying,full,single_label,02-99-00,16,10,8,6,0.5555555555555556,0.625,0.5882352941176471,
Evaluation 4: EXP2 vs EXP4 vs PHY,underlying_llm_pair,EXP2_underlying vs EXP4_underlying,full,single_label,03-00-00,1,0,1,1,0.0,0.0,,
Evaluation 4: EXP2 vs EXP4 vs PHY,underlying_llm_pair,EXP2_underlying vs EXP4_underlying,full,single_label,03-01-00,12,4,15,8,0.21052631578947367,0.3333333333333333,0.2580645161290323,
Evaluation 4: EXP2 vs EXP4 vs PHY,underlying_llm_pair,EXP2_underlying vs EXP4_underlying,full,single_label,03-01-01,163,118,137,45,0.4627450980392157,0.7239263803680982,0.5645933014354068,
Evaluation 4: EXP2 vs EXP4 vs PHY,underlying_llm_pair,EXP2_underlying vs EXP4_underlying,full,single_label,03-01-02,103,56,48,47,0.5384615384615384,0.5436893203883495,0.541062801932367,
Evaluation 4: EXP2 vs EXP4 vs PHY,underlying_llm_pair,EXP2_underlying vs EXP4_underlying,full,single_label,03-01-03,93,40,18,53,0.6896551724137931,0.43010752688172044,0.5298013245033113,
Evaluation 4: EXP2 vs EXP4 vs PHY,underlying_llm_pair,EXP2_underlying vs EXP4_underlying,full,single_label,03-01-04,222,169,42,53,0.8009478672985783,0.7612612612612613,0.7806004618937644,
Evaluation 4: EXP2 vs EXP4 vs PHY,underlying_llm_pair,EXP2_underlying vs EXP4_underlying,full,single_label,03-01-99,18,7,15,11,0.3181818181818182,0.3888888888888889,0.35000000000000003,
Evaluation 4: EXP2 vs EXP4 vs PHY,underlying_llm_pair,EXP2_underlying vs EXP4_underlying,full,single_label,03-02-00,12,0,12,12,0.0,0.0,,
Evaluation 4: EXP2 vs EXP4 vs PHY,underlying_llm_pair,EXP2_underlying vs EXP4_underlying,full,single_label,03-02-01,19,11,16,8,0.4074074074074074,0.5789473684210527,0.47826086956521735,
Evaluation 4: EXP2 vs EXP4 vs PHY,underlying_llm_pair,EXP2_underlying vs EXP4_underlying,full,single_label,03-02-02,45,39,10,6,0.7959183673469388,0.8666666666666667,0.8297872340425533,
Evaluation 4: EXP2 vs EXP4 vs PHY,underlying_llm_pair,EXP2_underlying vs EXP4_underlying,full,single_label,03-02-99,0,0,2,0,0.0,,,
Evaluation 4: EXP2 vs EXP4 vs PHY,underlying_llm_pair,EXP2_underlying vs EXP4_underlying,full,single_label,03-03-00,12,5,37,7,0.11904761904761904,0.4166666666666667,0.18518518518518517,
Evaluation 4: EXP2 vs EXP4 vs PHY,underlying_llm_pair,EXP2_underlying vs EXP4_underlying,full,single_label,03-03-01,32,21,15,11,0.5833333333333334,0.65625,0.6176470588235293,
Evaluation 4: EXP2 vs EXP4 vs PHY,underlying_llm_pair,EXP2_underlying vs EXP4_underlying,full,single_label,03-03-02,120,96,23,24,0.8067226890756303,0.8,0.803347280334728,
Evaluation 4: EXP2 vs EXP4 vs PHY,underlying_llm_pair,EXP2_underlying vs EXP4_underlying,full,single_label,03-03-03,67,40,25,27,0.6153846153846154,0.5970149253731343,0.606060606060606,
Evaluation 4: EXP2 vs EXP4 vs PHY,underlying_llm_pair,EXP2_underlying vs EXP4_underlying,full,single_label,03-03-99,13,2,10,11,0.16666666666666666,0.15384615384615385,0.16,
Evaluation 4: EXP2 vs EXP4 vs PHY,underlying_llm_pair,EXP2_underlying vs EXP4_underlying,full,single_label,03-04-00,1,0,3,1,0.0,0.0,,
Evaluation 4: EXP2 vs EXP4 vs PHY,underlying_llm_pair,EXP2_underlying vs EXP4_underlying,full,single_label,03-04-01,1,1,3,0,0.25,1.0,0.4,
Evaluation 4: EXP2 vs EXP4 vs PHY,underlying_llm_pair,EXP2_underlying vs EXP4_underlying,full,single_label,03-04-02,75,66,15,9,0.8148148148148148,0.88,0.8461538461538461,
Evaluation 4: EXP2 vs EXP4 vs PHY,underlying_llm_pair,EXP2_underlying vs EXP4_underlying,full,single_label,03-04-99,24,13,9,11,0.5909090909090909,0.5416666666666666,0.5652173913043478,
Evaluation 4: EXP2 vs EXP4 vs PHY,underlying_llm_pair,EXP2_underlying vs EXP4_underlying,full,single_label,03-05-00,1,1,2,0,0.3333333333333333,1.0,0.5,
Evaluation 4: EXP2 vs EXP4 vs PHY,underlying_llm_pair,EXP2_underlying vs EXP4_underlying,full,single_label,03-05-01,93,77,33,16,0.7,0.8279569892473119,0.7586206896551725,
Evaluation 4: EXP2 vs EXP4 vs PHY,underlying_llm_pair,EXP2_underlying vs EXP4_underlying,full,single_label,03-05-99,0,0,1,0,0.0,,,
Evaluation 4: EXP2 vs EXP4 vs PHY,underlying_llm_pair,EXP2_underlying vs EXP4_underlying,full,single_label,03-06-00,28,19,16,9,0.5428571428571428,0.6785714285714286,0.603174603174603,
Evaluation 4: EXP2 vs EXP4 vs PHY,underlying_llm_pair,EXP2_underlying vs EXP4_underlying,full,single_label,03-06-01,13,11,2,2,0.8461538461538461,0.8461538461538461,0.8461538461538461,
Evaluation 4: EXP2 vs EXP4 vs PHY,underlying_llm_pair,EXP2_underlying vs EXP4_underlying,full,single_label,03-06-02,45,37,7,8,0.8409090909090909,0.8222222222222222,0.8314606741573033,
Evaluation 4: EXP2 vs EXP4 vs PHY,underlying_llm_pair,EXP2_underlying vs EXP4_underlying,full,single_label,03-06-03,8,6,2,2,0.75,0.75,0.75,
Evaluation 4: EXP2 vs EXP4 vs PHY,underlying_llm_pair,EXP2_underlying vs EXP4_underlying,full,single_label,03-06-04,55,28,22,27,0.56,0.509090909090909,0.5333333333333333,
Evaluation 4: EXP2 vs EXP4 vs PHY,underlying_llm_pair,EXP2_underlying vs EXP4_underlying,full,single_label,03-06-05,8,6,1,2,0.8571428571428571,0.75,0.7999999999999999,
Evaluation 4: EXP2 vs EXP4 vs PHY,underlying_llm_pair,EXP2_underlying vs EXP4_underlying,full,single_label,03-06-06,2,2,2,0,0.5,1.0,0.6666666666666666,
Evaluation 4: EXP2 vs EXP4 vs PHY,underlying_llm_pair,EXP2_underlying vs EXP4_underlying,full,single_label,03-06-07,21,16,2,5,0.8888888888888888,0.7619047619047619,0.8205128205128205,
Evaluation 4: EXP2 vs EXP4 vs PHY,underlying_llm_pair,EXP2_underlying vs EXP4_underlying,full,single_label,03-06-99,79,42,13,37,0.7636363636363637,0.5316455696202531,0.6268656716417911,
Evaluation 4: EXP2 vs EXP4 vs PHY,underlying_llm_pair,EXP2_underlying vs EXP4_underlying,full,single_label,03-07-00,2,0,2,2,0.0,0.0,,
Evaluation 4: EXP2 vs EXP4 vs PHY,underlying_llm_pair,EXP2_underlying vs EXP4_underlying,full,single_label,03-07-01,77,39,26,38,0.6,0.5064935064935064,0.5492957746478873,
Evaluation 4: EXP2 vs EXP4 vs PHY,underlying_llm_pair,EXP2_underlying vs EXP4_underlying,full,single_label,03-07-99,13,3,4,10,0.42857142857142855,0.23076923076923078,0.3,
Evaluation 4: EXP2 vs EXP4 vs PHY,underlying_llm_pair,EXP2_underlying vs EXP4_underlying,full,single_label,03-08-00,62,37,34,25,0.5211267605633803,0.5967741935483871,0.556390977443609,
Evaluation 4: EXP2 vs EXP4 vs PHY,underlying_llm_pair,EXP2_underlying vs EXP4_underlying,full,single_label,03-08-99,5,2,4,3,0.3333333333333333,0.4,0.3636363636363636,
Evaluation 4: EXP2 vs EXP4 vs PHY,underlying_llm_pair,EXP2_underlying vs EXP4_underlying,full,single_label,03-09-01,76,37,22,39,0.6271186440677966,0.4868421052631579,0.5481481481481482,
Evaluation 4: EXP2 vs EXP4 vs PHY,underlying_llm_pair,EXP2_underlying vs EXP4_underlying,full,single_label,03-99-00,15,9,15,6,0.375,0.6,0.4615384615384615,
Evaluation 4: EXP2 vs EXP4 vs PHY,underlying_llm_pair,EXP2_underlying vs EXP4_underlying,full,single_label,04-00-00,30,10,11,20,0.47619047619047616,0.3333333333333333,0.39215686274509803,
Evaluation 4: EXP2 vs EXP4 vs PHY,underlying_llm_pair,EXP2_underlying vs EXP4_underlying,full,single_label,04-01-00,65,65,3,0,0.9558823529411765,1.0,0.9774436090225563,
Evaluation 4: EXP2 vs EXP4 vs PHY,underlying_llm_pair,EXP2_underlying vs EXP4_underlying,full,single_label,04-02-00,13,12,10,1,0.5454545454545454,0.9230769230769231,0.6857142857142856,
Evaluation 4: EXP2 vs EXP4 vs PHY,underlying_llm_pair,EXP2_underlying vs EXP4_underlying,full,single_label,04-03-00,31,31,7,0,0.8157894736842105,1.0,0.898550724637681,
Evaluation 4: EXP2 vs EXP4 vs PHY,underlying_llm_pair,EXP2_underlying vs EXP4_underlying,full,single_label,04-04-00,3,3,1,0,0.75,1.0,0.8571428571428571,
Evaluation 4: EXP2 vs EXP4 vs PHY,underlying_llm_pair,EXP2_underlying vs EXP4_underlying,full,single_label,04-05-00,32,27,11,5,0.7105263157894737,0.84375,0.7714285714285714,
Evaluation 4: EXP2 vs EXP4 vs PHY,underlying_llm_pair,EXP2_underlying vs EXP4_underlying,full,single_label,04-06-00,36,32,9,4,0.7804878048780488,0.8888888888888888,0.8311688311688312,
Evaluation 4: EXP2 vs EXP4 vs PHY,underlying_llm_pair,EXP2_underlying vs EXP4_underlying,full,single_label,04-07-00,9,8,0,1,1.0,0.8888888888888888,0.9411764705882353,
Evaluation 4: EXP2 vs EXP4 vs PHY,underlying_llm_pair,EXP2_underlying vs EXP4_underlying,full,single_label,04-08-00,42,29,6,13,0.8285714285714286,0.6904761904761905,0.7532467532467533,
Evaluation 4: EXP2 vs EXP4 vs PHY,underlying_llm_pair,EXP2_underlying vs EXP4_underlying,full,single_label,04-09-00,28,20,20,8,0.5,0.7142857142857143,0.588235294117647,
Evaluation 4: EXP2 vs EXP4 vs PHY,underlying_llm_pair,EXP2_underlying vs EXP4_underlying,full,single_label,04-99-00,57,32,48,25,0.4,0.5614035087719298,0.4671532846715329,
Evaluation 4: EXP2 vs EXP4 vs PHY,underlying_llm_pair,EXP2_underlying vs EXP4_underlying,full,single_label,05-00-00,107,88,23,19,0.7927927927927928,0.822429906542056,0.8073394495412843,
Evaluation 4: EXP2 vs EXP4 vs PHY,underlying_llm_pair,EXP2_underlying vs EXP4_underlying,full,single_label,05-02-00,2,1,0,1,1.0,0.5,0.6666666666666666,
Evaluation 4: EXP2 vs EXP4 vs PHY,underlying_llm_pair,EXP2_underlying vs EXP4_underlying,full,single_label,05-03-00,62,53,15,9,0.7794117647058824,0.8548387096774194,0.8153846153846154,
Evaluation 4: EXP2 vs EXP4 vs PHY,underlying_llm_pair,EXP2_underlying vs EXP4_underlying,full,single_label,05-04-00,10,7,2,3,0.7777777777777778,0.7,0.7368421052631577,
Evaluation 4: EXP2 vs EXP4 vs PHY,underlying_llm_pair,EXP2_underlying vs EXP4_underlying,full,single_label,05-05-00,88,50,30,38,0.625,0.5681818181818182,0.5952380952380952,
Evaluation 4: EXP2 vs EXP4 vs PHY,underlying_llm_pair,EXP2_underlying vs EXP4_underlying,full,single_label,05-06-00,122,83,20,39,0.8058252427184466,0.680327868852459,0.7377777777777776,
Evaluation 4: EXP2 vs EXP4 vs PHY,underlying_llm_pair,EXP2_underlying vs EXP4_underlying,full,single_label,05-08-00,43,26,31,17,0.45614035087719296,0.6046511627906976,0.52,
Evaluation 4: EXP2 vs EXP4 vs PHY,underlying_llm_pair,EXP2_underlying vs EXP4_underlying,full,single_label,05-09-00,1,1,0,0,1.0,1.0,1.0,
Evaluation 4: EXP2 vs EXP4 vs PHY,underlying_llm_pair,EXP2_underlying vs EXP4_underlying,full,single_label,05-99-00,13,5,5,8,0.5,0.38461538461538464,0.4347826086956522,
Evaluation 4: EXP2 vs EXP4 vs PHY,underlying_llm_pair,EXP2_underlying vs EXP4_underlying,full,single_label,BLANK,0,0,10,0,0.0,,,
Evaluation 4: EXP2 vs EXP4 vs PHY,underlying_llm_pair,EXP2_underlying vs EXP4_underlying,level2,single_label,00-01,8,0,4,8,0.0,0.0,,
Evaluation 4: EXP2 vs EXP4 vs PHY,underlying_llm_pair,EXP2_underlying vs EXP4_underlying,level2,single_label,00-02,187,83,67,104,0.5533333333333333,0.44385026737967914,0.49258160237388726,
Evaluation 4: EXP2 vs EXP4 vs PHY,underlying_llm_pair,EXP2_underlying vs EXP4_underlying,level2,single_label,00-03,37,10,22,27,0.3125,0.2702702702702703,0.2898550724637681,
Evaluation 4: EXP2 vs EXP4 vs PHY,underlying_llm_pair,EXP2_underlying vs EXP4_underlying,level2,single_label,00-04,4,0,5,4,0.0,0.0,,
Evaluation 4: EXP2 vs EXP4 vs PHY,underlying_llm_pair,EXP2_underlying vs EXP4_underlying,level2,single_label,01-00,0,0,1,0,0.0,,,
Evaluation 4: EXP2 vs EXP4 vs PHY,underlying_llm_pair,EXP2_underlying vs EXP4_underlying,level2,single_label,01-01,1313,1061,182,252,0.8535800482703138,0.8080731150038081,0.8302034428794992,
Evaluation 4: EXP2 vs EXP4 vs PHY,underlying_llm_pair,EXP2_underlying vs EXP4_underlying,level2,single_label,01-03,8,3,3,5,0.5,0.375,0.42857142857142855,
Evaluation 4: EXP2 vs EXP4 vs PHY,underlying_llm_pair,EXP2_underlying vs EXP4_underlying,level2,single_label,01-04,940,820,56,120,0.9360730593607306,0.8723404255319149,0.9030837004405287,
Evaluation 4: EXP2 vs EXP4 vs PHY,underlying_llm_pair,EXP2_underlying vs EXP4_underlying,level2,single_label,01-05,127,86,69,41,0.5548387096774193,0.6771653543307087,0.6099290780141844,
Evaluation 4: EXP2 vs EXP4 vs PHY,underlying_llm_pair,EXP2_underlying vs EXP4_underlying,level2,single_label,01-06,1,1,0,0,1.0,1.0,1.0,
Evaluation 4: EXP2 vs EXP4 vs PHY,underlying_llm_pair,EXP2_underlying vs EXP4_underlying,level2,single_label,01-07,1,1,1,0,0.5,1.0,0.6666666666666666,
Evaluation 4: EXP2 vs EXP4 vs PHY,underlying_llm_pair,EXP2_underlying vs EXP4_underlying,level2,single_label,01-99,4,0,2,4,0.0,0.0,,
Evaluation 4: EXP2 vs EXP4 vs PHY,underlying_llm_pair,EXP2_underlying vs EXP4_underlying,level2,single_label,02-00,5,2,10,3,0.16666666666666666,0.4,0.23529411764705882,
Evaluation 4: EXP2 vs EXP4 vs PHY,underlying_llm_pair,EXP2_underlying vs EXP4_underlying,level2,single_label,02-01,2,0,1,2,0.0,0.0,,
Evaluation 4: EXP2 vs EXP4 vs PHY,underlying_llm_pair,EXP2_underlying vs EXP4_underlying,level2,single_label,02-02,9,3,1,6,0.75,0.3333333333333333,0.46153846153846156,
Evaluation 4: EXP2 vs EXP4 vs PHY,underlying_llm_pair,EXP2_underlying vs EXP4_underlying,level2,single_label,02-03,10,5,5,5,0.5,0.5,0.5,
Evaluation 4: EXP2 vs EXP4 vs PHY,underlying_llm_pair,EXP2_underlying vs EXP4_underlying,level2,single_label,02-04,36,28,13,8,0.6829268292682927,0.7777777777777778,0.7272727272727273,
Evaluation 4: EXP2 vs EXP4 vs PHY,underlying_llm_pair,EXP2_underlying vs EXP4_underlying,level2,single_label,02-05,6,5,4,1,0.5555555555555556,0.8333333333333334,0.6666666666666667,
Evaluation 4: EXP2 vs EXP4 vs PHY,underlying_llm_pair,EXP2_underlying vs EXP4_underlying,level2,single_label,02-06,1,1,1,0,0.5,1.0,0.6666666666666666,
Evaluation 4: EXP2 vs EXP4 vs PHY,underlying_llm_pair,EXP2_underlying vs EXP4_underlying,level2,single_label,02-99,16,10,8,6,0.5555555555555556,0.625,0.5882352941176471,
Evaluation 4: EXP2 vs EXP4 vs PHY,underlying_llm_pair,EXP2_underlying vs EXP4_underlying,level2,single_label,03-00,1,0,1,1,0.0,0.0,,
Evaluation 4: EXP2 vs EXP4 vs PHY,underlying_llm_pair,EXP2_underlying vs EXP4_underlying,level2,single_label,03-01,611,549,120,62,0.820627802690583,0.8985270049099836,0.8578125000000001,
Evaluation 4: EXP2 vs EXP4 vs PHY,underlying_llm_pair,EXP2_underlying vs EXP4_underlying,level2,single_label,03-02,76,56,34,20,0.6222222222222222,0.7368421052631579,0.6746987951807228,
Evaluation 4: EXP2 vs EXP4 vs PHY,underlying_llm_pair,EXP2_underlying vs EXP4_underlying,level2,single_label,03-03,244,193,81,51,0.7043795620437956,0.7909836065573771,0.7451737451737452,
Evaluation 4: EXP2 vs EXP4 vs PHY,underlying_llm_pair,EXP2_underlying vs EXP4_underlying,level2,single_label,03-04,101,83,27,18,0.7545454545454545,0.8217821782178217,0.7867298578199051,
Evaluation 4: EXP2 vs EXP4 vs PHY,underlying_llm_pair,EXP2_underlying vs EXP4_underlying,level2,single_label,03-05,94,78,36,16,0.6842105263157895,0.8297872340425532,0.7499999999999999,
Evaluation 4: EXP2 vs EXP4 vs PHY,underlying_llm_pair,EXP2_underlying vs EXP4_underlying,level2,single_label,03-06,259,201,33,58,0.8589743589743589,0.7760617760617761,0.8154158215010141,
Evaluation 4: EXP2 vs EXP4 vs PHY,underlying_llm_pair,EXP2_underlying vs EXP4_underlying,level2,single_label,03-07,92,52,22,40,0.7027027027027027,0.5652173913043478,0.6265060240963856,
Evaluation 4: EXP2 vs EXP4 vs PHY,underlying_llm_pair,EXP2_underlying vs EXP4_underlying,level2,single_label,03-08,67,40,37,27,0.5194805194805194,0.5970149253731343,0.5555555555555555,
Evaluation 4: EXP2 vs EXP4 vs PHY,underlying_llm_pair,EXP2_underlying vs EXP4_underlying,level2,single_label,03-09,76,37,22,39,0.6271186440677966,0.4868421052631579,0.5481481481481482,
Evaluation 4: EXP2 vs EXP4 vs PHY,underlying_llm_pair,EXP2_underlying vs EXP4_underlying,level2,single_label,03-99,15,9,15,6,0.375,0.6,0.4615384615384615,
Evaluation 4: EXP2 vs EXP4 vs PHY,underlying_llm_pair,EXP2_underlying vs EXP4_underlying,level2,single_label,04-00,30,10,11,20,0.47619047619047616,0.3333333333333333,0.39215686274509803,
Evaluation 4: EXP2 vs EXP4 vs PHY,underlying_llm_pair,EXP2_underlying vs EXP4_underlying,level2,single_label,04-01,65,65,3,0,0.9558823529411765,1.0,0.9774436090225563,
Evaluation 4: EXP2 vs EXP4 vs PHY,underlying_llm_pair,EXP2_underlying vs EXP4_underlying,level2,single_label,04-02,13,12,10,1,0.5454545454545454,0.9230769230769231,0.6857142857142856,
Evaluation 4: EXP2 vs EXP4 vs PHY,underlying_llm_pair,EXP2_underlying vs EXP4_underlying,level2,single_label,04-03,31,31,7,0,0.8157894736842105,1.0,0.898550724637681,
Evaluation 4: EXP2 vs EXP4 vs PHY,underlying_llm_pair,EXP2_underlying vs EXP4_underlying,level2,single_label,04-04,3,3,1,0,0.75,1.0,0.8571428571428571,
Evaluation 4: EXP2 vs EXP4 vs PHY,underlying_llm_pair,EXP2_underlying vs EXP4_underlying,level2,single_label,04-05,32,27,11,5,0.7105263157894737,0.84375,0.7714285714285714,
Evaluation 4: EXP2 vs EXP4 vs PHY,underlying_llm_pair,EXP2_underlying vs EXP4_underlying,level2,single_label,04-06,36,32,9,4,0.7804878048780488,0.8888888888888888,0.8311688311688312,
Evaluation 4: EXP2 vs EXP4 vs PHY,underlying_llm_pair,EXP2_underlying vs EXP4_underlying,level2,single_label,04-07,9,8,0,1,1.0,0.8888888888888888,0.9411764705882353,
Evaluation 4: EXP2 vs EXP4 vs PHY,underlying_llm_pair,EXP2_underlying vs EXP4_underlying,level2,single_label,04-08,42,29,6,13,0.8285714285714286,0.6904761904761905,0.7532467532467533,
Evaluation 4: EXP2 vs EXP4 vs PHY,underlying_llm_pair,EXP2_underlying vs EXP4_underlying,level2,single_label,04-09,28,20,20,8,0.5,0.7142857142857143,0.588235294117647,
Evaluation 4: EXP2 vs EXP4 vs PHY,underlying_llm_pair,EXP2_underlying vs EXP4_underlying,level2,single_label,04-99,57,32,48,25,0.4,0.5614035087719298,0.4671532846715329,
Evaluation 4: EXP2 vs EXP4 vs PHY,underlying_llm_pair,EXP2_underlying vs EXP4_underlying,level2,single_label,05-00,107,88,23,19,0.7927927927927928,0.822429906542056,0.8073394495412843,
Evaluation 4: EXP2 vs EXP4 vs PHY,underlying_llm_pair,EXP2_underlying vs EXP4_underlying,level2,single_label,05-02,2,1,0,1,1.0,0.5,0.6666666666666666,
Evaluation 4: EXP2 vs EXP4 vs PHY,underlying_llm_pair,EXP2_underlying vs EXP4_underlying,level2,single_label,05-03,62,53,15,9,0.7794117647058824,0.8548387096774194,0.8153846153846154,
Evaluation 4: EXP2 vs EXP4 vs PHY,underlying_llm_pair,EXP2_underlying vs EXP4_underlying,level2,single_label,05-04,10,7,2,3,0.7777777777777778,0.7,0.7368421052631577,
Evaluation 4: EXP2 vs EXP4 vs PHY,underlying_llm_pair,EXP2_underlying vs EXP4_underlying,level2,single_label,05-05,88,50,30,38,0.625,0.5681818181818182,0.5952380952380952,
Evaluation 4: EXP2 vs EXP4 vs PHY,underlying_llm_pair,EXP2_underlying vs EXP4_underlying,level2,single_label,05-06,122,83,20,39,0.8058252427184466,0.680327868852459,0.7377777777777776,
Evaluation 4: EXP2 vs EXP4 vs PHY,underlying_llm_pair,EXP2_underlying vs EXP4_underlying,level2,single_label,05-08,43,26,31,17,0.45614035087719296,0.6046511627906976,0.52,
Evaluation 4: EXP2 vs EXP4 vs PHY,underlying_llm_pair,EXP2_underlying vs EXP4_underlying,level2,single_label,05-09,1,1,0,0,1.0,1.0,1.0,
Evaluation 4: EXP2 vs EXP4 vs PHY,underlying_llm_pair,EXP2_underlying vs EXP4_underlying,level2,single_label,05-99,13,5,5,8,0.5,0.38461538461538464,0.4347826086956522,
Evaluation 4: EXP2 vs EXP4 vs PHY,underlying_llm_pair,EXP2_underlying vs EXP4_underlying,level2,single_label,BLANK,0,0,10,0,0.0,,,
Evaluation 4: EXP2 vs EXP4 vs PHY,underlying_llm_pair,EXP2_underlying vs EXP4_underlying,level1,single_label,00,236,133,58,103,0.6963350785340314,0.5635593220338984,0.6229508196721312,
Evaluation 4: EXP2 vs EXP4 vs PHY,underlying_llm_pair,EXP2_underlying vs EXP4_underlying,level1,single_label,01,2394,2139,147,255,0.9356955380577427,0.893483709273183,0.914102564102564,
Evaluation 4: EXP2 vs EXP4 vs PHY,underlying_llm_pair,EXP2_underlying vs EXP4_underlying,level1,single_label,02,85,74,23,11,0.7628865979381443,0.8705882352941177,0.8131868131868132,
Evaluation 4: EXP2 vs EXP4 vs PHY,underlying_llm_pair,EXP2_underlying vs EXP4_underlying,level1,single_label,03,1636,1480,246,156,0.8574739281575898,0.9046454767726161,0.8804283164782867,
Evaluation 4: EXP2 vs EXP4 vs PHY,underlying_llm_pair,EXP2_underlying vs EXP4_underlying,level1,single_label,04,346,334,61,12,0.8455696202531645,0.9653179190751445,0.9014844804318489,
Evaluation 4: EXP2 vs EXP4 vs PHY,underlying_llm_pair,EXP2_underlying vs EXP4_underlying,level1,single_label,05,448,377,63,71,0.8568181818181818,0.8415178571428571,0.8490990990990991,
Evaluation 4: EXP2 vs EXP4 vs PHY,underlying_llm_pair,EXP2_underlying vs EXP4_underlying,level1,single_label,BLANK,0,0,10,0,0.0,,,
Evaluation 4: EXP2 vs EXP4 vs PHY,contributory_llm_pair,EXP2_contrib_set vs EXP4_contrib_set,full,multi_label,00-02-00,72,7,27,65,0.20588235294117646,0.09722222222222222,0.1320754716981132,0.12201772324471886
Evaluation 4: EXP2 vs EXP4 vs PHY,contributory_llm_pair,EXP2_contrib_set vs EXP4_contrib_set,full,multi_label,00-03-00,1,0,0,1,,0.0,,0.0
Evaluation 4: EXP2 vs EXP4 vs PHY,contributory_llm_pair,EXP2_contrib_set vs EXP4_contrib_set,full,multi_label,00-04-00,10,1,1,9,0.5,0.1,0.16666666666666669,0.16597716366044063
Evaluation 4: EXP2 vs EXP4 vs PHY,contributory_llm_pair,EXP2_contrib_set vs EXP4_contrib_set,full,multi_label,01-00-00,1,0,0,1,,0.0,,0.0
Evaluation 4: EXP2 vs EXP4 vs PHY,contributory_llm_pair,EXP2_contrib_set vs EXP4_contrib_set,full,multi_label,01-01-00,491,214,362,277,0.3715277777777778,0.43584521384928715,0.401124648547329,0.3104670880221978
Evaluation 4: EXP2 vs EXP4 vs PHY,contributory_llm_pair,EXP2_contrib_set vs EXP4_contrib_set,full,multi_label,01-01-01,159,70,126,89,0.35714285714285715,0.44025157232704404,0.3943661971830987,0.36679347159160763
Evaluation 4: EXP2 vs EXP4 vs PHY,contributory_llm_pair,EXP2_contrib_set vs EXP4_contrib_set,full,multi_label,01-01-02,73,25,23,48,0.5208333333333334,0.3424657534246575,0.4132231404958678,0.40467159113595497
Evaluation 4: EXP2 vs EXP4 vs PHY,contributory_llm_pair,EXP2_contrib_set vs EXP4_contrib_set,full,multi_label,01-01-03,14,7,5,7,0.5833333333333334,0.5,0.5384615384615384,0.5369774919614204
Evaluation 4: EXP2 vs EXP4 vs PHY,contributory_llm_pair,EXP2_contrib_set vs EXP4_contrib_set,full,multi_label,01-01-04,544,212,198,332,0.5170731707317073,0.3897058823529412,0.4444444444444445,0.3715651584732365
Evaluation 4: EXP2 vs EXP4 vs PHY,contributory_llm_pair,EXP2_contrib_set vs EXP4_contrib_set,full,multi_label,01-01-05,234,95,101,139,0.4846938775510204,0.405982905982906,0.441860465116279,0.4106813996316759
Evaluation 4: EXP2 vs EXP4 vs PHY,contributory_llm_pair,EXP2_contrib_set vs EXP4_contrib_set,full,multi_label,01-01-06,133,17,51,116,0.25,0.12781954887218044,0.1691542288557214,0.15018729238815437
Evaluation 4: EXP2 vs EXP4 vs PHY,contributory_llm_pair,EXP2_contrib_set vs EXP4_contrib_set,full,multi_label,01-01-99,109,11,61,98,0.1527777777777778,0.10091743119266056,0.12154696132596686,0.10223835450695654
Evaluation 4: EXP2 vs EXP4 vs PHY,contributory_llm_pair,EXP2_contrib_set vs EXP4_contrib_set,full,multi_label,01-03-00,20,6,17,14,0.2608695652173913,0.3,0.27906976744186046,0.2752238252075819
Evaluation 4: EXP2 vs EXP4 vs PHY,contributory_llm_pair,EXP2_contrib_set vs EXP4_contrib_set,full,multi_label,01-04-00,32,3,17,29,0.15,0.09375,0.11538461538461538,0.10995085995085432
Evaluation 4: EXP2 vs EXP4 vs PHY,contributory_llm_pair,EXP2_contrib_set vs EXP4_contrib_set,full,multi_label,01-04-01,213,126,67,87,0.6528497409326425,0.5915492957746479,0.6206896551724138,0.6006313457775858
Evaluation 4: EXP2 vs EXP4 vs PHY,contributory_llm_pair,EXP2_contrib_set vs EXP4_contrib_set,full,multi_label,01-04-02,218,97,70,121,0.5808383233532934,0.44495412844036697,0.503896103896104,0.4794810166622963
Evaluation 4: EXP2 vs EXP4 vs PHY,contributory_llm_pair,EXP2_contrib_set vs EXP4_contrib_set,full,multi_label,01-04-03,47,1,19,46,0.05,0.02127659574468085,0.029850746268656716,0.023051919005163474
Evaluation 4: EXP2 vs EXP4 vs PHY,contributory_llm_pair,EXP2_contrib_set vs EXP4_contrib_set,full,multi_label,01-04-04,2,0,0,2,,0.0,,0.0
Evaluation 4: EXP2 vs EXP4 vs PHY,contributory_llm_pair,EXP2_contrib_set vs EXP4_contrib_set,full,multi_label,01-04-99,12,1,10,11,0.09090909090909091,0.08333333333333333,0.08695652173913043,0.0843498572540994
Evaluation 4: EXP2 vs EXP4 vs PHY,contributory_llm_pair,EXP2_contrib_set vs EXP4_contrib_set,full,multi_label,01-05-00,296,145,115,151,0.5576923076923077,0.48986486486486486,0.5215827338129496,0.48631333721607467
Evaluation 4: EXP2 vs EXP4 vs PHY,contributory_llm_pair,EXP2_contrib_set vs EXP4_contrib_set,full,multi_label,01-07-00,1,0,0,1,,0.0,,0.0
Evaluation 4: EXP2 vs EXP4 vs PHY,contributory_llm_pair,EXP2_contrib_set vs EXP4_contrib_set,full,multi_label,01-09-01,0,0,1,0,0.0,,,0.0
Evaluation 4: EXP2 vs EXP4 vs PHY,contributory_llm_pair,EXP2_contrib_set vs EXP4_contrib_set,full,multi_label,01-99-00,160,48,89,112,0.35036496350364965,0.3,0.3232323232323232,0.29751470098746186
Evaluation 4: EXP2 vs EXP4 vs PHY,contributory_llm_pair,EXP2_contrib_set vs EXP4_contrib_set,full,multi_label,02-00-00,3,1,2,2,0.3333333333333333,0.3333333333333333,0.3333333333333333,0.33283693224125105
Evaluation 4: EXP2 vs EXP4 vs PHY,contributory_llm_pair,EXP2_contrib_set vs EXP4_contrib_set,full,multi_label,02-03-00,3,0,0,3,,0.0,,0.0
Evaluation 4: EXP2 vs EXP4 vs PHY,contributory_llm_pair,EXP2_contrib_set vs EXP4_contrib_set,full,multi_label,02-04-00,4,0,1,4,0.0,0.0,,-0.0003969829296940928
Evaluation 4: EXP2 vs EXP4 vs PHY,contributory_llm_pair,EXP2_contrib_set vs EXP4_contrib_set,full,multi_label,02-05-00,3,0,0,3,,0.0,,0.0
Evaluation 4: EXP2 vs EXP4 vs PHY,contributory_llm_pair,EXP2_contrib_set vs EXP4_contrib_set,full,multi_label,02-06-00,0,0,1,0,0.0,,,0.0
Evaluation 4: EXP2 vs EXP4 vs PHY,contributory_llm_pair,EXP2_contrib_set vs EXP4_contrib_set,full,multi_label,02-99-00,14,5,6,9,0.45454545454545453,0.35714285714285715,0.4,0.398161047645571
Evaluation 4: EXP2 vs EXP4 vs PHY,contributory_llm_pair,EXP2_contrib_set vs EXP4_contrib_set,full,multi_label,03-01-00,14,0,21,14,0.0,0.0,,-0.004184100418400476
Evaluation 4: EXP2 vs EXP4 vs PHY,contributory_llm_pair,EXP2_contrib_set vs EXP4_contrib_set,full,multi_label,03-01-01,723,585,45,138,0.9285714285714286,0.8091286307053942,0.8647450110864745,0.8376310098153386
Evaluation 4: EXP2 vs EXP4 vs PHY,contributory_llm_pair,EXP2_contrib_set vs EXP4_contrib_set,full,multi_label,03-01-02,170,46,75,124,0.38016528925619836,0.27058823529411763,0.3161512027491409,0.29130202831371915
Evaluation 4: EXP2 vs EXP4 vs PHY,contributory_llm_pair,EXP2_contrib_set vs EXP4_contrib_set,full,multi_label,03-01-03,41,5,14,36,0.2631578947368421,0.12195121951219512,0.16666666666666666,0.16126509181984944
Evaluation 4: EXP2 vs EXP4 vs PHY,contributory_llm_pair,EXP2_contrib_set vs EXP4_contrib_set,full,multi_label,03-01-04,91,42,22,49,0.65625,0.46153846153846156,0.5419354838709677,0.5332359386413454
Evaluation 4: EXP2 vs EXP4 vs PHY,contributory_llm_pair,EXP2_contrib_set vs EXP4_contrib_set,full,multi_label,03-01-99,128,33,73,95,0.3113207547169811,0.2578125,0.282051282051282,0.2607906132141383
Evaluation 4: EXP2 vs EXP4 vs PHY,contributory_llm_pair,EXP2_contrib_set vs EXP4_contrib_set,full,multi_label,03-02-00,192,50,191,142,0.2074688796680498,0.2604166666666667,0.23094688221709012,0.18789919869933827
Evaluation 4: EXP2 vs EXP4 vs PHY,contributory_llm_pair,EXP2_contrib_set vs EXP4_contrib_set,full,multi_label,03-02-01,26,7,10,19,0.4117647058823529,0.2692307692307692,0.3255813953488372,0.3221250840618623
Evaluation 4: EXP2 vs EXP4 vs PHY,contributory_llm_pair,EXP2_contrib_set vs EXP4_contrib_set,full,multi_label,03-02-02,91,77,14,14,0.8461538461538461,0.8461538461538461,0.8461538461538461,0.8426014482852854
Evaluation 4: EXP2 vs EXP4 vs PHY,contributory_llm_pair,EXP2_contrib_set vs EXP4_contrib_set,full,multi_label,03-02-99,58,5,43,53,0.10416666666666667,0.08620689655172414,0.09433962264150944,0.08238507055074684
Evaluation 4: EXP2 vs EXP4 vs PHY,contributory_llm_pair,EXP2_contrib_set vs EXP4_contrib_set,full,multi_label,03-03-00,83,20,89,63,0.1834862385321101,0.24096385542168675,0.20833333333333334,0.18938694530784853
Evaluation 4: EXP2 vs EXP4 vs PHY,contributory_llm_pair,EXP2_contrib_set vs EXP4_contrib_set,full,multi_label,03-03-01,8,3,3,5,0.5,0.375,0.42857142857142855,0.4275979557069727
Evaluation 4: EXP2 vs EXP4 vs PHY,contributory_llm_pair,EXP2_contrib_set vs EXP4_contrib_set,full,multi_label,03-03-02,118,54,51,64,0.5142857142857142,0.4576271186440678,0.48430493273542596,0.46968969161302754
Evaluation 4: EXP2 vs EXP4 vs PHY,contributory_llm_pair,EXP2_contrib_set vs EXP4_contrib_set,full,multi_label,03-03-03,80,15,51,65,0.22727272727272727,0.1875,0.2054794520547945,0.1909664563268036
Evaluation 4: EXP2 vs EXP4 vs PHY,contributory_llm_pair,EXP2_contrib_set vs EXP4_contrib_set,full,multi_label,03-03-99,196,27,123,169,0.18,0.1377551020408163,0.1560693641618497,0.11893386975106947
Evaluation 4: EXP2 vs EXP4 vs PHY,contributory_llm_pair,EXP2_contrib_set vs EXP4_contrib_set,full,multi_label,03-04-00,16,2,10,14,0.16666666666666666,0.125,0.14285714285714288,0.13993174061432592
Evaluation 4: EXP2 vs EXP4 vs PHY,contributory_llm_pair,EXP2_contrib_set vs EXP4_contrib_set,full,multi_label,03-04-01,39,19,21,20,0.475,0.48717948717948717,0.4810126582278481,0.47587886166488896
Evaluation 4: EXP2 vs EXP4 vs PHY,contributory_llm_pair,EXP2_contrib_set vs EXP4_contrib_set,full,multi_label,03-04-02,110,75,27,35,0.7352941176470589,0.6818181818181818,0.7075471698113208,0.6996626394855983
Evaluation 4: EXP2 vs EXP4 vs PHY,contributory_llm_pair,EXP2_contrib_set vs EXP4_contrib_set,full,multi_label,03-04-99,252,117,128,135,0.4775510204081633,0.4642857142857143,0.4708249496981891,0.4360761190029474
Evaluation 4: EXP2 vs EXP4 vs PHY,contributory_llm_pair,EXP2_contrib_set vs EXP4_contrib_set,full,multi_label,03-05-01,211,167,19,44,0.8978494623655914,0.7914691943127962,0.8413098236775818,0.8331270545758409
Evaluation 4: EXP2 vs EXP4 vs PHY,contributory_llm_pair,EXP2_contrib_set vs EXP4_contrib_set,full,multi_label,03-05-99,5,1,4,4,0.2,0.2,0.20000000000000004,0.1990067047430489
Evaluation 4: EXP2 vs EXP4 vs PHY,contributory_llm_pair,EXP2_contrib_set vs EXP4_contrib_set,full,multi_label,03-06-00,15,4,10,11,0.2857142857142857,0.26666666666666666,0.2758620689655172,0.27325162220619137
Evaluation 4: EXP2 vs EXP4 vs PHY,contributory_llm_pair,EXP2_contrib_set vs EXP4_contrib_set,full,multi_label,03-06-01,10,5,3,5,0.625,0.5,0.5555555555555556,0.5545735749005846
Evaluation 4: EXP2 vs EXP4 vs PHY,contributory_llm_pair,EXP2_contrib_set vs EXP4_contrib_set,full,multi_label,03-06-02,4,2,6,2,0.25,0.5,0.3333333333333333,0.33245033112581696
Evaluation 4: EXP2 vs EXP4 vs PHY,contributory_llm_pair,EXP2_contrib_set vs EXP4_contrib_set,full,multi_label,03-06-03,4,1,0,3,1.0,0.25,0.4,0.3997618102421656
Evaluation 4: EXP2 vs EXP4 vs PHY,contributory_llm_pair,EXP2_contrib_set vs EXP4_contrib_set,full,multi_label,03-06-04,6,1,4,5,0.2,0.16666666666666666,0.1818181818181818,0.18070983473310895
Evaluation 4: EXP2 vs EXP4 vs PHY,contributory_llm_pair,EXP2_contrib_set vs EXP4_contrib_set,full,multi_label,03-06-05,1,0,0,1,,0.0,,0.0
Evaluation 4: EXP2 vs EXP4 vs PHY,contributory_llm_pair,EXP2_contrib_set vs EXP4_contrib_set,full,multi_label,03-06-06,10,1,6,9,0.14285714285714285,0.1,0.11764705882352941,0.11584117887842185
Evaluation 4: EXP2 vs EXP4 vs PHY,contributory_llm_pair,EXP2_contrib_set vs EXP4_contrib_set,full,multi_label,03-06-07,2,0,3,2,0.0,0.0,,-0.0005955926145916616
Evaluation 4: EXP2 vs EXP4 vs PHY,contributory_llm_pair,EXP2_contrib_set vs EXP4_contrib_set,full,multi_label,03-06-99,126,30,53,96,0.3614457831325301,0.23809523809523808,0.28708133971291866,0.26893590923029753
Evaluation 4: EXP2 vs EXP4 vs PHY,contributory_llm_pair,EXP2_contrib_set vs EXP4_contrib_set,full,multi_label,03-07-00,27,1,21,26,0.045454545454545456,0.037037037037037035,0.04081632653061224,0.03501374885426329
Evaluation 4: EXP2 vs EXP4 vs PHY,contributory_llm_pair,EXP2_contrib_set vs EXP4_contrib_set,full,multi_label,03-07-01,220,71,60,149,0.5419847328244275,0.32272727272727275,0.4045584045584046,0.379277426502219
Evaluation 4: EXP2 vs EXP4 vs PHY,contributory_llm_pair,EXP2_contrib_set vs EXP4_contrib_set,full,multi_label,03-07-99,104,12,49,92,0.19672131147540983,0.11538461538461539,0.14545454545454545,0.12884007159143904
Evaluation 4: EXP2 vs EXP4 vs PHY,contributory_llm_pair,EXP2_contrib_set vs EXP4_contrib_set,full,multi_label,03-08-00,786,692,216,94,0.762114537444934,0.8804071246819338,0.8170011806375442,0.768654661111062
Evaluation 4: EXP2 vs EXP4 vs PHY,contributory_llm_pair,EXP2_contrib_set vs EXP4_contrib_set,full,multi_label,03-08-01,6,0,8,6,0.0,0.0,,-0.0017035775127978384
Evaluation 4: EXP2 vs EXP4 vs PHY,contributory_llm_pair,EXP2_contrib_set vs EXP4_contrib_set,full,multi_label,03-08-99,73,5,28,68,0.15151515151515152,0.0684931506849315,0.09433962264150943,0.08401368754348418
Evaluation 4: EXP2 vs EXP4 vs PHY,contributory_llm_pair,EXP2_contrib_set vs EXP4_contrib_set,full,multi_label,03-09-00,3,0,2,3,0.0,0.0,,-0.0005955926145916616
Evaluation 4: EXP2 vs EXP4 vs PHY,contributory_llm_pair,EXP2_contrib_set vs EXP4_contrib_set,full,multi_label,03-09-01,876,565,241,311,0.7009925558312655,0.6449771689497716,0.6718192627824019,0.5855152008152394
Evaluation 4: EXP2 vs EXP4 vs PHY,contributory_llm_pair,EXP2_contrib_set vs EXP4_contrib_set,full,multi_label,03-09-99,9,0,10,9,0.0,0.0,,-0.002355157795571747
Evaluation 4: EXP2 vs EXP4 vs PHY,contributory_llm_pair,EXP2_contrib_set vs EXP4_contrib_set,full,multi_label,03-99-00,130,26,81,104,0.24299065420560748,0.2,0.21940928270042195,0.19600243165287512
Evaluation 4: EXP2 vs EXP4 vs PHY,contributory_llm_pair,EXP2_contrib_set vs EXP4_contrib_set,full,multi_label,04-00-00,4,0,0,4,,0.0,,0.0
Evaluation 4: EXP2 vs EXP4 vs PHY,contributory_llm_pair,EXP2_contrib_set vs EXP4_contrib_set,full,multi_label,04-01-00,5,1,1,4,0.5,0.2,0.28571428571428575,0.2852077719471919
Evaluation 4: EXP2 vs EXP4 vs PHY,contributory_llm_pair,EXP2_contrib_set vs EXP4_contrib_set,full,multi_label,04-02-00,14,7,3,7,0.7,0.5,0.5833333333333334,0.5821242019732992
Evaluation 4: EXP2 vs EXP4 vs PHY,contributory_llm_pair,EXP2_contrib_set vs EXP4_contrib_set,full,multi_label,04-04-00,1,0,0,1,,0.0,,0.0
Evaluation 4: EXP2 vs EXP4 vs PHY,contributory_llm_pair,EXP2_contrib_set vs EXP4_contrib_set,full,multi_label,04-05-00,8,3,5,5,0.375,0.375,0.375,0.37375745526837434
Evaluation 4: EXP2 vs EXP4 vs PHY,contributory_llm_pair,EXP2_contrib_set vs EXP4_contrib_set,full,multi_label,04-06-00,5,0,2,5,0.0,0.0,,-0.0007091192739186061
Evaluation 4: EXP2 vs EXP4 vs PHY,contributory_llm_pair,EXP2_contrib_set vs EXP4_contrib_set,full,multi_label,04-07-00,1,0,2,1,0.0,0.0,,-0.0003307972212700617
Evaluation 4: EXP2 vs EXP4 vs PHY,contributory_llm_pair,EXP2_contrib_set vs EXP4_contrib_set,full,multi_label,04-08-00,1,0,0,1,,0.0,,0.0
Evaluation 4: EXP2 vs EXP4 vs PHY,contributory_llm_pair,EXP2_contrib_set vs EXP4_contrib_set,full,multi_label,04-09-00,1,0,2,1,0.0,0.0,,-0.0003307972212700617
Evaluation 4: EXP2 vs EXP4 vs PHY,contributory_llm_pair,EXP2_contrib_set vs EXP4_contrib_set,full,multi_label,04-99-00,53,25,15,28,0.625,0.4716981132075472,0.5376344086021505,0.5323464675672165
Evaluation 4: EXP2 vs EXP4 vs PHY,contributory_llm_pair,EXP2_contrib_set vs EXP4_contrib_set,full,multi_label,05-00-00,10,3,10,7,0.23076923076923078,0.3,0.2608695652173913,0.2587914702193045
Evaluation 4: EXP2 vs EXP4 vs PHY,contributory_llm_pair,EXP2_contrib_set vs EXP4_contrib_set,full,multi_label,05-01-00,2,0,0,2,,0.0,,0.0
Evaluation 4: EXP2 vs EXP4 vs PHY,contributory_llm_pair,EXP2_contrib_set vs EXP4_contrib_set,full,multi_label,05-02-00,1,0,0,1,,0.0,,0.0
Evaluation 4: EXP2 vs EXP4 vs PHY,contributory_llm_pair,EXP2_contrib_set vs EXP4_contrib_set,full,multi_label,05-03-00,58,7,9,51,0.4375,0.1206896551724138,0.1891891891891892,0.18411396503345237
Evaluation 4: EXP2 vs EXP4 vs PHY,contributory_llm_pair,EXP2_contrib_set vs EXP4_contrib_set,full,multi_label,05-04-00,3,0,0,3,,0.0,,0.0
Evaluation 4: EXP2 vs EXP4 vs PHY,contributory_llm_pair,EXP2_contrib_set vs EXP4_contrib_set,full,multi_label,05-05-00,47,13,11,34,0.5416666666666666,0.2765957446808511,0.3661971830985916,0.36116275139428494
Evaluation 4: EXP2 vs EXP4 vs PHY,contributory_llm_pair,EXP2_contrib_set vs EXP4_contrib_set,full,multi_label,05-06-00,56,14,15,42,0.4827586206896552,0.25,0.32941176470588235,0.3229957109864753
Evaluation 4: EXP2 vs EXP4 vs PHY,contributory_llm_pair,EXP2_contrib_set vs EXP4_contrib_set,full,multi_label,05-08-00,8,0,3,8,0.0,0.0,,-0.0010834236186074329
Evaluation 4: EXP2 vs EXP4 vs PHY,contributory_llm_pair,EXP2_contrib_set vs EXP4_contrib_set,full,multi_label,05-99-00,11,1,6,10,0.14285714285714285,0.09090909090909091,0.1111111111111111,0.109220954958473
Evaluation 4: EXP2 vs EXP4 vs PHY,contributory_llm_pair,EXP2_contrib_set vs EXP4_contrib_set,full,multi_label,99-00-00,5,0,0,5,,0.0,,0.0
Evaluation 4: EXP2 vs EXP4 vs PHY,contributory_llm_pair,EXP2_contrib_set vs EXP4_contrib_set,full,multi_label,BLANK,0,0,492,0,0.0,,,0.0
Evaluation 4: EXP2 vs EXP4 vs PHY,contributory_llm_pair,EXP2_contrib_set vs EXP4_contrib_set,level2,multi_label,00-02,72,7,27,65,0.20588235294117646,0.09722222222222222,0.1320754716981132,0.12201772324471886
Evaluation 4: EXP2 vs EXP4 vs PHY,contributory_llm_pair,EXP2_contrib_set vs EXP4_contrib_set,level2,multi_label,00-03,1,0,0,1,,0.0,,0.0
Evaluation 4: EXP2 vs EXP4 vs PHY,contributory_llm_pair,EXP2_contrib_set vs EXP4_contrib_set,level2,multi_label,00-04,10,1,1,9,0.5,0.1,0.16666666666666669,0.16597716366044063
Evaluation 4: EXP2 vs EXP4 vs PHY,contributory_llm_pair,EXP2_contrib_set vs EXP4_contrib_set,level2,multi_label,01-00,1,0,0,1,,0.0,,0.0
Evaluation 4: EXP2 vs EXP4 vs PHY,contributory_llm_pair,EXP2_contrib_set vs EXP4_contrib_set,level2,multi_label,01-01,1436,867,449,569,0.6588145896656535,0.6037604456824512,0.6300872093023255,0.4389982549061629
Evaluation 4: EXP2 vs EXP4 vs PHY,contributory_llm_pair,EXP2_contrib_set vs EXP4_contrib_set,level2,multi_label,01-03,20,6,17,14,0.2608695652173913,0.3,0.27906976744186046,0.2752238252075819
Evaluation 4: EXP2 vs EXP4 vs PHY,contributory_llm_pair,EXP2_contrib_set vs EXP4_contrib_set,level2,multi_label,01-04,506,301,94,205,0.7620253164556962,0.5948616600790514,0.6681465038845726,0.6271160857779489
Evaluation 4: EXP2 vs EXP4 vs PHY,contributory_llm_pair,EXP2_contrib_set vs EXP4_contrib_set,level2,multi_label,01-05,296,145,115,151,0.5576923076923077,0.48986486486486486,0.5215827338129496,0.48631333721607467
Evaluation 4: EXP2 vs EXP4 vs PHY,contributory_llm_pair,EXP2_contrib_set vs EXP4_contrib_set,level2,multi_label,01-07,1,0,0,1,,0.0,,0.0
Evaluation 4: EXP2 vs EXP4 vs PHY,contributory_llm_pair,EXP2_contrib_set vs EXP4_contrib_set,level2,multi_label,01-09,0,0,1,0,0.0,,,0.0
Evaluation 4: EXP2 vs EXP4 vs PHY,contributory_llm_pair,EXP2_contrib_set vs EXP4_contrib_set,level2,multi_label,01-99,160,48,89,112,0.35036496350364965,0.3,0.3232323232323232,0.29751470098746186
Evaluation 4: EXP2 vs EXP4 vs PHY,contributory_llm_pair,EXP2_contrib_set vs EXP4_contrib_set,level2,multi_label,02-00,3,1,2,2,0.3333333333333333,0.3333333333333333,0.3333333333333333,0.33283693224125105
Evaluation 4: EXP2 vs EXP4 vs PHY,contributory_llm_pair,EXP2_contrib_set vs EXP4_contrib_set,level2,multi_label,02-03,3,0,0,3,,0.0,,0.0
Evaluation 4: EXP2 vs EXP4 vs PHY,contributory_llm_pair,EXP2_contrib_set vs EXP4_contrib_set,level2,multi_label,02-04,4,0,1,4,0.0,0.0,,-0.0003969829296940928
Evaluation 4: EXP2 vs EXP4 vs PHY,contributory_llm_pair,EXP2_contrib_set vs EXP4_contrib_set,level2,multi_label,02-05,3,0,0,3,,0.0,,0.0
Evaluation 4: EXP2 vs EXP4 vs PHY,contributory_llm_pair,EXP2_contrib_set vs EXP4_contrib_set,level2,multi_label,02-06,0,0,1,0,0.0,,,0.0
Evaluation 4: EXP2 vs EXP4 vs PHY,contributory_llm_pair,EXP2_contrib_set vs EXP4_contrib_set,level2,multi_label,02-99,14,5,6,9,0.45454545454545453,0.35714285714285715,0.4,0.398161047645571
Evaluation 4: EXP2 vs EXP4 vs PHY,contributory_llm_pair,EXP2_contrib_set vs EXP4_contrib_set,level2,multi_label,03-01,1024,753,119,271,0.8635321100917431,0.7353515625,0.7943037974683546,0.7316044743511316
Evaluation 4: EXP2 vs EXP4 vs PHY,contributory_llm_pair,EXP2_contrib_set vs EXP4_contrib_set,level2,multi_label,03-02,362,164,225,198,0.42159383033419023,0.4530386740331492,0.4367509986684421,0.3789912306892379
Evaluation 4: EXP2 vs EXP4 vs PHY,contributory_llm_pair,EXP2_contrib_set vs EXP4_contrib_set,level2,multi_label,03-03,462,200,217,262,0.47961630695443647,0.4329004329004329,0.45506257110352677,0.38859194256083024
Evaluation 4: EXP2 vs EXP4 vs PHY,contributory_llm_pair,EXP2_contrib_set vs EXP4_contrib_set,level2,multi_label,03-04,399,239,143,160,0.6256544502617801,0.5989974937343359,0.6120358514724712,0.5704539413449895
Evaluation 4: EXP2 vs EXP4 vs PHY,contributory_llm_pair,EXP2_contrib_set vs EXP4_contrib_set,level2,multi_label,03-05,216,171,20,45,0.8952879581151832,0.7916666666666666,0.8402948402948403,0.8318396008500417
Evaluation 4: EXP2 vs EXP4 vs PHY,contributory_llm_pair,EXP2_contrib_set vs EXP4_contrib_set,level2,multi_label,03-06,177,59,70,118,0.4573643410852713,0.3333333333333333,0.3856209150326797,0.36200705985728987
Evaluation 4: EXP2 vs EXP4 vs PHY,contributory_llm_pair,EXP2_contrib_set vs EXP4_contrib_set,level2,multi_label,03-07,347,124,89,223,0.5821596244131455,0.3573487031700288,0.44285714285714284,0.4038267416963579
Evaluation 4: EXP2 vs EXP4 vs PHY,contributory_llm_pair,EXP2_contrib_set vs EXP4_contrib_set,level2,multi_label,03-08,865,787,162,78,0.8292939936775553,0.9098265895953758,0.8676957001102535,0.8294018734624784
Evaluation 4: EXP2 vs EXP4 vs PHY,contributory_llm_pair,EXP2_contrib_set vs EXP4_contrib_set,level2,multi_label,03-09,884,570,246,314,0.6985294117647058,0.6447963800904978,0.6705882352941176,0.5827715887319947
Evaluation 4: EXP2 vs EXP4 vs PHY,contributory_llm_pair,EXP2_contrib_set vs EXP4_contrib_set,level2,multi_label,03-99,130,26,81,104,0.24299065420560748,0.2,0.21940928270042195,0.19600243165287512
Evaluation 4: EXP2 vs EXP4 vs PHY,contributory_llm_pair,EXP2_contrib_set vs EXP4_contrib_set,level2,multi_label,04-00,4,0,0,4,,0.0,,0.0
Evaluation 4: EXP2 vs EXP4 vs PHY,contributory_llm_pair,EXP2_contrib_set vs EXP4_contrib_set,level2,multi_label,04-01,5,1,1,4,0.5,0.2,0.28571428571428575,0.2852077719471919
Evaluation 4: EXP2 vs EXP4 vs PHY,contributory_llm_pair,EXP2_contrib_set vs EXP4_contrib_set,level2,multi_label,04-02,14,7,3,7,0.7,0.5,0.5833333333333334,0.5821242019732992
Evaluation 4: EXP2 vs EXP4 vs PHY,contributory_llm_pair,EXP2_contrib_set vs EXP4_contrib_set,level2,multi_label,04-04,1,0,0,1,,0.0,,0.0
Evaluation 4: EXP2 vs EXP4 vs PHY,contributory_llm_pair,EXP2_contrib_set vs EXP4_contrib_set,level2,multi_label,04-05,8,3,5,5,0.375,0.375,0.375,0.37375745526837434
Evaluation 4: EXP2 vs EXP4 vs PHY,contributory_llm_pair,EXP2_contrib_set vs EXP4_contrib_set,level2,multi_label,04-06,5,0,2,5,0.0,0.0,,-0.0007091192739186061
Evaluation 4: EXP2 vs EXP4 vs PHY,contributory_llm_pair,EXP2_contrib_set vs EXP4_contrib_set,level2,multi_label,04-07,1,0,2,1,0.0,0.0,,-0.0003307972212700617
Evaluation 4: EXP2 vs EXP4 vs PHY,contributory_llm_pair,EXP2_contrib_set vs EXP4_contrib_set,level2,multi_label,04-08,1,0,0,1,,0.0,,0.0
Evaluation 4: EXP2 vs EXP4 vs PHY,contributory_llm_pair,EXP2_contrib_set vs EXP4_contrib_set,level2,multi_label,04-09,1,0,2,1,0.0,0.0,,-0.0003307972212700617
Evaluation 4: EXP2 vs EXP4 vs PHY,contributory_llm_pair,EXP2_contrib_set vs EXP4_contrib_set,level2,multi_label,04-99,53,25,15,28,0.625,0.4716981132075472,0.5376344086021505,0.5323464675672165
Evaluation 4: EXP2 vs EXP4 vs PHY,contributory_llm_pair,EXP2_contrib_set vs EXP4_contrib_set,level2,multi_label,05-00,10,3,10,7,0.23076923076923078,0.3,0.2608695652173913,0.2587914702193045
Evaluation 4: EXP2 vs EXP4 vs PHY,contributory_llm_pair,EXP2_contrib_set vs EXP4_contrib_set,level2,multi_label,05-01,2,0,0,2,,0.0,,0.0
Evaluation 4: EXP2 vs EXP4 vs PHY,contributory_llm_pair,EXP2_contrib_set vs EXP4_contrib_set,level2,multi_label,05-02,1,0,0,1,,0.0,,0.0
Evaluation 4: EXP2 vs EXP4 vs PHY,contributory_llm_pair,EXP2_contrib_set vs EXP4_contrib_set,level2,multi_label,05-03,58,7,9,51,0.4375,0.1206896551724138,0.1891891891891892,0.18411396503345237
Evaluation 4: EXP2 vs EXP4 vs PHY,contributory_llm_pair,EXP2_contrib_set vs EXP4_contrib_set,level2,multi_label,05-04,3,0,0,3,,0.0,,0.0
Evaluation 4: EXP2 vs EXP4 vs PHY,contributory_llm_pair,EXP2_contrib_set vs EXP4_contrib_set,level2,multi_label,05-05,47,13,11,34,0.5416666666666666,0.2765957446808511,0.3661971830985916,0.36116275139428494
Evaluation 4: EXP2 vs EXP4 vs PHY,contributory_llm_pair,EXP2_contrib_set vs EXP4_contrib_set,level2,multi_label,05-06,56,14,15,42,0.4827586206896552,0.25,0.32941176470588235,0.3229957109864753
Evaluation 4: EXP2 vs EXP4 vs PHY,contributory_llm_pair,EXP2_contrib_set vs EXP4_contrib_set,level2,multi_label,05-08,8,0,3,8,0.0,0.0,,-0.0010834236186074329
Evaluation 4: EXP2 vs EXP4 vs PHY,contributory_llm_pair,EXP2_contrib_set vs EXP4_contrib_set,level2,multi_label,05-99,11,1,6,10,0.14285714285714285,0.09090909090909091,0.1111111111111111,0.109220954958473
Evaluation 4: EXP2 vs EXP4 vs PHY,contributory_llm_pair,EXP2_contrib_set vs EXP4_contrib_set,level2,multi_label,99-00,5,0,0,5,,0.0,,0.0
Evaluation 4: EXP2 vs EXP4 vs PHY,contributory_llm_pair,EXP2_contrib_set vs EXP4_contrib_set,level2,multi_label,BLANK,0,0,492,0,0.0,,,0.0
Evaluation 4: EXP2 vs EXP4 vs PHY,contributory_llm_pair,EXP2_contrib_set vs EXP4_contrib_set,level1,multi_label,00,83,8,28,75,0.2222222222222222,0.0963855421686747,0.13445378151260506,0.12353745631363239
Evaluation 4: EXP2 vs EXP4 vs PHY,contributory_llm_pair,EXP2_contrib_set vs EXP4_contrib_set,level1,multi_label,01,1968,1378,373,590,0.78697886921759,0.7002032520325203,0.7410594245764992,0.5208217327946735
Evaluation 4: EXP2 vs EXP4 vs PHY,contributory_llm_pair,EXP2_contrib_set vs EXP4_contrib_set,level1,multi_label,02,26,8,8,18,0.5,0.3076923076923077,0.380952380952381,0.37789593619445716
Evaluation 4: EXP2 vs EXP4 vs PHY,contributory_llm_pair,EXP2_contrib_set vs EXP4_contrib_set,level1,multi_label,03,2942,2472,265,470,0.9031786627694556,0.840244731475187,0.8705758055995773,0.5637532716443749
Evaluation 4: EXP2 vs EXP4 vs PHY,contributory_llm_pair,EXP2_contrib_set vs EXP4_contrib_set,level1,multi_label,04,93,45,21,48,0.6818181818181818,0.4838709677419355,0.5660377358490567,0.5575656953111581
Evaluation 4: EXP2 vs EXP4 vs PHY,contributory_llm_pair,EXP2_contrib_set vs EXP4_contrib_set,level1,multi_label,05,183,64,25,119,0.7191011235955056,0.34972677595628415,0.47058823529411764,0.45438245327168664
Evaluation 4: EXP2 vs EXP4 vs PHY,contributory_llm_pair,EXP2_contrib_set vs EXP4_contrib_set,level1,multi_label,99,5,0,0,5,,0.0,,0.0
Evaluation 4: EXP2 vs EXP4 vs PHY,contributory_llm_pair,EXP2_contrib_set vs EXP4_contrib_set,level1,multi_label,BLANK,0,0,492,0,0.0,,,0.0
